SID,SEASON,NAME,ISO_TIME,LAT,LON,USA_WIND,WMO_WIND,NEWDELHI_WIND
1990108N09087,1990,UNNAMED,1990-04-17 12:00:00,9.0,87.4,20, , 
1990108N09087,1990,UNNAMED,1990-04-17 15:00:00,9.7,86.8,23, , 
1990108N09087,1990,UNNAMED,1990-04-17 18:00:00,10.5,86.4,25, , 
1990108N09087,1990,UNNAMED,1990-04-17 21:00:00,11.5,86.3,25, , 
1990108N09087,1990,UNNAMED,1990-04-18 00:00:00,12.5,86.5,25, , 
1990108N09087,1990,UNNAMED,1990-04-18 03:00:00,13.3,87.1,25, , 
1990108N09087,1990,UNNAMED,1990-04-18 06:00:00,13.8,87.7,25, , 
1990108N09087,1990,UNNAMED,1990-04-18 09:00:00,14.2,88.0,25, , 
1990108N09087,1990,UNNAMED,1990-04-18 12:00:00,14.4,88.2,25, , 
1990124N09088,1990,UNNAMED,1990-05-03 12:00:00,9.1,88.1,20, , 
1990124N09088,1990,UNNAMED,1990-05-03 15:00:00,9.2,87.9,20, , 
1990124N09088,1990,UNNAMED,1990-05-03 18:00:00,9.2,87.7,20, , 
1990124N09088,1990,UNNAMED,1990-05-03 21:00:00,9.2,87.6,20, , 
1990124N09088,1990,UNNAMED,1990-05-04 00:00:00,9.1,87.3,20,16,16
1990124N09088,1990,UNNAMED,1990-05-04 03:00:00,8.9,87.1,20, ,21
1990124N09088,1990,UNNAMED,1990-05-04 06:00:00,8.8,86.9,20,25,25
1990124N09088,1990,UNNAMED,1990-05-04 09:00:00,9.0,86.9,23, ,25
1990124N09088,1990,UNNAMED,1990-05-04 12:00:00,9.3,86.7,25,25,25
1990124N09088,1990,UNNAMED,1990-05-04 15:00:00,9.3,86.3,25, ,25
1990124N09088,1990,UNNAMED,1990-05-04 18:00:00,9.3,86.0,25,25,25
1990124N09088,1990,UNNAMED,1990-05-04 21:00:00,9.5,85.7,28, ,28
1990124N09088,1990,UNNAMED,1990-05-05 00:00:00,9.7,85.5,30,30,30
1990124N09088,1990,UNNAMED,1990-05-05 03:00:00,9.8,85.2,33, ,33
1990124N09088,1990,UNNAMED,1990-05-05 06:00:00,9.9,84.9,35,35,35
1990124N09088,1990,UNNAMED,1990-05-05 09:00:00,9.9,84.8,35, ,40
1990124N09088,1990,UNNAMED,1990-05-05 12:00:00,10.0,84.6,35,45,45
1990124N09088,1990,UNNAMED,1990-05-05 15:00:00,10.2,84.3,38, ,50
1990124N09088,1990,UNNAMED,1990-05-05 18:00:00,10.3,84.0,40,55,55
1990124N09088,1990,UNNAMED,1990-05-05 21:00:00,10.3,83.7,43, ,55
1990124N09088,1990,UNNAMED,1990-05-06 00:00:00,10.3,83.5,45,55,55
1990124N09088,1990,UNNAMED,1990-05-06 03:00:00,10.2,83.4,48, ,66
1990124N09088,1990,UNNAMED,1990-05-06 06:00:00,10.2,83.3,50,77,77
1990124N09088,1990,UNNAMED,1990-05-06 09:00:00,10.2,83.1,53, ,77
1990124N09088,1990,UNNAMED,1990-05-06 12:00:00,10.3,83.0,55,77,77
1990124N09088,1990,UNNAMED,1990-05-06 15:00:00,10.3,82.7,58, ,77
1990124N09088,1990,UNNAMED,1990-05-06 18:00:00,10.4,82.6,60,77,77
1990124N09088,1990,UNNAMED,1990-05-06 21:00:00,10.7,82.4,65, ,84
1990124N09088,1990,UNNAMED,1990-05-07 00:00:00,11.0,82.3,70,90,90
1990124N09088,1990,UNNAMED,1990-05-07 03:00:00,11.1,82.1,78, ,103
1990124N09088,1990,UNNAMED,1990-05-07 06:00:00,11.2,82.0,85,115,115
1990124N09088,1990,UNNAMED,1990-05-07 09:00:00,11.3,81.9,90, ,115
1990124N09088,1990,UNNAMED,1990-05-07 12:00:00,11.5,81.9,95,115,115
1990124N09088,1990,UNNAMED,1990-05-07 15:00:00,11.8,81.8,100, ,109
1990124N09088,1990,UNNAMED,1990-05-07 18:00:00,12.2,81.9,105,102,102
1990124N09088,1990,UNNAMED,1990-05-07 21:00:00,12.6,81.8,110, ,115
1990124N09088,1990,UNNAMED,1990-05-08 00:00:00,13.1,81.8,115,127,127
1990124N09088,1990,UNNAMED,1990-05-08 03:00:00,13.3,81.7,120, ,127
1990124N09088,1990,UNNAMED,1990-05-08 06:00:00,13.6,81.5,125,127,127
1990124N09088,1990,UNNAMED,1990-05-08 09:00:00,13.8,81.3,125, ,127
1990124N09088,1990,UNNAMED,1990-05-08 12:00:00,14.0,81.2,125,127,127
1990124N09088,1990,UNNAMED,1990-05-08 15:00:00,14.2,81.0,120, ,115
1990124N09088,1990,UNNAMED,1990-05-08 18:00:00,14.5,81.0,115,102,102
1990124N09088,1990,UNNAMED,1990-05-08 21:00:00,14.8,81.0,115, ,96
1990124N09088,1990,UNNAMED,1990-05-09 00:00:00,15.0,81.0,115,90,90
1990124N09088,1990,UNNAMED,1990-05-09 03:00:00,15.2,81.0,113, ,90
1990124N09088,1990,UNNAMED,1990-05-09 06:00:00,15.3,81.0,110,90,90
1990124N09088,1990,UNNAMED,1990-05-09 09:00:00,15.5,81.0,105, ,90
1990124N09088,1990,UNNAMED,1990-05-09 12:00:00,15.8,81.0,100,90,90
1990124N09088,1990,UNNAMED,1990-05-09 15:00:00,15.9,80.8,95, ,78
1990124N09088,1990,UNNAMED,1990-05-09 18:00:00,16.1,80.6,90,65,65
1990124N09088,1990,UNNAMED,1990-05-09 21:00:00,16.3,80.4,80, ,65
1990124N09088,1990,UNNAMED,1990-05-10 00:00:00,16.6,80.2,70,65,65
1990124N09088,1990,UNNAMED,1990-05-10 03:00:00,16.7,79.9,65, ,57
1990124N09088,1990,UNNAMED,1990-05-10 06:00:00,17.0,79.8,60,48,48
1990124N09088,1990,UNNAMED,1990-05-10 09:00:00,17.4,79.7,55, ,38
1990124N09088,1990,UNNAMED,1990-05-10 12:00:00,18.0,79.6,50,27,27
1990124N09088,1990,UNNAMED,1990-05-10 15:00:00,18.7,79.7,45, , 
1990124N09088,1990,UNNAMED,1990-05-10 18:00:00,19.2,79.7,40, , 
1990124N09088,1990,UNNAMED,1990-05-10 21:00:00,19.8,79.7,38, , 
1990124N09088,1990,UNNAMED,1990-05-11 00:00:00,20.4,79.8,35, , 
1990124N09088,1990,UNNAMED,1990-05-11 03:00:00,20.9,79.9,33, , 
1990124N09088,1990,UNNAMED,1990-05-11 06:00:00,21.4,80.1,30, , 
1990164N21089,1990,UNNAMED,1990-06-13 06:00:00,21.0,89.0, ,16,16
1990164N21089,1990,UNNAMED,1990-06-13 09:00:00,20.9,89.0, , ,22
1990164N21089,1990,UNNAMED,1990-06-13 12:00:00,21.0,89.0, ,27,27
1990164N21089,1990,UNNAMED,1990-06-13 15:00:00,21.3,88.8, , ,27
1990164N21089,1990,UNNAMED,1990-06-13 18:00:00,21.5,88.5, ,27,27
1990164N21089,1990,UNNAMED,1990-06-13 21:00:00,21.5,88.3, , ,27
1990164N21089,1990,UNNAMED,1990-06-14 00:00:00,21.5,88.0, ,27,27
1990164N21089,1990,UNNAMED,1990-06-14 03:00:00,21.8,87.5, , ,27
1990164N21089,1990,UNNAMED,1990-06-14 06:00:00,22.0,87.0, ,27,27
1990164N21089,1990,UNNAMED,1990-06-14 09:00:00,22.0,87.0, , ,30
1990164N21089,1990,UNNAMED,1990-06-14 12:00:00,22.0,87.0, ,33,33
1990164N21089,1990,UNNAMED,1990-06-14 15:00:00,22.0,86.6, , ,30
1990164N21089,1990,UNNAMED,1990-06-14 18:00:00,22.0,86.0, ,27,27
1990164N21089,1990,UNNAMED,1990-06-14 21:00:00,22.0,85.5, , ,27
1990164N21089,1990,UNNAMED,1990-06-15 00:00:00,22.0,85.0, ,27,27
1990164N21089,1990,UNNAMED,1990-06-15 03:00:00,22.0,84.5, , ,27
1990164N21089,1990,UNNAMED,1990-06-15 06:00:00,22.0,84.0, ,27,27
1990164N21089,1990,UNNAMED,1990-06-15 09:00:00,22.0,83.3, , ,22
1990164N21089,1990,UNNAMED,1990-06-15 12:00:00,22.0,82.5, ,16,16
1990226N19088,1990,UNNAMED,1990-08-14 06:00:00,19.0,88.0, ,16,16
1990226N19088,1990,UNNAMED,1990-08-14 09:00:00,19.0,87.8, , ,22
1990226N19088,1990,UNNAMED,1990-08-14 12:00:00,19.0,87.5, ,27,27
1990226N19088,1990,UNNAMED,1990-08-14 15:00:00,19.0,87.0, , ,27
1990226N19088,1990,UNNAMED,1990-08-14 18:00:00,19.0,86.5, ,27,27
1990226N19088,1990,UNNAMED,1990-08-14 21:00:00,19.0,86.2, , ,27
1990226N19088,1990,UNNAMED,1990-08-15 00:00:00,19.0,86.0, ,27,27
1990226N19088,1990,UNNAMED,1990-08-15 03:00:00,19.2,85.6, , ,27
1990226N19088,1990,UNNAMED,1990-08-15 06:00:00,19.5,85.0, ,27,27
1990226N19088,1990,UNNAMED,1990-08-15 09:00:00,20.0,84.3, , ,27
1990226N19088,1990,UNNAMED,1990-08-15 12:00:00,20.5,83.5, ,27,27
1990226N19088,1990,UNNAMED,1990-08-15 15:00:00,21.1,83.0, , ,27
1990226N19088,1990,UNNAMED,1990-08-15 18:00:00,21.5,82.5, ,27,27
1990226N19088,1990,UNNAMED,1990-08-15 21:00:00,21.5,82.0, , ,27
1990226N19088,1990,UNNAMED,1990-08-16 00:00:00,21.5,81.5, ,27,27
1990226N19088,1990,UNNAMED,1990-08-16 03:00:00,21.7,81.0, , ,27
1990226N19088,1990,UNNAMED,1990-08-16 06:00:00,22.0,80.5, ,27,27
1990226N19088,1990,UNNAMED,1990-08-16 09:00:00,22.0,79.8, , ,27
1990226N19088,1990,UNNAMED,1990-08-16 12:00:00,22.0,79.0, ,27,27
1990226N19088,1990,UNNAMED,1990-08-16 15:00:00,22.2,78.1, , ,27
1990226N19088,1990,UNNAMED,1990-08-16 18:00:00,22.5,77.5, ,27,27
1990226N19088,1990,UNNAMED,1990-08-16 21:00:00,22.8,77.4, , ,27
1990226N19088,1990,UNNAMED,1990-08-17 00:00:00,23.0,77.5, ,27,27
1990226N19088,1990,UNNAMED,1990-08-17 03:00:00,23.1,77.3, , ,22
1990226N19088,1990,UNNAMED,1990-08-17 06:00:00,23.0,77.0, ,16,16
1990232N22089,1990,UNNAMED,1990-08-20 00:00:00,22.0,89.0, ,16,16
1990232N22089,1990,UNNAMED,1990-08-20 03:00:00,20.7,88.7, , ,22
1990232N22089,1990,UNNAMED,1990-08-20 06:00:00,20.0,88.5, ,27,27
1990232N22089,1990,UNNAMED,1990-08-20 09:00:00,20.1,88.5, , ,27
1990232N22089,1990,UNNAMED,1990-08-20 12:00:00,20.5,88.5, ,27,27
1990232N22089,1990,UNNAMED,1990-08-20 15:00:00,20.5,88.1, , ,27
1990232N22089,1990,UNNAMED,1990-08-20 18:00:00,20.5,87.5, ,27,27
1990232N22089,1990,UNNAMED,1990-08-20 21:00:00,20.5,86.7, , ,27
1990232N22089,1990,UNNAMED,1990-08-21 00:00:00,20.5,86.0, ,27,27
1990232N22089,1990,UNNAMED,1990-08-21 03:00:00,20.5,86.0, , ,27
1990232N22089,1990,UNNAMED,1990-08-21 06:00:00,20.5,86.0, ,27,27
1990232N22089,1990,UNNAMED,1990-08-21 09:00:00,20.5,85.1, , ,27
1990232N22089,1990,UNNAMED,1990-08-21 12:00:00,20.5,84.0, ,27,27
1990232N22089,1990,UNNAMED,1990-08-21 15:00:00,20.5,83.4, , ,27
1990232N22089,1990,UNNAMED,1990-08-21 18:00:00,20.5,83.0, ,27,27
1990232N22089,1990,UNNAMED,1990-08-21 21:00:00,20.7,82.5, , ,27
1990232N22089,1990,UNNAMED,1990-08-22 00:00:00,21.0,82.0, ,27,27
1990232N22089,1990,UNNAMED,1990-08-22 03:00:00,21.3,81.5, , ,27
1990232N22089,1990,UNNAMED,1990-08-22 06:00:00,21.5,81.0, ,27,27
1990232N22089,1990,UNNAMED,1990-08-22 09:00:00,21.5,80.8, , ,27
1990232N22089,1990,UNNAMED,1990-08-22 12:00:00,21.5,80.5, ,27,27
1990232N22089,1990,UNNAMED,1990-08-22 15:00:00,21.7,79.8, , ,27
1990232N22089,1990,UNNAMED,1990-08-22 18:00:00,22.0,79.0, ,27,27
1990232N22089,1990,UNNAMED,1990-08-22 21:00:00,22.3,78.1, , ,27
1990232N22089,1990,UNNAMED,1990-08-23 00:00:00,22.5,77.5, ,27,27
1990232N22089,1990,UNNAMED,1990-08-23 03:00:00,22.7,77.4, , ,27
1990232N22089,1990,UNNAMED,1990-08-23 06:00:00,23.0,77.5, ,27,27
1990232N22089,1990,UNNAMED,1990-08-23 09:00:00,23.2,77.4, , ,27
1990232N22089,1990,UNNAMED,1990-08-23 12:00:00,23.5,77.0, ,27,27
1990232N22089,1990,UNNAMED,1990-08-23 15:00:00,23.8,76.1, , ,27
1990232N22089,1990,UNNAMED,1990-08-23 18:00:00,24.0,75.0, ,27,27
1990232N22089,1990,UNNAMED,1990-08-23 21:00:00,24.0,74.2, , ,27
1990232N22089,1990,UNNAMED,1990-08-24 00:00:00,24.0,73.5, ,27,27
1990232N22089,1990,UNNAMED,1990-08-24 03:00:00,24.5,72.9, , ,27
1990232N22089,1990,UNNAMED,1990-08-24 06:00:00,25.0,72.5, ,27,27
1990232N22089,1990,UNNAMED,1990-08-24 09:00:00,25.2,72.5, , ,27
1990232N22089,1990,UNNAMED,1990-08-24 12:00:00,25.5,72.5, ,27,27
1990232N22089,1990,UNNAMED,1990-08-24 15:00:00,25.9,72.3, , ,22
1990232N22089,1990,UNNAMED,1990-08-24 18:00:00,26.5,72.0, ,16,16
1990246N23089,1990,UNNAMED,1990-09-03 00:00:00,22.5,88.5, ,16,16
1990246N23089,1990,UNNAMED,1990-09-03 03:00:00,22.5,88.4, , ,22
1990246N23089,1990,UNNAMED,1990-09-03 06:00:00,22.5,88.2, ,27,27
1990246N23089,1990,UNNAMED,1990-09-03 09:00:00,22.5,87.7, , ,27
1990246N23089,1990,UNNAMED,1990-09-03 12:00:00,22.5,87.0, ,27,27
1990246N23089,1990,UNNAMED,1990-09-03 15:00:00,22.5,86.5, , ,27
1990246N23089,1990,UNNAMED,1990-09-03 18:00:00,22.5,86.0, ,27,27
1990246N23089,1990,UNNAMED,1990-09-03 21:00:00,22.5,85.5, , ,27
1990246N23089,1990,UNNAMED,1990-09-04 00:00:00,22.5,85.0, ,27,27
1990246N23089,1990,UNNAMED,1990-09-04 03:00:00,22.5,84.7, , ,27
1990246N23089,1990,UNNAMED,1990-09-04 06:00:00,22.5,84.5, ,27,27
1990246N23089,1990,UNNAMED,1990-09-04 09:00:00,22.5,84.3, , ,27
1990246N23089,1990,UNNAMED,1990-09-04 12:00:00,22.5,84.0, ,27,27
1990246N23089,1990,UNNAMED,1990-09-04 15:00:00,22.7,83.5, , ,27
1990246N23089,1990,UNNAMED,1990-09-04 18:00:00,23.0,83.0, ,27,27
1990246N23089,1990,UNNAMED,1990-09-04 21:00:00,23.3,82.5, , ,22
1990246N23089,1990,UNNAMED,1990-09-05 00:00:00,23.5,82.0, ,16,16
1990272N11121,1990,IRA,1990-09-29 06:00:00,10.9,120.5,10, , 
1990272N11121,1990,IRA,1990-09-29 09:00:00,11.0,120.3,10, , 
1990272N11121,1990,IRA,1990-09-29 12:00:00,11.0,120.0,10, , 
1990272N11121,1990,IRA,1990-09-29 15:00:00,11.0,119.7,13, , 
1990272N11121,1990,IRA,1990-09-29 18:00:00,11.1,119.4,15, , 
1990272N11121,1990,IRA,1990-09-29 21:00:00,11.1,119.1,15, , 
1990272N11121,1990,IRA,1990-09-30 00:00:00,11.2,118.7,15, , 
1990272N11121,1990,IRA,1990-09-30 03:00:00,11.3,118.3,18, , 
1990272N11121,1990,IRA,1990-09-30 06:00:00,11.4,118.0,20, , 
1990272N11121,1990,IRA,1990-09-30 09:00:00,11.6,117.7,20, , 
1990272N11121,1990,IRA,1990-09-30 12:00:00,11.8,117.5,20, , 
1990272N11121,1990,IRA,1990-09-30 15:00:00,12.0,117.2,20, , 
1990272N11121,1990,IRA,1990-09-30 18:00:00,12.1,116.8,20, , 
1990272N11121,1990,IRA,1990-09-30 21:00:00,12.2,116.4,23, , 
1990272N11121,1990,IRA,1990-10-01 00:00:00,12.4,116.1,25, , 
1990272N11121,1990,IRA,1990-10-01 03:00:00,12.6,115.8,25, , 
1990272N11121,1990,IRA,1990-10-01 06:00:00,12.8,115.5,25, , 
1990272N11121,1990,IRA,1990-10-01 09:00:00,13.0,115.2,25, , 
1990272N11121,1990,IRA,1990-10-01 12:00:00,13.1,114.8,25, , 
1990272N11121,1990,IRA,1990-10-01 15:00:00,13.2,114.5,25, , 
1990272N11121,1990,IRA,1990-10-01 18:00:00,13.1,114.3,25, , 
1990272N11121,1990,IRA,1990-10-01 21:00:00,13.0,114.0,28, , 
1990272N11121,1990,IRA,1990-10-02 00:00:00,13.2,113.6,30, , 
1990272N11121,1990,IRA,1990-10-02 03:00:00,13.3,113.2,30, , 
1990272N11121,1990,IRA,1990-10-02 06:00:00,13.4,112.8,30, , 
1990272N11121,1990,IRA,1990-10-02 09:00:00,13.4,112.4,33, , 
1990272N11121,1990,IRA,1990-10-02 12:00:00,13.3,112.0,35,35, 
1990272N11121,1990,IRA,1990-10-02 15:00:00,13.3,111.5,35, , 
1990272N11121,1990,IRA,1990-10-02 18:00:00,13.4,110.9,35,35, 
1990272N11121,1990,IRA,1990-10-02 21:00:00,13.5,110.3,35, , 
1990272N11121,1990,IRA,1990-10-03 00:00:00,13.6,109.7,35,35, 
1990272N11121,1990,IRA,1990-10-03 03:00:00,13.6,109.0,33, , 
1990272N11121,1990,IRA,1990-10-03 06:00:00,13.8,108.3,30,35, 
1990272N11121,1990,IRA,1990-10-03 09:00:00,13.8,107.5,30, , 
1990272N11121,1990,IRA,1990-10-03 12:00:00,14.0,106.8,30, , 
1990272N11121,1990,IRA,1990-10-03 15:00:00,14.1,106.0,28, , 
1990272N11121,1990,IRA,1990-10-03 18:00:00,14.2,105.3,25, , 
1990272N11121,1990,IRA,1990-10-03 21:00:00,14.2,104.8,25, , 
1990272N11121,1990,IRA,1990-10-04 00:00:00,14.3,104.2,25, , 
1990272N11121,1990,IRA,1990-10-04 03:00:00,14.4,103.6,25, , 
1990272N11121,1990,IRA,1990-10-04 06:00:00,14.5,103.0,25, , 
1990272N11121,1990,IRA,1990-10-04 09:00:00,14.6,102.6,25, , 
1990272N11121,1990,IRA,1990-10-04 12:00:00,14.7,102.2,25, , 
1990272N11121,1990,IRA,1990-10-04 15:00:00,14.8,101.9,25, , 
1990272N11121,1990,IRA,1990-10-04 18:00:00,14.9,101.6,25, , 
1990272N11121,1990,IRA,1990-10-04 21:00:00,15.0,101.3,25, , 
1990272N11121,1990,IRA,1990-10-05 00:00:00,15.0,101.0,25, , 
1990272N11121,1990,IRA,1990-10-05 03:00:00,15.0,100.7,25, , 
1990272N11121,1990,IRA,1990-10-05 06:00:00,15.1,100.4,25, , 
1990272N11121,1990,IRA,1990-10-05 09:00:00,15.2,100.1,23, , 
1990272N11121,1990,IRA,1990-10-05 12:00:00,15.2,99.9,20, , 
1990280N18091,1990,UNNAMED,1990-10-06 12:00:00,18.0,91.0, ,16,16
1990280N18091,1990,UNNAMED,1990-10-06 15:00:00,17.8,90.6, , ,22
1990280N18091,1990,UNNAMED,1990-10-06 18:00:00,18.0,90.0, ,27,27
1990280N18091,1990,UNNAMED,1990-10-06 21:00:00,19.0,89.2, , ,30
1990280N18091,1990,UNNAMED,1990-10-07 00:00:00,20.0,88.5, ,33,33
1990280N18091,1990,UNNAMED,1990-10-07 03:00:00,20.4,88.2, , ,33
1990280N18091,1990,UNNAMED,1990-10-07 06:00:00,20.5,88.0, ,33,33
1990280N18091,1990,UNNAMED,1990-10-07 09:00:00,20.8,87.8, , ,30
1990280N18091,1990,UNNAMED,1990-10-07 12:00:00,21.0,87.5, ,27,27
1990280N18091,1990,UNNAMED,1990-10-07 15:00:00,21.0,87.2, , ,27
1990280N18091,1990,UNNAMED,1990-10-07 18:00:00,21.0,87.0, ,27,27
1990280N18091,1990,UNNAMED,1990-10-07 21:00:00,21.2,87.2, , ,27
1990280N18091,1990,UNNAMED,1990-10-08 00:00:00,21.5,87.5, ,27,27
1990280N18091,1990,UNNAMED,1990-10-08 03:00:00,21.7,87.5, , ,27
1990280N18091,1990,UNNAMED,1990-10-08 06:00:00,22.0,87.5, ,27,27
1990280N18091,1990,UNNAMED,1990-10-08 09:00:00,22.2,87.5, , ,27
1990280N18091,1990,UNNAMED,1990-10-08 12:00:00,22.5,87.5, ,27,27
1990280N18091,1990,UNNAMED,1990-10-08 15:00:00,23.0,87.7, , ,22
1990280N18091,1990,UNNAMED,1990-10-08 18:00:00,23.5,88.0, ,16,16
1990304N08092,1990,UNNAMED,1990-10-30 18:00:00,7.5,92.3,20, , 
1990304N08092,1990,UNNAMED,1990-10-30 21:00:00,7.9,91.8,23, , 
1990304N08092,1990,UNNAMED,1990-10-31 00:00:00,8.3,91.3,25, , 
1990304N08092,1990,UNNAMED,1990-10-31 03:00:00,8.9,90.9,25, , 
1990304N08092,1990,UNNAMED,1990-10-31 06:00:00,9.6,90.5,25,16,16
1990304N08092,1990,UNNAMED,1990-10-31 09:00:00,10.3,90.1,25, ,22
1990304N08092,1990,UNNAMED,1990-10-31 12:00:00,11.0,89.7,25,27,27
1990304N08092,1990,UNNAMED,1990-10-31 15:00:00,11.7,89.3,25, ,27
1990304N08092,1990,UNNAMED,1990-10-31 18:00:00,12.5,88.9,25,27,27
1990304N08092,1990,UNNAMED,1990-10-31 21:00:00,13.3,88.5,25, ,27
1990304N08092,1990,UNNAMED,1990-11-01 00:00:00,14.1,88.1,25,27,27
1990304N08092,1990,UNNAMED,1990-11-01 03:00:00,14.6,87.8,25, ,27
1990304N08092,1990,UNNAMED,1990-11-01 06:00:00,15.0,87.5,25,27,27
1990304N08092,1990,UNNAMED,1990-11-01 09:00:00,15.4,87.2,25, ,27
1990304N08092,1990,UNNAMED,1990-11-01 12:00:00,15.7,86.9,25,27,27
1990304N08092,1990,UNNAMED,1990-11-01 15:00:00,15.9,86.7,28, ,30
1990304N08092,1990,UNNAMED,1990-11-01 18:00:00,16.1,86.2,30,33,33
1990304N08092,1990,UNNAMED,1990-11-01 21:00:00,16.2,85.8,30, ,33
1990304N08092,1990,UNNAMED,1990-11-02 00:00:00,16.2,85.4,30,33,33
1990304N08092,1990,UNNAMED,1990-11-02 03:00:00,16.5,85.0,30, ,33
1990304N08092,1990,UNNAMED,1990-11-02 06:00:00,16.8,84.8,30,33,33
1990304N08092,1990,UNNAMED,1990-11-02 09:00:00,16.9,84.7,30, ,33
1990304N08092,1990,UNNAMED,1990-11-02 12:00:00,16.9,84.6,30,33,33
1990304N08092,1990,UNNAMED,1990-11-02 15:00:00,17.1,84.3,30, ,33
1990304N08092,1990,UNNAMED,1990-11-02 18:00:00,17.3,84.2,30,33,33
1990304N08092,1990,UNNAMED,1990-11-02 21:00:00,17.6,84.2,30, ,33
1990304N08092,1990,UNNAMED,1990-11-03 00:00:00,17.8,84.3,30,33,33
1990304N08092,1990,UNNAMED,1990-11-03 03:00:00,17.7,84.2,30, ,33
1990304N08092,1990,UNNAMED,1990-11-03 06:00:00,17.7,84.2,30,33,33
1990304N08092,1990,UNNAMED,1990-11-03 09:00:00,18.1,84.2,28, ,30
1990304N08092,1990,UNNAMED,1990-11-03 12:00:00,18.5,84.4,25,27,27
1990304N08092,1990,UNNAMED,1990-11-03 15:00:00,18.6,84.6,23, ,27
1990304N08092,1990,UNNAMED,1990-11-03 18:00:00,18.7,84.9,20,27,27
1990304N08092,1990,UNNAMED,1990-11-03 21:00:00,18.9,84.8,20, ,27
1990304N08092,1990,UNNAMED,1990-11-04 00:00:00,19.1,84.6,20,27,27
1990304N08092,1990,UNNAMED,1990-11-04 03:00:00,19.0,84.5, , ,27
1990304N08092,1990,UNNAMED,1990-11-04 06:00:00,19.0,84.5, ,27,27
1990304N08092,1990,UNNAMED,1990-11-04 09:00:00,19.4,84.3, , ,22
1990304N08092,1990,UNNAMED,1990-11-04 12:00:00,20.0,84.0, ,16,16
1990318N14082,1990,UNNAMED,1990-11-14 00:00:00,14.0,82.0, ,27,27
1990318N14082,1990,UNNAMED,1990-11-14 03:00:00,14.0,81.5, , ,27
1990318N14082,1990,UNNAMED,1990-11-14 06:00:00,14.0,81.0, ,27,27
1990318N14082,1990,UNNAMED,1990-11-14 09:00:00,14.0,80.7, , ,27
1990318N14082,1990,UNNAMED,1990-11-14 12:00:00,14.0,80.5, ,27,27
1990318N14082,1990,UNNAMED,1990-11-14 15:00:00,14.2,80.4, , ,27
1990318N14082,1990,UNNAMED,1990-11-14 18:00:00,14.5,80.0, ,27,27
1990318N14082,1990,UNNAMED,1990-11-14 21:00:00,14.6,78.9, , ,22
1990318N14082,1990,UNNAMED,1990-11-15 00:00:00,14.5,77.5, ,16,16
1990320N15076,1990,UNNAMED,1990-11-16 00:00:00,14.5,75.5, ,16,16
1990320N15076,1990,UNNAMED,1990-11-16 03:00:00,14.5,74.3, , ,22
1990320N15076,1990,UNNAMED,1990-11-16 06:00:00,14.5,73.5, ,27,27
1990320N15076,1990,UNNAMED,1990-11-16 09:00:00,14.5,73.4, , ,27
1990320N15076,1990,UNNAMED,1990-11-16 12:00:00,14.5,73.5, ,27,27
1990320N15076,1990,UNNAMED,1990-11-16 15:00:00,14.5,73.5, , ,27
1990320N15076,1990,UNNAMED,1990-11-16 18:00:00,14.5,73.5, ,27,27
1990320N15076,1990,UNNAMED,1990-11-16 21:00:00,14.5,73.3, , ,27
1990320N15076,1990,UNNAMED,1990-11-17 00:00:00,14.5,73.0, ,27,27
1990320N15076,1990,UNNAMED,1990-11-17 03:00:00,14.2,72.5, , ,27
1990320N15076,1990,UNNAMED,1990-11-17 06:00:00,14.0,72.0, ,27,27
1990320N15076,1990,UNNAMED,1990-11-17 09:00:00,14.3,71.9, , ,30
1990320N15076,1990,UNNAMED,1990-11-17 12:00:00,14.8,72.0, ,33,33
1990320N15076,1990,UNNAMED,1990-11-17 15:00:00,14.9,72.0, , ,33
1990320N15076,1990,UNNAMED,1990-11-17 18:00:00,15.0,72.0, ,33,33
1990320N15076,1990,UNNAMED,1990-11-17 21:00:00,15.3,72.2, , ,30
1990320N15076,1990,UNNAMED,1990-11-18 00:00:00,15.5,72.5, ,27,27
1990320N15076,1990,UNNAMED,1990-11-18 03:00:00,15.6,72.6, , ,22
1990320N15076,1990,UNNAMED,1990-11-18 06:00:00,15.5,72.5, ,16,16
1990348N04087,1990,UNNAMED,1990-12-13 18:00:00,4.1,86.9,15, , 
1990348N04087,1990,UNNAMED,1990-12-13 21:00:00,4.7,86.9,15, , 
1990348N04087,1990,UNNAMED,1990-12-14 00:00:00,5.8,87.2,15,16,16
1990348N04087,1990,UNNAMED,1990-12-14 03:00:00,6.5,87.2,15, ,16
1990348N04087,1990,UNNAMED,1990-12-14 06:00:00,7.1,87.3,15,16,16
1990348N04087,1990,UNNAMED,1990-12-14 09:00:00,7.6,87.3,18, ,22
1990348N04087,1990,UNNAMED,1990-12-14 12:00:00,8.1,87.3,20,27,27
1990348N04087,1990,UNNAMED,1990-12-14 15:00:00,8.5,87.1,20, ,27
1990348N04087,1990,UNNAMED,1990-12-14 18:00:00,8.9,87.0,20,27,27
1990348N04087,1990,UNNAMED,1990-12-14 21:00:00,9.2,86.8,23, ,30
1990348N04087,1990,UNNAMED,1990-12-15 00:00:00,9.5,86.7,25,33,33
1990348N04087,1990,UNNAMED,1990-12-15 03:00:00,9.9,86.5,25, ,33
1990348N04087,1990,UNNAMED,1990-12-15 06:00:00,10.2,86.4,25,33,33
1990348N04087,1990,UNNAMED,1990-12-15 09:00:00,10.5,86.2,28, ,33
1990348N04087,1990,UNNAMED,1990-12-15 12:00:00,10.8,86.1,30,33,33
1990348N04087,1990,UNNAMED,1990-12-15 15:00:00,11.0,85.9,33, ,34
1990348N04087,1990,UNNAMED,1990-12-15 18:00:00,11.2,85.7,35,35,35
1990348N04087,1990,UNNAMED,1990-12-15 21:00:00,11.5,85.5,38, ,35
1990348N04087,1990,UNNAMED,1990-12-16 00:00:00,11.9,85.4,40,35,35
1990348N04087,1990,UNNAMED,1990-12-16 03:00:00,12.4,85.5,40, ,35
1990348N04087,1990,UNNAMED,1990-12-16 06:00:00,12.9,85.7,40,35,35
1990348N04087,1990,UNNAMED,1990-12-16 09:00:00,13.4,85.7,40, ,40
1990348N04087,1990,UNNAMED,1990-12-16 12:00:00,13.9,85.8,40,45,45
1990348N04087,1990,UNNAMED,1990-12-16 15:00:00,14.3,85.9,43, ,45
1990348N04087,1990,UNNAMED,1990-12-16 18:00:00,14.7,86.2,45,45,45
1990348N04087,1990,UNNAMED,1990-12-16 21:00:00,15.1,86.2,45, ,45
1990348N04087,1990,UNNAMED,1990-12-17 00:00:00,15.6,86.3,45,45,45
1990348N04087,1990,UNNAMED,1990-12-17 03:00:00,16.1,86.4,45, ,50
1990348N04087,1990,UNNAMED,1990-12-17 06:00:00,16.8,86.7,45,55,55
1990348N04087,1990,UNNAMED,1990-12-17 09:00:00,17.4,87.0,45, ,55
1990348N04087,1990,UNNAMED,1990-12-17 12:00:00,18.0,87.6,45,55,55
1990348N04087,1990,UNNAMED,1990-12-17 15:00:00,18.7,88.3,45, ,55
1990348N04087,1990,UNNAMED,1990-12-17 18:00:00,19.3,89.1,45,55,55
1990348N04087,1990,UNNAMED,1990-12-17 21:00:00,19.7,89.8,45, ,50
1990348N04087,1990,UNNAMED,1990-12-18 00:00:00,20.1,90.3,45,45,45
1990348N04087,1990,UNNAMED,1990-12-18 03:00:00,20.5,90.6,40, ,40
1990348N04087,1990,UNNAMED,1990-12-18 06:00:00,20.6,90.9,35,35,35
1990348N04087,1990,UNNAMED,1990-12-18 09:00:00,20.6,91.3,35, ,31
1990348N04087,1990,UNNAMED,1990-12-18 12:00:00,20.6,91.8,35,27,27
1990348N04087,1990,UNNAMED,1990-12-18 15:00:00,21.1,92.1,33, , 
1990348N04087,1990,UNNAMED,1990-12-18 18:00:00,21.3,92.6,30, , 
1990348N04087,1990,UNNAMED,1990-12-18 21:00:00,21.5,93.1,25, , 
1990348N04087,1990,UNNAMED,1990-12-19 00:00:00,21.6,93.5,20, , 
1991015N02087,1991,UNNAMED,1991-01-14 18:00:00,2.3,86.5,20, , 
1991015N02087,1991,UNNAMED,1991-01-14 21:00:00,2.8,86.1,20, , 
1991015N02087,1991,UNNAMED,1991-01-15 00:00:00,3.3,85.6,20, , 
1991015N02087,1991,UNNAMED,1991-01-15 03:00:00,3.6,85.1,20, , 
1991015N02087,1991,UNNAMED,1991-01-15 06:00:00,3.9,84.6,20, , 
1991015N02087,1991,UNNAMED,1991-01-15 09:00:00,4.1,84.1,20, , 
1991015N02087,1991,UNNAMED,1991-01-15 12:00:00,4.3,83.6,20, , 
1991015N02087,1991,UNNAMED,1991-01-15 15:00:00,4.5,83.1,20, , 
1991015N02087,1991,UNNAMED,1991-01-15 18:00:00,4.6,82.6,20, , 
1991015N02087,1991,UNNAMED,1991-01-15 21:00:00,4.8,82.1,20, , 
1991015N02087,1991,UNNAMED,1991-01-16 00:00:00,4.9,81.5,20, , 
1991015N02087,1991,UNNAMED,1991-01-16 03:00:00,5.0,81.0,20, , 
1991015N02087,1991,UNNAMED,1991-01-16 06:00:00,5.0,80.4,20, , 
1991015N02087,1991,UNNAMED,1991-01-16 09:00:00,5.0,79.8,20, , 
1991015N02087,1991,UNNAMED,1991-01-16 12:00:00,4.9,79.3,20, , 
1991015N02087,1991,UNNAMED,1991-01-16 15:00:00,4.8,78.8,20, , 
1991015N02087,1991,UNNAMED,1991-01-16 18:00:00,4.7,78.2,20, , 
1991015N02087,1991,UNNAMED,1991-01-16 21:00:00,4.6,77.6,23, , 
1991015N02087,1991,UNNAMED,1991-01-17 00:00:00,4.4,77.1,25, , 
1991015N02087,1991,UNNAMED,1991-01-17 03:00:00,4.1,76.6,28, , 
1991015N02087,1991,UNNAMED,1991-01-17 06:00:00,3.9,76.1,30, , 
1991015N02087,1991,UNNAMED,1991-01-17 09:00:00,3.8,75.8,33, , 
1991015N02087,1991,UNNAMED,1991-01-17 12:00:00,3.7,75.5,35, , 
1991015N02087,1991,UNNAMED,1991-01-17 15:00:00,3.6,75.2,35, , 
1991015N02087,1991,UNNAMED,1991-01-17 18:00:00,3.6,75.0,35, , 
1991015N02087,1991,UNNAMED,1991-01-17 21:00:00,3.6,74.8,35, , 
1991015N02087,1991,UNNAMED,1991-01-18 00:00:00,3.6,74.5,35, , 
1991015N02087,1991,UNNAMED,1991-01-18 03:00:00,3.6,74.3,35, , 
1991015N02087,1991,UNNAMED,1991-01-18 06:00:00,3.6,74.0,35, , 
1991015N02087,1991,UNNAMED,1991-01-18 09:00:00,3.7,73.7,35, , 
1991015N02087,1991,UNNAMED,1991-01-18 12:00:00,3.9,73.3,35, , 
1991015N02087,1991,UNNAMED,1991-01-18 15:00:00,4.2,72.8,35, , 
1991015N02087,1991,UNNAMED,1991-01-18 18:00:00,4.5,72.3,35, , 
1991015N02087,1991,UNNAMED,1991-01-18 21:00:00,4.7,71.8,35, , 
1991015N02087,1991,UNNAMED,1991-01-19 00:00:00,4.9,71.2,35, , 
1991015N02087,1991,UNNAMED,1991-01-19 03:00:00,5.0,70.5,33, , 
1991015N02087,1991,UNNAMED,1991-01-19 06:00:00,5.1,69.8,30, , 
1991015N02087,1991,UNNAMED,1991-01-19 09:00:00,5.1,69.1,30, , 
1991015N02087,1991,UNNAMED,1991-01-19 12:00:00,5.1,68.4,30, , 
1991015N02087,1991,UNNAMED,1991-01-19 15:00:00,5.1,67.8,30, , 
1991015N02087,1991,UNNAMED,1991-01-19 18:00:00,5.1,67.2,30, , 
1991015N02087,1991,UNNAMED,1991-01-19 21:00:00,5.1,66.6,30, , 
1991015N02087,1991,UNNAMED,1991-01-20 00:00:00,5.1,66.0,30, , 
1991015N02087,1991,UNNAMED,1991-01-20 03:00:00,5.2,65.6,28, , 
1991015N02087,1991,UNNAMED,1991-01-20 06:00:00,5.3,65.3,25, , 
1991113N10091,1991,UNNAMED,1991-04-22 18:00:00,10.0,91.2,20, , 
1991113N10091,1991,UNNAMED,1991-04-22 21:00:00,9.8,91.1,20, , 
1991113N10091,1991,UNNAMED,1991-04-23 00:00:00,9.7,91.0,20, , 
1991113N10091,1991,UNNAMED,1991-04-23 03:00:00,9.6,90.9,20, , 
1991113N10091,1991,UNNAMED,1991-04-23 06:00:00,9.5,90.8,20, , 
1991113N10091,1991,UNNAMED,1991-04-23 09:00:00,9.4,90.7,23, , 
1991113N10091,1991,UNNAMED,1991-04-23 12:00:00,9.4,90.5,25, , 
1991113N10091,1991,UNNAMED,1991-04-23 15:00:00,9.4,90.3,25, , 
1991113N10091,1991,UNNAMED,1991-04-23 18:00:00,9.4,90.1,25, , 
1991113N10091,1991,UNNAMED,1991-04-23 21:00:00,9.4,89.9,25, , 
1991113N10091,1991,UNNAMED,1991-04-24 00:00:00,9.2,89.6,25, , 
1991113N10091,1991,UNNAMED,1991-04-24 03:00:00,9.2,89.4,28, , 
1991113N10091,1991,UNNAMED,1991-04-24 06:00:00,9.3,89.3,30, , 
1991113N10091,1991,UNNAMED,1991-04-24 09:00:00,9.4,89.2,30, , 
1991113N10091,1991,UNNAMED,1991-04-24 12:00:00,9.6,89.2,30,25,25
1991113N10091,1991,UNNAMED,1991-04-24 15:00:00,9.8,89.1,33, ,25
1991113N10091,1991,UNNAMED,1991-04-24 18:00:00,10.1,89.1,35,25,25
1991113N10091,1991,UNNAMED,1991-04-24 21:00:00,10.4,89.0,35, ,25
1991113N10091,1991,UNNAMED,1991-04-25 00:00:00,10.6,88.9,35,25,25
1991113N10091,1991,UNNAMED,1991-04-25 03:00:00,10.8,88.7,38, ,28
1991113N10091,1991,UNNAMED,1991-04-25 06:00:00,11.0,88.5,40,30,30
1991113N10091,1991,UNNAMED,1991-04-25 09:00:00,11.1,88.2,40, ,33
1991113N10091,1991,UNNAMED,1991-04-25 12:00:00,11.1,88.0,40,35,35
1991113N10091,1991,UNNAMED,1991-04-25 15:00:00,11.1,87.9,43, ,35
1991113N10091,1991,UNNAMED,1991-04-25 18:00:00,11.2,87.9,45,35,35
1991113N10091,1991,UNNAMED,1991-04-25 21:00:00,11.2,87.6,48, ,40
1991113N10091,1991,UNNAMED,1991-04-26 00:00:00,11.2,87.5,50,45,45
1991113N10091,1991,UNNAMED,1991-04-26 03:00:00,11.2,87.4,50, ,50
1991113N10091,1991,UNNAMED,1991-04-26 06:00:00,11.3,87.4,50,55,55
1991113N10091,1991,UNNAMED,1991-04-26 09:00:00,11.5,87.4,53, ,55
1991113N10091,1991,UNNAMED,1991-04-26 12:00:00,11.7,87.4,55,55,55
1991113N10091,1991,UNNAMED,1991-04-26 15:00:00,11.8,87.3,58, ,55
1991113N10091,1991,UNNAMED,1991-04-26 18:00:00,11.9,87.2,60,55,55
1991113N10091,1991,UNNAMED,1991-04-26 21:00:00,12.0,87.2,63, ,55
1991113N10091,1991,UNNAMED,1991-04-27 00:00:00,12.4,87.3,65,55,55
1991113N10091,1991,UNNAMED,1991-04-27 03:00:00,12.9,87.2,70, ,66
1991113N10091,1991,UNNAMED,1991-04-27 06:00:00,13.4,87.2,75,77,77
1991113N10091,1991,UNNAMED,1991-04-27 09:00:00,13.9,87.2,78, ,77
1991113N10091,1991,UNNAMED,1991-04-27 12:00:00,14.2,87.2,80,77,77
1991113N10091,1991,UNNAMED,1991-04-27 15:00:00,14.4,87.2,83, ,77
1991113N10091,1991,UNNAMED,1991-04-27 18:00:00,14.5,87.2,85,77,77
1991113N10091,1991,UNNAMED,1991-04-27 21:00:00,14.7,87.3,88, ,77
1991113N10091,1991,UNNAMED,1991-04-28 00:00:00,15.0,87.4,90,77,77
1991113N10091,1991,UNNAMED,1991-04-28 03:00:00,15.4,87.6,93, ,90
1991113N10091,1991,UNNAMED,1991-04-28 06:00:00,15.8,87.9,95,102,102
1991113N10091,1991,UNNAMED,1991-04-28 09:00:00,16.1,88.0,98, ,102
1991113N10091,1991,UNNAMED,1991-04-28 12:00:00,16.5,88.2,100,102,102
1991113N10091,1991,UNNAMED,1991-04-28 15:00:00,16.9,88.4,105, ,109
1991113N10091,1991,UNNAMED,1991-04-28 18:00:00,17.4,88.7,110,115,115
1991113N10091,1991,UNNAMED,1991-04-28 21:00:00,17.9,88.9,115, ,121
1991113N10091,1991,UNNAMED,1991-04-29 00:00:00,18.4,89.2,120,127,127
1991113N10091,1991,UNNAMED,1991-04-29 03:00:00,19.1,89.6,125, ,127
1991113N10091,1991,UNNAMED,1991-04-29 06:00:00,19.7,90.0,130,127,127
1991113N10091,1991,UNNAMED,1991-04-29 09:00:00,20.1,90.3,135, ,127
1991113N10091,1991,UNNAMED,1991-04-29 12:00:00,20.6,90.6,140,127,127
1991113N10091,1991,UNNAMED,1991-04-29 15:00:00,21.2,91.0,138, ,127
1991113N10091,1991,UNNAMED,1991-04-29 18:00:00,22.0,91.6,135,127,127
1991113N10091,1991,UNNAMED,1991-04-29 21:00:00,22.7,92.1,123, ,79
1991113N10091,1991,UNNAMED,1991-04-30 00:00:00,23.4,92.9,110,30,30
1991113N10091,1991,UNNAMED,1991-04-30 03:00:00,24.0,93.7,98, ,23
1991113N10091,1991,UNNAMED,1991-04-30 06:00:00,24.5,94.7,85,15,15
1991113N10091,1991,UNNAMED,1991-04-30 09:00:00,24.6,95.8,73, , 
1991113N10091,1991,UNNAMED,1991-04-30 12:00:00,25.0,97.0,60, , 
1991113N10091,1991,UNNAMED,1991-04-30 15:00:00,25.4,98.3,50, , 
1991113N10091,1991,UNNAMED,1991-04-30 18:00:00,25.7,99.7,40, , 
1991150N14091,1991,UNNAMED,1991-05-30 00:00:00,13.6,90.8,20, , 
1991150N14091,1991,UNNAMED,1991-05-30 03:00:00,13.6,90.5,20, , 
1991150N14091,1991,UNNAMED,1991-05-30 06:00:00,13.6,90.2,20, , 
1991150N14091,1991,UNNAMED,1991-05-30 09:00:00,13.6,89.9,20, , 
1991150N14091,1991,UNNAMED,1991-05-30 12:00:00,13.7,89.5,20, , 
1991150N14091,1991,UNNAMED,1991-05-30 15:00:00,13.8,89.1,23, , 
1991150N14091,1991,UNNAMED,1991-05-30 18:00:00,14.0,88.8,25, , 
1991150N14091,1991,UNNAMED,1991-05-30 21:00:00,14.3,88.6,25, , 
1991150N14091,1991,UNNAMED,1991-05-31 00:00:00,14.4,89.0,25, , 
1991150N14091,1991,UNNAMED,1991-05-31 03:00:00,14.7,89.0,25, , 
1991150N14091,1991,UNNAMED,1991-05-31 06:00:00,15.2,89.0,25,25,25
1991150N14091,1991,UNNAMED,1991-05-31 09:00:00,15.6,88.9,25, ,28
1991150N14091,1991,UNNAMED,1991-05-31 12:00:00,16.1,88.9,25,30,30
1991150N14091,1991,UNNAMED,1991-05-31 15:00:00,16.4,88.9,28, ,30
1991150N14091,1991,UNNAMED,1991-05-31 18:00:00,16.7,88.9,30,30,30
1991150N14091,1991,UNNAMED,1991-05-31 21:00:00,17.0,88.9,30, ,33
1991150N14091,1991,UNNAMED,1991-06-01 00:00:00,17.4,89.0,30,35,35
1991150N14091,1991,UNNAMED,1991-06-01 03:00:00,18.1,89.1,33, ,35
1991150N14091,1991,UNNAMED,1991-06-01 06:00:00,18.9,89.4,35,35,35
1991150N14091,1991,UNNAMED,1991-06-01 09:00:00,19.3,89.6,38, ,40
1991150N14091,1991,UNNAMED,1991-06-01 12:00:00,19.7,89.8,40,45,45
1991150N14091,1991,UNNAMED,1991-06-01 15:00:00,20.0,89.9,43, ,45
1991150N14091,1991,UNNAMED,1991-06-01 18:00:00,20.5,90.0,45,45,45
1991150N14091,1991,UNNAMED,1991-06-01 21:00:00,21.3,90.4,48, ,45
1991150N14091,1991,UNNAMED,1991-06-02 00:00:00,22.3,91.0,50,45,45
1991150N14091,1991,UNNAMED,1991-06-02 03:00:00,23.3,91.7,48, ,35
1991150N14091,1991,UNNAMED,1991-06-02 06:00:00,24.1,92.3,45,25,25
1991150N14091,1991,UNNAMED,1991-06-02 09:00:00,24.6,92.8,40, ,20
1991150N14091,1991,UNNAMED,1991-06-02 12:00:00,24.9,93.2,35,15,15
1991150N14091,1991,UNNAMED,1991-06-02 15:00:00,25.3,93.6,33, , 
1991150N14091,1991,UNNAMED,1991-06-02 18:00:00,25.7,94.5,30, , 
1991150N14091,1991,UNNAMED,1991-06-02 21:00:00,26.2,95.4,28, , 
1991150N14091,1991,UNNAMED,1991-06-03 00:00:00,26.7,96.4,25, , 
1991208N20090,1991,UNNAMED,1991-07-27 00:00:00,20.5,90.0, , , 
1991208N20090,1991,UNNAMED,1991-07-27 03:00:00,20.5,89.4, , , 
1991208N20090,1991,UNNAMED,1991-07-27 06:00:00,20.5,89.0, ,25,25
1991208N20090,1991,UNNAMED,1991-07-27 09:00:00,20.5,88.8, , ,25
1991208N20090,1991,UNNAMED,1991-07-27 12:00:00,20.5,88.8, ,25,25
1991208N20090,1991,UNNAMED,1991-07-27 15:00:00,20.5,88.7, , ,25
1991208N20090,1991,UNNAMED,1991-07-27 18:00:00,20.5,88.5, ,25,25
1991208N20090,1991,UNNAMED,1991-07-27 21:00:00,20.5,88.4, , ,25
1991208N20090,1991,UNNAMED,1991-07-28 00:00:00,20.5,88.2, ,25,25
1991208N20090,1991,UNNAMED,1991-07-28 03:00:00,20.5,88.0, , ,25
1991208N20090,1991,UNNAMED,1991-07-28 06:00:00,20.5,87.8, ,25,25
1991208N20090,1991,UNNAMED,1991-07-28 09:00:00,20.5,87.7, , ,28
1991208N20090,1991,UNNAMED,1991-07-28 12:00:00,20.5,87.5, ,30,30
1991208N20090,1991,UNNAMED,1991-07-28 15:00:00,20.7,87.3, , ,30
1991208N20090,1991,UNNAMED,1991-07-28 18:00:00,21.0,87.0, ,30,30
1991208N20090,1991,UNNAMED,1991-07-28 21:00:00,21.3,86.9, , ,30
1991208N20090,1991,UNNAMED,1991-07-29 00:00:00,21.5,86.5, ,30,30
1991208N20090,1991,UNNAMED,1991-07-29 03:00:00,21.5,85.5, , ,30
1991208N20090,1991,UNNAMED,1991-07-29 06:00:00,21.5,84.2, ,30,30
1991208N20090,1991,UNNAMED,1991-07-29 09:00:00,21.7,83.0, , ,30
1991208N20090,1991,UNNAMED,1991-07-29 12:00:00,22.0,82.0, ,30,30
1991208N20090,1991,UNNAMED,1991-07-29 15:00:00,22.1,81.4, , ,30
1991208N20090,1991,UNNAMED,1991-07-29 18:00:00,22.2,81.0, ,30,30
1991208N20090,1991,UNNAMED,1991-07-29 21:00:00,22.3,80.5, , ,30
1991208N20090,1991,UNNAMED,1991-07-30 00:00:00,22.5,80.0, ,30,30
1991208N20090,1991,UNNAMED,1991-07-30 03:00:00,22.6,79.5, , ,30
1991208N20090,1991,UNNAMED,1991-07-30 06:00:00,22.7,79.0, ,30,30
1991208N20090,1991,UNNAMED,1991-07-30 09:00:00,22.8,78.5, , ,30
1991208N20090,1991,UNNAMED,1991-07-30 12:00:00,23.0,78.0, ,30,30
1991208N20090,1991,UNNAMED,1991-07-30 15:00:00,23.5,77.7, , ,30
1991208N20090,1991,UNNAMED,1991-07-30 18:00:00,24.0,77.5, ,30,30
1991208N20090,1991,UNNAMED,1991-07-30 21:00:00,24.3,77.2, , ,28
1991208N20090,1991,UNNAMED,1991-07-31 00:00:00,24.5,77.0, ,25,25
1991208N20090,1991,UNNAMED,1991-07-31 03:00:00,24.5,76.7, , ,25
1991208N20090,1991,UNNAMED,1991-07-31 06:00:00,24.5,76.5, ,25,25
1991208N20090,1991,UNNAMED,1991-07-31 09:00:00,24.8,76.3, , ,25
1991208N20090,1991,UNNAMED,1991-07-31 12:00:00,25.2,76.3, ,25,25
1991208N20090,1991,UNNAMED,1991-07-31 15:00:00,25.6,76.5, , ,25
1991208N20090,1991,UNNAMED,1991-07-31 18:00:00,26.0,76.7, ,25,25
1991208N20090,1991,UNNAMED,1991-07-31 21:00:00,26.5,76.9, , ,20
1991208N20090,1991,UNNAMED,1991-08-01 00:00:00,27.0,77.0, ,15,15
1991234N20089,1991,UNNAMED,1991-08-21 18:00:00,20.3,88.5, , , 
1991234N20089,1991,UNNAMED,1991-08-21 21:00:00,20.5,88.4, , , 
1991234N20089,1991,UNNAMED,1991-08-22 00:00:00,20.7,88.2, ,25,25
1991234N20089,1991,UNNAMED,1991-08-22 03:00:00,20.9,87.9, , ,25
1991234N20089,1991,UNNAMED,1991-08-22 06:00:00,21.3,87.5, ,25,25
1991234N20089,1991,UNNAMED,1991-08-22 09:00:00,21.9,86.8, , ,25
1991234N20089,1991,UNNAMED,1991-08-22 12:00:00,22.5,86.0, ,25,25
1991234N20089,1991,UNNAMED,1991-08-22 15:00:00,22.6,85.0, , ,25
1991234N20089,1991,UNNAMED,1991-08-22 18:00:00,22.5,84.0, ,25,25
1991234N20089,1991,UNNAMED,1991-08-22 21:00:00,22.6,83.5, , ,25
1991234N20089,1991,UNNAMED,1991-08-23 00:00:00,22.7,83.0, ,25,25
1991234N20089,1991,UNNAMED,1991-08-23 03:00:00,22.8,82.3, , ,25
1991234N20089,1991,UNNAMED,1991-08-23 06:00:00,23.0,81.5, ,25,25
1991234N20089,1991,UNNAMED,1991-08-23 09:00:00,23.4,80.8, , ,25
1991234N20089,1991,UNNAMED,1991-08-23 12:00:00,23.8,80.2, ,25,25
1991234N20089,1991,UNNAMED,1991-08-23 15:00:00,23.9,80.0, , ,25
1991234N20089,1991,UNNAMED,1991-08-23 18:00:00,24.0,80.0, ,25,25
1991234N20089,1991,UNNAMED,1991-08-23 21:00:00,24.3,79.9, , ,25
1991234N20089,1991,UNNAMED,1991-08-24 00:00:00,24.5,79.8, ,25,25
1991234N20089,1991,UNNAMED,1991-08-24 03:00:00,24.5,79.8, , ,25
1991234N20089,1991,UNNAMED,1991-08-24 06:00:00,24.5,79.8, ,25,25
1991234N20089,1991,UNNAMED,1991-08-24 09:00:00,24.5,79.9, , ,25
1991234N20089,1991,UNNAMED,1991-08-24 12:00:00,24.5,79.8, ,25,25
1991234N20089,1991,UNNAMED,1991-08-24 15:00:00,24.7,79.2, , ,25
1991234N20089,1991,UNNAMED,1991-08-24 18:00:00,25.0,78.6, ,25,25
1991234N20089,1991,UNNAMED,1991-08-24 21:00:00,25.6,78.5, , ,25
1991234N20089,1991,UNNAMED,1991-08-25 00:00:00,26.2,78.5, ,25,25
1991234N20089,1991,UNNAMED,1991-08-25 03:00:00,26.6,78.5, , ,25
1991234N20089,1991,UNNAMED,1991-08-25 06:00:00,26.8,78.5, ,25,25
1991234N20089,1991,UNNAMED,1991-08-25 09:00:00,26.9,78.5, , ,25
1991234N20089,1991,UNNAMED,1991-08-25 12:00:00,27.0,78.5, ,25,25
1991234N20089,1991,UNNAMED,1991-08-25 15:00:00,27.3,78.5, , ,25
1991234N20089,1991,UNNAMED,1991-08-25 18:00:00,27.5,78.5, ,25,25
1991234N20089,1991,UNNAMED,1991-08-25 21:00:00,27.5,78.5, , ,25
1991234N20089,1991,UNNAMED,1991-08-26 00:00:00,27.5,78.5, ,25,25
1991234N20089,1991,UNNAMED,1991-08-26 03:00:00,27.7,78.5, , ,20
1991234N20089,1991,UNNAMED,1991-08-26 06:00:00,28.0,78.4, ,15,15
1991234N20089,1991,UNNAMED,1991-08-26 09:00:00,28.3,78.3, , ,15
1991234N20089,1991,UNNAMED,1991-08-26 12:00:00,28.5,78.2, ,15,15
1991234N20089,1991,UNNAMED,1991-08-26 15:00:00,28.6,78.2, , ,15
1991234N20089,1991,UNNAMED,1991-08-26 18:00:00,28.7,78.2, ,15,15
1991264N15084,1991,UNNAMED,1991-09-21 00:00:00,15.0,84.0, , , 
1991264N15084,1991,UNNAMED,1991-09-21 03:00:00,15.2,83.8, , , 
1991264N15084,1991,UNNAMED,1991-09-21 06:00:00,15.5,83.5, ,25,25
1991264N15084,1991,UNNAMED,1991-09-21 09:00:00,15.8,83.0, , ,25
1991264N15084,1991,UNNAMED,1991-09-21 12:00:00,16.0,82.5, ,25,25
1991264N15084,1991,UNNAMED,1991-09-21 15:00:00,16.3,82.0, , ,25
1991264N15084,1991,UNNAMED,1991-09-21 18:00:00,16.5,81.5, ,25,25
1991264N15084,1991,UNNAMED,1991-09-21 21:00:00,16.7,81.2, , ,25
1991264N15084,1991,UNNAMED,1991-09-22 00:00:00,17.0,81.0, ,25,25
1991264N15084,1991,UNNAMED,1991-09-22 03:00:00,17.5,80.8, , ,25
1991264N15084,1991,UNNAMED,1991-09-22 06:00:00,18.0,80.5, ,25,25
1991264N15084,1991,UNNAMED,1991-09-22 09:00:00,18.3,80.2, , ,20
1991264N15084,1991,UNNAMED,1991-09-22 12:00:00,18.5,80.0, ,15,15
1991264N15084,1991,UNNAMED,1991-09-22 15:00:00,18.7,79.9, , ,15
1991264N15084,1991,UNNAMED,1991-09-22 18:00:00,19.0,80.0, ,15,15
1991285N15090,1991,UNNAMED,1991-10-12 00:00:00,14.5,89.5, , , 
1991285N15090,1991,UNNAMED,1991-10-12 03:00:00,15.5,88.7, , , 
1991285N15090,1991,UNNAMED,1991-10-12 06:00:00,16.5,88.0, , , 
1991285N15090,1991,UNNAMED,1991-10-12 09:00:00,17.4,87.4, , , 
1991285N15090,1991,UNNAMED,1991-10-12 12:00:00,18.0,87.0, ,25,25
1991285N15090,1991,UNNAMED,1991-10-12 15:00:00,18.3,86.8, , ,25
1991285N15090,1991,UNNAMED,1991-10-12 18:00:00,18.5,87.0, ,25,25
1991285N15090,1991,UNNAMED,1991-10-12 21:00:00,19.0,87.4, , ,25
1991285N15090,1991,UNNAMED,1991-10-13 00:00:00,19.5,88.0, ,25,25
1991285N15090,1991,UNNAMED,1991-10-13 03:00:00,20.0,88.4, , ,25
1991285N15090,1991,UNNAMED,1991-10-13 06:00:00,20.5,88.7, ,25,25
1991285N15090,1991,UNNAMED,1991-10-13 09:00:00,20.8,89.1, , ,25
1991285N15090,1991,UNNAMED,1991-10-13 12:00:00,21.0,89.5, ,25,25
1991285N15090,1991,UNNAMED,1991-10-13 15:00:00,21.2,89.6, , ,25
1991285N15090,1991,UNNAMED,1991-10-13 18:00:00,21.5,89.7, ,25,25
1991285N15090,1991,UNNAMED,1991-10-13 21:00:00,21.8,89.9, , ,25
1991285N15090,1991,UNNAMED,1991-10-14 00:00:00,22.0,90.0, ,25,25
1991285N15090,1991,UNNAMED,1991-10-14 03:00:00,22.2,90.0, , ,20
1991285N15090,1991,UNNAMED,1991-10-14 06:00:00,22.5,90.0, ,15,15
1991301N10083,1991,UNNAMED,1991-10-28 00:00:00,10.0,83.0, , , 
1991301N10083,1991,UNNAMED,1991-10-28 03:00:00,10.3,82.5, , , 
1991301N10083,1991,UNNAMED,1991-10-28 06:00:00,10.5,82.0, ,25,25
1991301N10083,1991,UNNAMED,1991-10-28 09:00:00,10.7,81.7, , ,25
1991301N10083,1991,UNNAMED,1991-10-28 12:00:00,11.0,81.5, ,25,25
1991301N10083,1991,UNNAMED,1991-10-28 15:00:00,11.2,81.2, , ,25
1991301N10083,1991,UNNAMED,1991-10-28 18:00:00,11.5,81.0, ,25,25
1991301N10083,1991,UNNAMED,1991-10-28 21:00:00,11.7,80.8, , ,25
1991301N10083,1991,UNNAMED,1991-10-29 00:00:00,12.0,80.5, ,25,25
1991301N10083,1991,UNNAMED,1991-10-29 03:00:00,12.3,80.0, , ,25
1991301N10083,1991,UNNAMED,1991-10-29 06:00:00,12.5,79.5, ,25,25
1991301N10083,1991,UNNAMED,1991-10-29 09:00:00,12.5,79.2, , ,25
1991301N10083,1991,UNNAMED,1991-10-29 12:00:00,12.5,79.0, ,25,25
1991301N10083,1991,UNNAMED,1991-10-29 15:00:00,12.7,78.8, , ,25
1991301N10083,1991,UNNAMED,1991-10-29 18:00:00,13.0,78.5, ,25,25
1991301N10083,1991,UNNAMED,1991-10-29 21:00:00,13.0,78.2, , ,25
1991301N10083,1991,UNNAMED,1991-10-30 00:00:00,13.0,78.0, ,25,25
1991301N10083,1991,UNNAMED,1991-10-30 03:00:00,13.0,77.7, , ,25
1991301N10083,1991,UNNAMED,1991-10-30 06:00:00,13.0,77.5, ,25,25
1991301N10083,1991,UNNAMED,1991-10-30 09:00:00,13.0,77.5, , ,20
1991301N10083,1991,UNNAMED,1991-10-30 12:00:00,13.0,77.5, ,15,15
1991301N10083,1991,UNNAMED,1991-10-30 15:00:00,13.0,77.3, , ,15
1991301N10083,1991,UNNAMED,1991-10-30 18:00:00,13.0,77.0, ,15,15
1991313N10095,1991,UNNAMED,1991-11-09 06:00:00,10.0,95.0,15, , 
1991313N10095,1991,UNNAMED,1991-11-09 09:00:00,10.1,94.7,15, , 
1991313N10095,1991,UNNAMED,1991-11-09 12:00:00,10.2,94.4,15, , 
1991313N10095,1991,UNNAMED,1991-11-09 15:00:00,10.2,94.1,15, , 
1991313N10095,1991,UNNAMED,1991-11-09 18:00:00,10.3,93.8,15, , 
1991313N10095,1991,UNNAMED,1991-11-09 21:00:00,10.4,93.5,15, , 
1991313N10095,1991,UNNAMED,1991-11-10 00:00:00,10.5,93.3,15, , 
1991313N10095,1991,UNNAMED,1991-11-10 03:00:00,10.6,93.1,15, , 
1991313N10095,1991,UNNAMED,1991-11-10 06:00:00,10.6,92.8,15, , 
1991313N10095,1991,UNNAMED,1991-11-10 09:00:00,10.6,92.5,18, , 
1991313N10095,1991,UNNAMED,1991-11-10 12:00:00,10.7,92.2,20, , 
1991313N10095,1991,UNNAMED,1991-11-10 15:00:00,10.7,91.9,20, , 
1991313N10095,1991,UNNAMED,1991-11-10 18:00:00,10.8,91.6,20, , 
1991313N10095,1991,UNNAMED,1991-11-10 21:00:00,10.8,91.3,20, , 
1991313N10095,1991,UNNAMED,1991-11-11 00:00:00,10.7,91.1,20, , 
1991313N10095,1991,UNNAMED,1991-11-11 03:00:00,10.7,90.7,20, , 
1991313N10095,1991,UNNAMED,1991-11-11 06:00:00,10.8,90.2,20, , 
1991313N10095,1991,UNNAMED,1991-11-11 09:00:00,10.9,89.3,20, , 
1991313N10095,1991,UNNAMED,1991-11-11 12:00:00,11.1,88.6,20,25,25
1991313N10095,1991,UNNAMED,1991-11-11 15:00:00,11.1,88.3,20, ,25
1991313N10095,1991,UNNAMED,1991-11-11 18:00:00,11.1,88.2,20,25,25
1991313N10095,1991,UNNAMED,1991-11-11 21:00:00,11.1,87.9,23, ,25
1991313N10095,1991,UNNAMED,1991-11-12 00:00:00,11.2,87.6,25,25,25
1991313N10095,1991,UNNAMED,1991-11-12 03:00:00,11.2,87.2,25, ,25
1991313N10095,1991,UNNAMED,1991-11-12 06:00:00,11.2,86.9,25,25,25
1991313N10095,1991,UNNAMED,1991-11-12 09:00:00,11.2,86.6,25, ,25
1991313N10095,1991,UNNAMED,1991-11-12 12:00:00,11.3,86.3,25,25,25
1991313N10095,1991,UNNAMED,1991-11-12 15:00:00,11.3,85.8,25, ,25
1991313N10095,1991,UNNAMED,1991-11-12 18:00:00,11.3,85.4,25,25,25
1991313N10095,1991,UNNAMED,1991-11-12 21:00:00,11.3,85.0,25, ,25
1991313N10095,1991,UNNAMED,1991-11-13 00:00:00,11.3,84.7,25,25,25
1991313N10095,1991,UNNAMED,1991-11-13 03:00:00,11.2,84.2,25, ,28
1991313N10095,1991,UNNAMED,1991-11-13 06:00:00,11.2,83.8,25,30,30
1991313N10095,1991,UNNAMED,1991-11-13 09:00:00,11.2,83.4,28, ,33
1991313N10095,1991,UNNAMED,1991-11-13 12:00:00,11.2,83.1,30,35,35
1991313N10095,1991,UNNAMED,1991-11-13 15:00:00,11.1,82.6,30, ,35
1991313N10095,1991,UNNAMED,1991-11-13 18:00:00,11.1,82.2,30,35,35
1991313N10095,1991,UNNAMED,1991-11-13 21:00:00,11.1,81.8,33, ,35
1991313N10095,1991,UNNAMED,1991-11-14 00:00:00,11.1,81.4,35,35,35
1991313N10095,1991,UNNAMED,1991-11-14 03:00:00,10.9,81.1,35, ,40
1991313N10095,1991,UNNAMED,1991-11-14 06:00:00,10.8,81.0,35,45,45
1991313N10095,1991,UNNAMED,1991-11-14 09:00:00,10.9,80.8,35, ,45
1991313N10095,1991,UNNAMED,1991-11-14 12:00:00,11.0,80.7,35,45,45
1991313N10095,1991,UNNAMED,1991-11-14 15:00:00,11.1,80.4,38, ,45
1991313N10095,1991,UNNAMED,1991-11-14 18:00:00,11.1,80.2,40,45,45
1991313N10095,1991,UNNAMED,1991-11-14 21:00:00,11.2,79.9,40, ,40
1991313N10095,1991,UNNAMED,1991-11-15 00:00:00,11.3,79.6,40,35,35
1991313N10095,1991,UNNAMED,1991-11-15 03:00:00,11.5,79.4,38, ,33
1991313N10095,1991,UNNAMED,1991-11-15 06:00:00,11.7,79.1,35,30,30
1991313N10095,1991,UNNAMED,1991-11-15 09:00:00,11.9,78.8,30, ,28
1991313N10095,1991,UNNAMED,1991-11-15 12:00:00,12.0,78.5,25,25,25
1991313N10095,1991,UNNAMED,1991-11-15 15:00:00,12.1,78.2,23, ,20
1991313N10095,1991,UNNAMED,1991-11-15 18:00:00,12.1,77.9,20,15,15
1991313N10095,1991,UNNAMED,1991-11-15 21:00:00,12.1,77.4,20, , 
1991313N10095,1991,UNNAMED,1991-11-16 00:00:00,12.3,77.1,20, , 
1991313N10095,1991,UNNAMED,1991-11-16 03:00:00,12.4,76.8,18, , 
1991313N10095,1991,UNNAMED,1991-11-16 06:00:00,12.6,76.5,15, , 
1991313N10095,1991,UNNAMED,1991-11-16 09:00:00,12.8,76.2,15, , 
1991313N10095,1991,UNNAMED,1991-11-16 12:00:00,13.0,75.9,15, , 
1992136N10090,1992,UNNAMED,1992-05-15 00:00:00,9.6,90.3,20, , 
1992136N10090,1992,UNNAMED,1992-05-15 03:00:00,9.8,90.0,20, , 
1992136N10090,1992,UNNAMED,1992-05-15 06:00:00,10.0,89.7,20, , 
1992136N10090,1992,UNNAMED,1992-05-15 09:00:00,10.2,89.4,20, , 
1992136N10090,1992,UNNAMED,1992-05-15 12:00:00,10.5,89.2,20, , 
1992136N10090,1992,UNNAMED,1992-05-15 15:00:00,10.7,88.9,20, , 
1992136N10090,1992,UNNAMED,1992-05-15 18:00:00,10.6,88.8,20, , 
1992136N10090,1992,UNNAMED,1992-05-15 21:00:00,11.0,88.4,23, , 
1992136N10090,1992,UNNAMED,1992-05-16 00:00:00,11.4,88.0,25,25,25
1992136N10090,1992,UNNAMED,1992-05-16 03:00:00,11.7,87.6,25, ,25
1992136N10090,1992,UNNAMED,1992-05-16 06:00:00,11.9,87.5,25,25,25
1992136N10090,1992,UNNAMED,1992-05-16 09:00:00,12.1,87.3,28, ,25
1992136N10090,1992,UNNAMED,1992-05-16 12:00:00,12.4,87.3,30,25,25
1992136N10090,1992,UNNAMED,1992-05-16 15:00:00,12.5,87.3,30, ,25
1992136N10090,1992,UNNAMED,1992-05-16 18:00:00,12.7,87.3,30,25,25
1992136N10090,1992,UNNAMED,1992-05-16 21:00:00,13.2,87.3,33, ,28
1992136N10090,1992,UNNAMED,1992-05-17 00:00:00,13.8,87.4,35,30,30
1992136N10090,1992,UNNAMED,1992-05-17 03:00:00,14.1,87.6,38, ,30
1992136N10090,1992,UNNAMED,1992-05-17 06:00:00,14.3,87.8,40,30,30
1992136N10090,1992,UNNAMED,1992-05-17 09:00:00,14.4,88.1,43, ,30
1992136N10090,1992,UNNAMED,1992-05-17 12:00:00,14.5,88.3,45,30,30
1992136N10090,1992,UNNAMED,1992-05-17 15:00:00,14.6,88.4,45, ,30
1992136N10090,1992,UNNAMED,1992-05-17 18:00:00,14.8,88.6,45,30,30
1992136N10090,1992,UNNAMED,1992-05-17 21:00:00,15.0,89.0,48, ,33
1992136N10090,1992,UNNAMED,1992-05-18 00:00:00,15.4,89.6,50,35,35
1992136N10090,1992,UNNAMED,1992-05-18 03:00:00,15.8,90.2,53, ,35
1992136N10090,1992,UNNAMED,1992-05-18 06:00:00,16.2,90.7,55,35,35
1992136N10090,1992,UNNAMED,1992-05-18 09:00:00,16.4,91.0,55, ,35
1992136N10090,1992,UNNAMED,1992-05-18 12:00:00,16.7,91.3,55,35,35
1992136N10090,1992,UNNAMED,1992-05-18 15:00:00,16.9,91.7,58, ,35
1992136N10090,1992,UNNAMED,1992-05-18 18:00:00,17.3,92.3,60,35,35
1992136N10090,1992,UNNAMED,1992-05-18 21:00:00,17.9,92.9,63, ,35
1992136N10090,1992,UNNAMED,1992-05-19 00:00:00,18.5,93.6,65,35,35
1992136N10090,1992,UNNAMED,1992-05-19 03:00:00,19.0,94.1,63, ,30
1992136N10090,1992,UNNAMED,1992-05-19 06:00:00,19.4,94.6,60,25,25
1992136N10090,1992,UNNAMED,1992-05-19 09:00:00,19.9,95.2,53, , 
1992136N10090,1992,UNNAMED,1992-05-19 12:00:00,20.5,96.0,45, , 
1992136N10090,1992,UNNAMED,1992-05-19 15:00:00,21.4,97.1,40, , 
1992136N10090,1992,UNNAMED,1992-05-19 18:00:00,22.2,98.0,35, , 
1992136N10090,1992,UNNAMED,1992-05-19 21:00:00,23.0,98.9,30, , 
1992136N10090,1992,UNNAMED,1992-05-20 00:00:00,23.9,99.7,25, , 
1992155N10070,1992,UNNAMED,1992-06-03 06:00:00,9.9,70.3,20, , 
1992155N10070,1992,UNNAMED,1992-06-03 09:00:00,9.9,70.4,23, , 
1992155N10070,1992,UNNAMED,1992-06-03 12:00:00,10.0,70.4,25, , 
1992155N10070,1992,UNNAMED,1992-06-03 15:00:00,10.1,70.4,25, , 
1992155N10070,1992,UNNAMED,1992-06-03 18:00:00,10.3,70.4,25, , 
1992155N10070,1992,UNNAMED,1992-06-03 21:00:00,10.4,70.4,25, , 
1992155N10070,1992,UNNAMED,1992-06-04 00:00:00,10.5,70.3,25, , 
1992155N10070,1992,UNNAMED,1992-06-04 03:00:00,10.5,70.1,25, , 
1992155N10070,1992,UNNAMED,1992-06-04 06:00:00,10.5,69.9,25, , 
1992155N10070,1992,UNNAMED,1992-06-04 09:00:00,10.5,69.6,25, , 
1992155N10070,1992,UNNAMED,1992-06-04 12:00:00,10.4,69.2,25, , 
1992155N10070,1992,UNNAMED,1992-06-04 15:00:00,10.3,68.8,28, , 
1992155N10070,1992,UNNAMED,1992-06-04 18:00:00,10.2,68.3,30, , 
1992155N10070,1992,UNNAMED,1992-06-04 21:00:00,10.1,67.9,30, , 
1992155N10070,1992,UNNAMED,1992-06-05 00:00:00,10.1,67.4,30, , 
1992155N10070,1992,UNNAMED,1992-06-05 03:00:00,10.1,67.0,30, , 
1992155N10070,1992,UNNAMED,1992-06-05 06:00:00,10.1,66.5,30, , 
1992155N10070,1992,UNNAMED,1992-06-05 09:00:00,10.1,66.0,30, , 
1992155N10070,1992,UNNAMED,1992-06-05 12:00:00,10.1,65.6,30, , 
1992155N10070,1992,UNNAMED,1992-06-05 15:00:00,10.1,65.1,30, , 
1992155N10070,1992,UNNAMED,1992-06-05 18:00:00,10.2,64.7,30, , 
1992155N10070,1992,UNNAMED,1992-06-05 21:00:00,10.2,64.3,33, , 
1992155N10070,1992,UNNAMED,1992-06-06 00:00:00,10.3,63.9,35, , 
1992155N10070,1992,UNNAMED,1992-06-06 03:00:00,10.3,63.5,35, , 
1992155N10070,1992,UNNAMED,1992-06-06 06:00:00,10.4,63.2,35, , 
1992155N10070,1992,UNNAMED,1992-06-06 09:00:00,10.4,63.0,35, , 
1992155N10070,1992,UNNAMED,1992-06-06 12:00:00,10.5,62.8,35, , 
1992155N10070,1992,UNNAMED,1992-06-06 15:00:00,10.5,62.7,35, , 
1992155N10070,1992,UNNAMED,1992-06-06 18:00:00,10.6,62.6,35, , 
1992155N10070,1992,UNNAMED,1992-06-06 21:00:00,10.7,62.5,35, , 
1992155N10070,1992,UNNAMED,1992-06-07 00:00:00,10.8,62.5,35, , 
1992155N10070,1992,UNNAMED,1992-06-07 03:00:00,10.9,62.5,35, , 
1992155N10070,1992,UNNAMED,1992-06-07 06:00:00,10.9,62.5,35, , 
1992155N10070,1992,UNNAMED,1992-06-07 09:00:00,10.9,62.5,35, , 
1992155N10070,1992,UNNAMED,1992-06-07 12:00:00,11.0,62.6,35, , 
1992155N10070,1992,UNNAMED,1992-06-07 15:00:00,11.1,62.7,35, , 
1992155N10070,1992,UNNAMED,1992-06-07 18:00:00,11.1,62.8,35, , 
1992155N10070,1992,UNNAMED,1992-06-07 21:00:00,11.1,62.9,35, , 
1992155N10070,1992,UNNAMED,1992-06-08 00:00:00,11.2,63.0,35, , 
1992155N10070,1992,UNNAMED,1992-06-08 03:00:00,11.2,63.1,35, , 
1992155N10070,1992,UNNAMED,1992-06-08 06:00:00,11.3,63.2,35, , 
1992155N10070,1992,UNNAMED,1992-06-08 09:00:00,11.4,63.2,35, , 
1992155N10070,1992,UNNAMED,1992-06-08 12:00:00,11.5,63.2,35,25,25
1992155N10070,1992,UNNAMED,1992-06-08 15:00:00,11.6,63.1,35, ,25
1992155N10070,1992,UNNAMED,1992-06-08 18:00:00,11.6,63.0,35,25,25
1992155N10070,1992,UNNAMED,1992-06-08 21:00:00,11.6,62.9,35, ,25
1992155N10070,1992,UNNAMED,1992-06-09 00:00:00,11.7,62.8,35,25,25
1992155N10070,1992,UNNAMED,1992-06-09 03:00:00,11.8,62.6,35, ,28
1992155N10070,1992,UNNAMED,1992-06-09 06:00:00,11.8,62.4,35,30,30
1992155N10070,1992,UNNAMED,1992-06-09 09:00:00,11.8,62.2,35, ,30
1992155N10070,1992,UNNAMED,1992-06-09 12:00:00,11.9,62.0,35,30,30
1992155N10070,1992,UNNAMED,1992-06-09 15:00:00,11.9,61.8,35, ,30
1992155N10070,1992,UNNAMED,1992-06-09 18:00:00,12.0,61.3,35,30,30
1992155N10070,1992,UNNAMED,1992-06-09 21:00:00,12.1,61.0,35, ,30
1992155N10070,1992,UNNAMED,1992-06-10 00:00:00,12.3,60.7,35,30,30
1992155N10070,1992,UNNAMED,1992-06-10 03:00:00,12.4,60.3,35, ,30
1992155N10070,1992,UNNAMED,1992-06-10 06:00:00,12.4,60.1,35,30,30
1992155N10070,1992,UNNAMED,1992-06-10 09:00:00,12.5,60.1,35, ,30
1992155N10070,1992,UNNAMED,1992-06-10 12:00:00,12.6,60.1,35,30,30
1992155N10070,1992,UNNAMED,1992-06-10 15:00:00,12.8,59.7,35, ,30
1992155N10070,1992,UNNAMED,1992-06-10 18:00:00,13.0,59.2,35,30,30
1992155N10070,1992,UNNAMED,1992-06-10 21:00:00,13.1,58.9,35, ,30
1992155N10070,1992,UNNAMED,1992-06-11 00:00:00,13.3,58.6,35,30,30
1992155N10070,1992,UNNAMED,1992-06-11 03:00:00,13.3,58.0,33, ,33
1992155N10070,1992,UNNAMED,1992-06-11 06:00:00,13.4,57.4,30,35,35
1992155N10070,1992,UNNAMED,1992-06-11 09:00:00,13.6,56.9,30, ,40
1992155N10070,1992,UNNAMED,1992-06-11 12:00:00,13.8,56.5,30,45,45
1992155N10070,1992,UNNAMED,1992-06-11 15:00:00,13.8,56.1,30, ,45
1992155N10070,1992,UNNAMED,1992-06-11 18:00:00,13.9,55.8,30,45,45
1992155N10070,1992,UNNAMED,1992-06-11 21:00:00,14.0,55.5,28, ,40
1992155N10070,1992,UNNAMED,1992-06-12 00:00:00,14.1,55.0,25,35,35
1992155N10070,1992,UNNAMED,1992-06-12 03:00:00,14.1,54.2,25, ,30
1992155N10070,1992,UNNAMED,1992-06-12 06:00:00,14.0,53.2,25,25,25
1992155N10070,1992,UNNAMED,1992-06-12 09:00:00,14.0,52.7, , ,25
1992155N10070,1992,UNNAMED,1992-06-12 12:00:00,14.0,52.5, ,25,25
1992155N10070,1992,UNNAMED,1992-06-12 15:00:00,14.0,52.1, , , 
1992155N10070,1992,UNNAMED,1992-06-12 18:00:00,14.0,51.5, , , 
1992167N12088,1992,UNNAMED,1992-06-14 12:00:00,12.2,88.1,25, , 
1992167N12088,1992,UNNAMED,1992-06-14 15:00:00,12.5,88.1,25, , 
1992167N12088,1992,UNNAMED,1992-06-14 18:00:00,12.9,88.1,25, , 
1992167N12088,1992,UNNAMED,1992-06-14 21:00:00,13.3,88.2,25, , 
1992167N12088,1992,UNNAMED,1992-06-15 00:00:00,13.6,88.4,25, , 
1992167N12088,1992,UNNAMED,1992-06-15 03:00:00,14.0,88.6,25, , 
1992167N12088,1992,UNNAMED,1992-06-15 06:00:00,14.3,88.7,25, , 
1992167N12088,1992,UNNAMED,1992-06-15 09:00:00,14.6,88.9,25, , 
1992167N12088,1992,UNNAMED,1992-06-15 12:00:00,14.9,89.0,25, , 
1992167N12088,1992,UNNAMED,1992-06-15 15:00:00,15.2,89.1,25, , 
1992167N12088,1992,UNNAMED,1992-06-15 18:00:00,15.6,89.1,25, , 
1992167N12088,1992,UNNAMED,1992-06-15 21:00:00,15.9,89.1,25, , 
1992167N12088,1992,UNNAMED,1992-06-16 00:00:00,16.3,89.1,25, , 
1992167N12088,1992,UNNAMED,1992-06-16 03:00:00,16.6,89.1,25, , 
1992167N12088,1992,UNNAMED,1992-06-16 06:00:00,17.0,89.0,25, , 
1992167N12088,1992,UNNAMED,1992-06-16 09:00:00,17.4,88.9,25, , 
1992167N12088,1992,UNNAMED,1992-06-16 12:00:00,17.7,88.8,25, , 
1992167N12088,1992,UNNAMED,1992-06-16 15:00:00,18.1,88.7,28, , 
1992167N12088,1992,UNNAMED,1992-06-16 18:00:00,18.4,88.6,30, , 
1992167N12088,1992,UNNAMED,1992-06-16 21:00:00,18.7,88.5,30, , 
1992167N12088,1992,UNNAMED,1992-06-17 00:00:00,19.0,88.3,30, , 
1992167N12088,1992,UNNAMED,1992-06-17 03:00:00,19.3,88.2,30, , 
1992167N12088,1992,UNNAMED,1992-06-17 06:00:00,19.5,88.0,30, , 
1992167N12088,1992,UNNAMED,1992-06-17 09:00:00,19.8,87.8,33, , 
1992167N12088,1992,UNNAMED,1992-06-17 12:00:00,20.0,87.5,35, , 
1992167N12088,1992,UNNAMED,1992-06-17 15:00:00,20.2,87.3,40, , 
1992167N12088,1992,UNNAMED,1992-06-17 18:00:00,20.4,87.0,45, , 
1992167N12088,1992,UNNAMED,1992-06-17 21:00:00,20.5,86.7,40, , 
1992167N12088,1992,UNNAMED,1992-06-18 00:00:00,20.6,86.2,35, , 
1992167N12088,1992,UNNAMED,1992-06-18 03:00:00,20.7,85.5,30, , 
1992167N12088,1992,UNNAMED,1992-06-18 06:00:00,20.9,84.7,25, , 
1992167N12088,1992,UNNAMED,1992-06-18 09:00:00,21.1,83.8,25, , 
1992167N12088,1992,UNNAMED,1992-06-18 12:00:00,21.4,82.8,25, , 
1992188N07156,1992,ELI,1992-07-05 18:00:00,7.2,155.9,15, , 
1992188N07156,1992,ELI,1992-07-05 21:00:00,7.4,155.2,15, , 
1992188N07156,1992,ELI,1992-07-06 00:00:00,7.6,154.5,15, , 
1992188N07156,1992,ELI,1992-07-06 03:00:00,7.8,153.8,15, , 
1992188N07156,1992,ELI,1992-07-06 06:00:00,7.9,153.1,15, , 
1992188N07156,1992,ELI,1992-07-06 09:00:00,8.0,152.4,15, , 
1992188N07156,1992,ELI,1992-07-06 12:00:00,8.2,151.7,15, , 
1992188N07156,1992,ELI,1992-07-06 15:00:00,8.4,151.0,15, , 
1992188N07156,1992,ELI,1992-07-06 18:00:00,8.6,150.4,15, , 
1992188N07156,1992,ELI,1992-07-06 21:00:00,8.8,149.7,18, , 
1992188N07156,1992,ELI,1992-07-07 00:00:00,9.0,149.1,20, , 
1992188N07156,1992,ELI,1992-07-07 03:00:00,9.2,148.5,20, , 
1992188N07156,1992,ELI,1992-07-07 06:00:00,9.4,147.9,20, , 
1992188N07156,1992,ELI,1992-07-07 09:00:00,9.6,147.3,20, , 
1992188N07156,1992,ELI,1992-07-07 12:00:00,9.8,146.6,20, , 
1992188N07156,1992,ELI,1992-07-07 15:00:00,10.0,145.9,20, , 
1992188N07156,1992,ELI,1992-07-07 18:00:00,10.3,145.3,20, , 
1992188N07156,1992,ELI,1992-07-07 21:00:00,10.6,144.7,20, , 
1992188N07156,1992,ELI,1992-07-08 00:00:00,11.0,144.0,20, , 
1992188N07156,1992,ELI,1992-07-08 03:00:00,11.3,143.1,20, , 
1992188N07156,1992,ELI,1992-07-08 06:00:00,11.7,142.1,20, , 
1992188N07156,1992,ELI,1992-07-08 09:00:00,12.0,141.2,20, , 
1992188N07156,1992,ELI,1992-07-08 12:00:00,12.4,140.4,20, , 
1992188N07156,1992,ELI,1992-07-08 15:00:00,12.6,139.6,20, , 
1992188N07156,1992,ELI,1992-07-08 18:00:00,12.8,138.7,20, , 
1992188N07156,1992,ELI,1992-07-08 21:00:00,13.0,137.8,23, , 
1992188N07156,1992,ELI,1992-07-09 00:00:00,13.2,137.0,25, , 
1992188N07156,1992,ELI,1992-07-09 03:00:00,13.3,136.2,28, , 
1992188N07156,1992,ELI,1992-07-09 06:00:00,13.4,135.3,30, , 
1992188N07156,1992,ELI,1992-07-09 09:00:00,13.4,134.3,30, , 
1992188N07156,1992,ELI,1992-07-09 12:00:00,13.4,133.3,30, , 
1992188N07156,1992,ELI,1992-07-09 15:00:00,13.5,132.5,33, , 
1992188N07156,1992,ELI,1992-07-09 18:00:00,13.7,131.7,35, , 
1992188N07156,1992,ELI,1992-07-09 21:00:00,13.9,130.8,40, , 
1992188N07156,1992,ELI,1992-07-10 00:00:00,14.1,129.9,45,40, 
1992188N07156,1992,ELI,1992-07-10 03:00:00,14.4,129.0,50, , 
1992188N07156,1992,ELI,1992-07-10 06:00:00,14.7,128.2,55,50, 
1992188N07156,1992,ELI,1992-07-10 09:00:00,14.9,127.3,58, , 
1992188N07156,1992,ELI,1992-07-10 12:00:00,15.1,126.5,60,55, 
1992188N07156,1992,ELI,1992-07-10 15:00:00,15.3,125.5,63, , 
1992188N07156,1992,ELI,1992-07-10 18:00:00,15.4,124.5,65,60, 
1992188N07156,1992,ELI,1992-07-10 21:00:00,15.5,123.4,70, , 
1992188N07156,1992,ELI,1992-07-11 00:00:00,15.7,122.3,75,70, 
1992188N07156,1992,ELI,1992-07-11 03:00:00,15.9,121.4,70, , 
1992188N07156,1992,ELI,1992-07-11 06:00:00,16.2,120.5,65,60, 
1992188N07156,1992,ELI,1992-07-11 09:00:00,16.5,119.5,65, , 
1992188N07156,1992,ELI,1992-07-11 12:00:00,16.8,118.7,65,60, 
1992188N07156,1992,ELI,1992-07-11 15:00:00,16.9,117.8,65, , 
1992188N07156,1992,ELI,1992-07-11 18:00:00,17.0,117.0,65,60, 
1992188N07156,1992,ELI,1992-07-11 21:00:00,17.0,116.2,65, , 
1992188N07156,1992,ELI,1992-07-12 00:00:00,17.0,115.6,65,55, 
1992188N07156,1992,ELI,1992-07-12 03:00:00,17.1,114.9,65, , 
1992188N07156,1992,ELI,1992-07-12 06:00:00,17.3,114.3,65,55, 
1992188N07156,1992,ELI,1992-07-12 09:00:00,17.5,113.7,68, , 
1992188N07156,1992,ELI,1992-07-12 12:00:00,17.7,113.2,70,50, 
1992188N07156,1992,ELI,1992-07-12 15:00:00,18.0,112.6,70, , 
1992188N07156,1992,ELI,1992-07-12 18:00:00,18.3,112.0,70,50, 
1992188N07156,1992,ELI,1992-07-12 21:00:00,18.7,111.3,70, , 
1992188N07156,1992,ELI,1992-07-13 00:00:00,19.2,110.6,70,50, 
1992188N07156,1992,ELI,1992-07-13 03:00:00,19.5,110.0,63, , 
1992188N07156,1992,ELI,1992-07-13 06:00:00,19.9,109.3,55,45, 
1992188N07156,1992,ELI,1992-07-13 09:00:00,20.1,108.7,58, , 
1992188N07156,1992,ELI,1992-07-13 12:00:00,20.4,108.0,60,45, 
1992188N07156,1992,ELI,1992-07-13 15:00:00,20.6,107.4,58, , 
1992188N07156,1992,ELI,1992-07-13 18:00:00,20.7,106.7,55,40, 
1992188N07156,1992,ELI,1992-07-13 21:00:00,20.9,106.0,48, , 
1992188N07156,1992,ELI,1992-07-14 00:00:00,21.0,105.2,40, , 
1992188N07156,1992,ELI,1992-07-14 03:00:00,20.9,104.0, , , 
1992188N07156,1992,ELI,1992-07-14 06:00:00,21.0,103.0, , , 
1992188N07156,1992,ELI,1992-07-14 09:00:00,21.0,102.2, , , 
1992188N07156,1992,ELI,1992-07-14 12:00:00,21.0,101.5, , , 
1992188N07156,1992,ELI,1992-07-14 15:00:00,21.2,100.6, , , 
1992188N07156,1992,ELI,1992-07-14 18:00:00,21.5,99.5, , , 
1992198N13135,1992,GARY,1992-07-16 00:00:00,12.6,135.4,15, , 
1992198N13135,1992,GARY,1992-07-16 03:00:00,12.5,135.1,15, , 
1992198N13135,1992,GARY,1992-07-16 06:00:00,12.3,134.8,15, , 
1992198N13135,1992,GARY,1992-07-16 09:00:00,12.1,134.5,15, , 
1992198N13135,1992,GARY,1992-07-16 12:00:00,11.9,134.1,15, , 
1992198N13135,1992,GARY,1992-07-16 15:00:00,11.8,133.7,15, , 
1992198N13135,1992,GARY,1992-07-16 18:00:00,11.7,133.2,15, , 
1992198N13135,1992,GARY,1992-07-16 21:00:00,11.7,132.8,18, , 
1992198N13135,1992,GARY,1992-07-17 00:00:00,11.7,132.3,20, , 
1992198N13135,1992,GARY,1992-07-17 03:00:00,11.8,131.8,20, , 
1992198N13135,1992,GARY,1992-07-17 06:00:00,12.7,131.1,20, , 
1992198N13135,1992,GARY,1992-07-17 09:00:00,13.2,130.6,20, , 
1992198N13135,1992,GARY,1992-07-17 12:00:00,13.4,130.1,20, , 
1992198N13135,1992,GARY,1992-07-17 15:00:00,13.7,129.6,20, , 
1992198N13135,1992,GARY,1992-07-17 18:00:00,13.8,129.2,20, , 
1992198N13135,1992,GARY,1992-07-17 21:00:00,14.1,128.8,20, , 
1992198N13135,1992,GARY,1992-07-18 00:00:00,14.3,128.3,20, , 
1992198N13135,1992,GARY,1992-07-18 03:00:00,14.4,127.8,20, , 
1992198N13135,1992,GARY,1992-07-18 06:00:00,14.5,127.2,20, , 
1992198N13135,1992,GARY,1992-07-18 09:00:00,14.6,126.7,20, , 
1992198N13135,1992,GARY,1992-07-18 12:00:00,14.7,126.2,20, , 
1992198N13135,1992,GARY,1992-07-18 15:00:00,14.8,125.7,20, , 
1992198N13135,1992,GARY,1992-07-18 18:00:00,14.9,125.3,20, , 
1992198N13135,1992,GARY,1992-07-18 21:00:00,15.0,124.9,23, , 
1992198N13135,1992,GARY,1992-07-19 00:00:00,15.1,124.9,25, , 
1992198N13135,1992,GARY,1992-07-19 03:00:00,15.3,124.9,25, , 
1992198N13135,1992,GARY,1992-07-19 06:00:00,15.4,124.7,25, , 
1992198N13135,1992,GARY,1992-07-19 09:00:00,15.6,124.4,25, , 
1992198N13135,1992,GARY,1992-07-19 12:00:00,15.7,124.0,25, , 
1992198N13135,1992,GARY,1992-07-19 15:00:00,15.9,123.5,28, , 
1992198N13135,1992,GARY,1992-07-19 18:00:00,16.2,123.1,30, , 
1992198N13135,1992,GARY,1992-07-19 21:00:00,16.3,122.7,28, , 
1992198N13135,1992,GARY,1992-07-20 00:00:00,16.6,122.2,25, , 
1992198N13135,1992,GARY,1992-07-20 03:00:00,16.8,121.8,25, , 
1992198N13135,1992,GARY,1992-07-20 06:00:00,17.1,121.3,25, , 
1992198N13135,1992,GARY,1992-07-20 09:00:00,17.3,120.7,28, , 
1992198N13135,1992,GARY,1992-07-20 12:00:00,17.4,120.1,30, , 
1992198N13135,1992,GARY,1992-07-20 15:00:00,17.5,119.5,33, , 
1992198N13135,1992,GARY,1992-07-20 18:00:00,17.6,118.9,35, , 
1992198N13135,1992,GARY,1992-07-20 21:00:00,17.7,118.1,35, , 
1992198N13135,1992,GARY,1992-07-21 00:00:00,17.9,117.4,35,35, 
1992198N13135,1992,GARY,1992-07-21 03:00:00,18.1,116.9,38, , 
1992198N13135,1992,GARY,1992-07-21 06:00:00,18.4,116.4,40,40, 
1992198N13135,1992,GARY,1992-07-21 09:00:00,18.7,116.0,40, , 
1992198N13135,1992,GARY,1992-07-21 12:00:00,19.0,115.6,40,45, 
1992198N13135,1992,GARY,1992-07-21 15:00:00,19.3,115.1,43, , 
1992198N13135,1992,GARY,1992-07-21 18:00:00,19.5,114.7,45,45, 
1992198N13135,1992,GARY,1992-07-21 21:00:00,19.6,114.1,48, , 
1992198N13135,1992,GARY,1992-07-22 00:00:00,19.8,113.6,50,50, 
1992198N13135,1992,GARY,1992-07-22 03:00:00,19.9,113.0,55, , 
1992198N13135,1992,GARY,1992-07-22 06:00:00,20.0,112.5,60,55, 
1992198N13135,1992,GARY,1992-07-22 09:00:00,20.2,111.9,63, , 
1992198N13135,1992,GARY,1992-07-22 12:00:00,20.4,111.4,65,55, 
1992198N13135,1992,GARY,1992-07-22 15:00:00,20.7,110.8,65, , 
1992198N13135,1992,GARY,1992-07-22 18:00:00,21.1,110.4,65,50, 
1992198N13135,1992,GARY,1992-07-22 21:00:00,21.4,109.8,58, , 
1992198N13135,1992,GARY,1992-07-23 00:00:00,21.7,109.3,50,45, 
1992198N13135,1992,GARY,1992-07-23 03:00:00,22.1,108.6,43, , 
1992198N13135,1992,GARY,1992-07-23 06:00:00,22.4,108.0,35,35, 
1992198N13135,1992,GARY,1992-07-23 09:00:00,22.5,107.3,33, , 
1992198N13135,1992,GARY,1992-07-23 12:00:00,22.6,106.6,30, , 
1992198N13135,1992,GARY,1992-07-23 15:00:00,22.6,105.9,28, , 
1992198N13135,1992,GARY,1992-07-23 18:00:00,22.7,105.2,25, , 
1992198N13135,1992,GARY,1992-07-23 21:00:00,22.7,104.6,23, , 
1992198N13135,1992,GARY,1992-07-24 00:00:00,22.6,103.8,20, , 
1992198N13135,1992,GARY,1992-07-24 03:00:00,22.2,102.9, , , 
1992198N13135,1992,GARY,1992-07-24 06:00:00,22.2,102.2, , , 
1992198N13135,1992,GARY,1992-07-24 09:00:00,22.1,101.5, , , 
1992198N13135,1992,GARY,1992-07-24 12:00:00,22.0,100.8, , , 
1992198N13135,1992,GARY,1992-07-24 15:00:00,22.0,100.1, , , 
1992198N13135,1992,GARY,1992-07-24 18:00:00,22.0,99.5, , , 
1992207N18090,1992,UNNAMED,1992-07-24 18:00:00,18.1,89.7,20, , 
1992207N18090,1992,UNNAMED,1992-07-24 21:00:00,18.1,89.4,20, , 
1992207N18090,1992,UNNAMED,1992-07-25 00:00:00,18.1,89.1,20, , 
1992207N18090,1992,UNNAMED,1992-07-25 03:00:00,18.1,88.8,23, , 
1992207N18090,1992,UNNAMED,1992-07-25 06:00:00,18.1,88.5,25, , 
1992207N18090,1992,UNNAMED,1992-07-25 09:00:00,18.1,88.1,25, , 
1992207N18090,1992,UNNAMED,1992-07-25 12:00:00,18.2,87.9,25, , 
1992207N18090,1992,UNNAMED,1992-07-25 15:00:00,18.4,87.9,25, , 
1992207N18090,1992,UNNAMED,1992-07-25 18:00:00,18.7,88.0,25, , 
1992207N18090,1992,UNNAMED,1992-07-25 21:00:00,19.0,88.0,25, , 
1992207N18090,1992,UNNAMED,1992-07-26 00:00:00,19.2,87.9,25, , 
1992207N18090,1992,UNNAMED,1992-07-26 03:00:00,19.4,87.8,28, , 
1992207N18090,1992,UNNAMED,1992-07-26 06:00:00,19.6,87.6,30, , 
1992207N18090,1992,UNNAMED,1992-07-26 09:00:00,19.8,87.4,33, , 
1992207N18090,1992,UNNAMED,1992-07-26 12:00:00,20.0,87.1,35, , 
1992207N18090,1992,UNNAMED,1992-07-26 15:00:00,20.2,86.8,38, , 
1992207N18090,1992,UNNAMED,1992-07-26 18:00:00,20.3,86.4,40, , 
1992207N18090,1992,UNNAMED,1992-07-26 21:00:00,20.4,85.9,38, , 
1992207N18090,1992,UNNAMED,1992-07-27 00:00:00,20.5,85.4,35, , 
1992207N18090,1992,UNNAMED,1992-07-27 03:00:00,20.6,84.9,33, , 
1992207N18090,1992,UNNAMED,1992-07-27 06:00:00,20.8,84.4,30, , 
1992207N18090,1992,UNNAMED,1992-07-27 09:00:00,21.0,83.9,28, , 
1992207N18090,1992,UNNAMED,1992-07-27 12:00:00,21.2,83.4,25, , 
1992207N18090,1992,UNNAMED,1992-07-27 15:00:00,21.5,83.0,23, , 
1992207N18090,1992,UNNAMED,1992-07-27 18:00:00,21.9,82.6,20, , 
1992207N18090,1992,UNNAMED,1992-07-27 21:00:00,22.3,82.2,20, , 
1992207N18090,1992,UNNAMED,1992-07-28 00:00:00,22.8,81.9,20, , 
1992265N18099,1992,UNNAMED,1992-09-21 00:00:00,18.1,98.9,20, , 
1992265N18099,1992,UNNAMED,1992-09-21 03:00:00,18.1,98.1,20, , 
1992265N18099,1992,UNNAMED,1992-09-21 06:00:00,18.1,97.2,20, , 
1992265N18099,1992,UNNAMED,1992-09-21 09:00:00,18.1,96.3,20, , 
1992265N18099,1992,UNNAMED,1992-09-21 12:00:00,18.2,95.5,20, , 
1992265N18099,1992,UNNAMED,1992-09-21 15:00:00,18.3,94.8,23, , 
1992265N18099,1992,UNNAMED,1992-09-21 18:00:00,18.4,94.2,25, , 
1992265N18099,1992,UNNAMED,1992-09-21 21:00:00,18.5,93.6,28, , 
1992265N18099,1992,UNNAMED,1992-09-22 00:00:00,18.6,93.0,30, , 
1992265N18099,1992,UNNAMED,1992-09-22 03:00:00,18.9,92.4,30, , 
1992265N18099,1992,UNNAMED,1992-09-22 06:00:00,19.3,92.0,30, , 
1992265N18099,1992,UNNAMED,1992-09-22 09:00:00,19.6,91.7,30, , 
1992265N18099,1992,UNNAMED,1992-09-22 12:00:00,20.0,91.5,30, , 
1992265N18099,1992,UNNAMED,1992-09-22 15:00:00,20.4,91.3,30, , 
1992265N18099,1992,UNNAMED,1992-09-22 18:00:00,20.7,91.1,30, , 
1992265N18099,1992,UNNAMED,1992-09-22 21:00:00,20.9,90.8,30, , 
1992265N18099,1992,UNNAMED,1992-09-23 00:00:00,21.1,90.5,30, , 
1992265N18099,1992,UNNAMED,1992-09-23 03:00:00,21.2,90.3,30, , 
1992265N18099,1992,UNNAMED,1992-09-23 06:00:00,21.2,90.2,30, , 
1992265N18099,1992,UNNAMED,1992-09-23 09:00:00,21.2,90.1,30, , 
1992265N18099,1992,UNNAMED,1992-09-23 12:00:00,21.3,90.0,30, , 
1992265N18099,1992,UNNAMED,1992-09-23 15:00:00,21.4,89.9,30, , 
1992265N18099,1992,UNNAMED,1992-09-23 18:00:00,21.5,89.7,30, , 
1992265N18099,1992,UNNAMED,1992-09-23 21:00:00,21.6,89.6,28, , 
1992265N18099,1992,UNNAMED,1992-09-24 00:00:00,21.6,89.4,25, , 
1992265N18099,1992,UNNAMED,1992-09-24 03:00:00,21.7,89.2,25, , 
1992265N18099,1992,UNNAMED,1992-09-24 06:00:00,21.7,89.0,25, , 
1992265N18099,1992,UNNAMED,1992-09-24 09:00:00,21.7,88.8,25, , 
1992265N18099,1992,UNNAMED,1992-09-24 12:00:00,21.7,88.6,25, , 
1992265N18099,1992,UNNAMED,1992-09-24 15:00:00,21.7,88.4,25, , 
1992265N18099,1992,UNNAMED,1992-09-24 18:00:00,21.7,88.1,25, , 
1992265N18099,1992,UNNAMED,1992-09-24 21:00:00,21.7,87.9,25, , 
1992265N18099,1992,UNNAMED,1992-09-25 00:00:00,21.7,87.7,25, , 
1992273N12077,1992,UNNAMED,1992-09-29 00:00:00,12.0,77.3,10, , 
1992273N12077,1992,UNNAMED,1992-09-29 03:00:00,12.0,76.6,10, , 
1992273N12077,1992,UNNAMED,1992-09-29 06:00:00,12.0,75.9,10, , 
1992273N12077,1992,UNNAMED,1992-09-29 09:00:00,12.1,75.2,13, , 
1992273N12077,1992,UNNAMED,1992-09-29 12:00:00,12.2,74.5,15, , 
1992273N12077,1992,UNNAMED,1992-09-29 15:00:00,12.4,73.8,15, , 
1992273N12077,1992,UNNAMED,1992-09-29 18:00:00,12.8,73.2,15, , 
1992273N12077,1992,UNNAMED,1992-09-29 21:00:00,13.2,72.6,18, , 
1992273N12077,1992,UNNAMED,1992-09-30 00:00:00,13.7,72.1,20, , 
1992273N12077,1992,UNNAMED,1992-09-30 03:00:00,14.2,71.6,20, , 
1992273N12077,1992,UNNAMED,1992-09-30 06:00:00,14.7,71.1,20, , 
1992273N12077,1992,UNNAMED,1992-09-30 09:00:00,15.2,70.6,23, , 
1992273N12077,1992,UNNAMED,1992-09-30 12:00:00,15.7,70.0,25, , 
1992273N12077,1992,UNNAMED,1992-09-30 15:00:00,16.2,69.4,25, , 
1992273N12077,1992,UNNAMED,1992-09-30 18:00:00,16.6,68.8,25, , 
1992273N12077,1992,UNNAMED,1992-09-30 21:00:00,16.9,68.2,28, , 
1992273N12077,1992,UNNAMED,1992-10-01 00:00:00,17.0,67.5,30,25,25
1992273N12077,1992,UNNAMED,1992-10-01 03:00:00,17.1,66.8,33, ,28
1992273N12077,1992,UNNAMED,1992-10-01 06:00:00,17.3,66.2,35,30,30
1992273N12077,1992,UNNAMED,1992-10-01 09:00:00,17.5,65.5,38, ,33
1992273N12077,1992,UNNAMED,1992-10-01 12:00:00,17.6,65.0,40,35,35
1992273N12077,1992,UNNAMED,1992-10-01 15:00:00,17.6,64.4,43, ,35
1992273N12077,1992,UNNAMED,1992-10-01 18:00:00,17.6,63.8,45,35,35
1992273N12077,1992,UNNAMED,1992-10-01 21:00:00,17.6,63.2,48, ,35
1992273N12077,1992,UNNAMED,1992-10-02 00:00:00,17.6,62.7,50,35,35
1992273N12077,1992,UNNAMED,1992-10-02 03:00:00,17.6,62.2,53, ,40
1992273N12077,1992,UNNAMED,1992-10-02 06:00:00,17.7,61.7,55,45,45
1992273N12077,1992,UNNAMED,1992-10-02 09:00:00,18.0,61.0,55, ,40
1992273N12077,1992,UNNAMED,1992-10-02 12:00:00,18.5,60.4,55,35,35
1992273N12077,1992,UNNAMED,1992-10-02 15:00:00,19.0,59.9,53, ,35
1992273N12077,1992,UNNAMED,1992-10-02 18:00:00,19.4,59.5,50,35,35
1992273N12077,1992,UNNAMED,1992-10-02 21:00:00,19.5,59.0,48, ,40
1992273N12077,1992,UNNAMED,1992-10-03 00:00:00,19.7,58.5,45,45,45
1992273N12077,1992,UNNAMED,1992-10-03 03:00:00,19.9,57.7,45, ,40
1992273N12077,1992,UNNAMED,1992-10-03 06:00:00,20.1,56.9,45,35,35
1992273N12077,1992,UNNAMED,1992-10-03 09:00:00,20.4,56.5,45, ,35
1992273N12077,1992,UNNAMED,1992-10-03 12:00:00,20.6,56.1,45,35,35
1992273N12077,1992,UNNAMED,1992-10-03 15:00:00,20.6,55.7,40, , 
1992273N12077,1992,UNNAMED,1992-10-03 18:00:00,20.7,55.2,35, , 
1992273N12077,1992,UNNAMED,1992-10-03 21:00:00,20.8,54.7,30, , 
1992273N12077,1992,UNNAMED,1992-10-04 00:00:00,20.9,54.2,25, , 
1992273N12077,1992,UNNAMED,1992-10-04 03:00:00,20.9,53.7,25, , 
1992273N12077,1992,UNNAMED,1992-10-04 06:00:00,21.0,53.2,25, , 
1992273N12077,1992,UNNAMED,1992-10-04 09:00:00,21.1,52.7,25, , 
1992273N12077,1992,UNNAMED,1992-10-04 12:00:00,21.2,52.3,25, , 
1992279N10097,1992,UNNAMED,1992-10-04 12:00:00,10.0,96.8,15, , 
1992279N10097,1992,UNNAMED,1992-10-04 15:00:00,10.1,96.2,15, , 
1992279N10097,1992,UNNAMED,1992-10-04 18:00:00,10.2,95.5,15, , 
1992279N10097,1992,UNNAMED,1992-10-04 21:00:00,10.3,94.8,15, , 
1992279N10097,1992,UNNAMED,1992-10-05 00:00:00,10.3,94.2,15, , 
1992279N10097,1992,UNNAMED,1992-10-05 03:00:00,10.4,93.6,18, , 
1992279N10097,1992,UNNAMED,1992-10-05 06:00:00,10.4,93.0,20, , 
1992279N10097,1992,UNNAMED,1992-10-05 09:00:00,10.4,92.4,20, , 
1992279N10097,1992,UNNAMED,1992-10-05 12:00:00,10.4,91.8,20, , 
1992279N10097,1992,UNNAMED,1992-10-05 15:00:00,10.4,91.2,20, , 
1992279N10097,1992,UNNAMED,1992-10-05 18:00:00,10.4,90.6,20, , 
1992279N10097,1992,UNNAMED,1992-10-05 21:00:00,10.3,90.0,20, , 
1992279N10097,1992,UNNAMED,1992-10-06 00:00:00,10.3,89.5,20, , 
1992279N10097,1992,UNNAMED,1992-10-06 03:00:00,10.4,89.0,23, , 
1992279N10097,1992,UNNAMED,1992-10-06 06:00:00,10.6,88.5,25, , 
1992279N10097,1992,UNNAMED,1992-10-06 09:00:00,11.0,88.1,25, , 
1992279N10097,1992,UNNAMED,1992-10-06 12:00:00,11.4,87.8,25, , 
1992279N10097,1992,UNNAMED,1992-10-06 15:00:00,11.8,87.5,25, , 
1992279N10097,1992,UNNAMED,1992-10-06 18:00:00,12.2,87.3,25, , 
1992279N10097,1992,UNNAMED,1992-10-06 21:00:00,12.5,87.1,28, , 
1992279N10097,1992,UNNAMED,1992-10-07 00:00:00,12.8,86.9,30, , 
1992279N10097,1992,UNNAMED,1992-10-07 03:00:00,13.0,86.7,30, , 
1992279N10097,1992,UNNAMED,1992-10-07 06:00:00,13.2,86.5,30, , 
1992279N10097,1992,UNNAMED,1992-10-07 09:00:00,13.4,86.3,30, , 
1992279N10097,1992,UNNAMED,1992-10-07 12:00:00,13.6,86.0,30, , 
1992279N10097,1992,UNNAMED,1992-10-07 15:00:00,13.7,85.6,33, , 
1992279N10097,1992,UNNAMED,1992-10-07 18:00:00,13.8,85.2,35, , 
1992279N10097,1992,UNNAMED,1992-10-07 21:00:00,13.9,84.8,38, , 
1992279N10097,1992,UNNAMED,1992-10-08 00:00:00,14.0,84.4,40, , 
1992279N10097,1992,UNNAMED,1992-10-08 03:00:00,14.1,84.0,43, , 
1992279N10097,1992,UNNAMED,1992-10-08 06:00:00,14.3,83.7,45, , 
1992279N10097,1992,UNNAMED,1992-10-08 09:00:00,14.6,83.3,45, , 
1992279N10097,1992,UNNAMED,1992-10-08 12:00:00,14.9,82.9,45, , 
1992279N10097,1992,UNNAMED,1992-10-08 15:00:00,15.2,82.5,45, , 
1992279N10097,1992,UNNAMED,1992-10-08 18:00:00,15.5,82.1,45, , 
1992279N10097,1992,UNNAMED,1992-10-08 21:00:00,15.8,81.7,43, , 
1992279N10097,1992,UNNAMED,1992-10-09 00:00:00,16.2,81.3,40, , 
1992279N10097,1992,UNNAMED,1992-10-09 03:00:00,16.7,80.9,35, , 
1992279N10097,1992,UNNAMED,1992-10-09 06:00:00,17.2,80.4,30, , 
1992279N10097,1992,UNNAMED,1992-10-09 09:00:00,17.8,79.8,28, , 
1992279N10097,1992,UNNAMED,1992-10-09 12:00:00,18.4,79.2,25, , 
1992288N10089,1992,UNNAMED,1992-10-13 18:00:00,10.1,89.1,15, , 
1992288N10089,1992,UNNAMED,1992-10-13 21:00:00,10.1,88.6,15, , 
1992288N10089,1992,UNNAMED,1992-10-14 00:00:00,10.1,88.1,15, , 
1992288N10089,1992,UNNAMED,1992-10-14 03:00:00,10.1,87.6,15, , 
1992288N10089,1992,UNNAMED,1992-10-14 06:00:00,10.1,87.1,15, , 
1992288N10089,1992,UNNAMED,1992-10-14 09:00:00,10.1,86.6,15, , 
1992288N10089,1992,UNNAMED,1992-10-14 12:00:00,10.1,86.1,15, , 
1992288N10089,1992,UNNAMED,1992-10-14 15:00:00,10.2,85.6,15, , 
1992288N10089,1992,UNNAMED,1992-10-14 18:00:00,10.3,85.3,15, , 
1992288N10089,1992,UNNAMED,1992-10-14 21:00:00,10.5,85.1,15, , 
1992288N10089,1992,UNNAMED,1992-10-15 00:00:00,10.8,85.0,15, , 
1992288N10089,1992,UNNAMED,1992-10-15 03:00:00,11.1,84.9,15, , 
1992288N10089,1992,UNNAMED,1992-10-15 06:00:00,11.4,84.9,15, , 
1992288N10089,1992,UNNAMED,1992-10-15 09:00:00,11.6,84.9,15, , 
1992288N10089,1992,UNNAMED,1992-10-15 12:00:00,11.8,84.8,15, , 
1992288N10089,1992,UNNAMED,1992-10-15 15:00:00,12.0,84.7,15, , 
1992288N10089,1992,UNNAMED,1992-10-15 18:00:00,12.1,84.5,15, , 
1992288N10089,1992,UNNAMED,1992-10-15 21:00:00,12.2,84.4,15, , 
1992288N10089,1992,UNNAMED,1992-10-16 00:00:00,12.2,84.2,15, , 
1992288N10089,1992,UNNAMED,1992-10-16 03:00:00,12.3,84.0,15, , 
1992288N10089,1992,UNNAMED,1992-10-16 06:00:00,12.4,83.8,15, , 
1992288N10089,1992,UNNAMED,1992-10-16 09:00:00,12.5,83.6,15, , 
1992288N10089,1992,UNNAMED,1992-10-16 12:00:00,12.5,83.4,15, , 
1992288N10089,1992,UNNAMED,1992-10-16 15:00:00,12.5,83.2,15, , 
1992288N10089,1992,UNNAMED,1992-10-16 18:00:00,12.6,83.0,15, , 
1992288N10089,1992,UNNAMED,1992-10-16 21:00:00,12.8,82.9,15, , 
1992288N10089,1992,UNNAMED,1992-10-17 00:00:00,13.0,82.9,15, , 
1992288N10089,1992,UNNAMED,1992-10-17 03:00:00,13.2,82.9,15, , 
1992288N10089,1992,UNNAMED,1992-10-17 06:00:00,13.4,83.0,15, , 
1992288N10089,1992,UNNAMED,1992-10-17 09:00:00,13.6,83.1,15, , 
1992288N10089,1992,UNNAMED,1992-10-17 12:00:00,13.7,83.2,15, , 
1992288N10089,1992,UNNAMED,1992-10-17 15:00:00,13.9,83.3,15, , 
1992288N10089,1992,UNNAMED,1992-10-17 18:00:00,14.0,83.5,15, , 
1992288N10089,1992,UNNAMED,1992-10-17 21:00:00,14.1,83.7,15, , 
1992288N10089,1992,UNNAMED,1992-10-18 00:00:00,14.2,83.8,15, , 
1992288N10089,1992,UNNAMED,1992-10-18 03:00:00,14.3,84.0,15, , 
1992288N10089,1992,UNNAMED,1992-10-18 06:00:00,14.5,84.1,15, , 
1992288N10089,1992,UNNAMED,1992-10-18 09:00:00,14.6,84.3,15, , 
1992288N10089,1992,UNNAMED,1992-10-18 12:00:00,14.8,84.4,15, , 
1992288N10089,1992,UNNAMED,1992-10-18 15:00:00,15.0,84.5,18, , 
1992288N10089,1992,UNNAMED,1992-10-18 18:00:00,15.2,84.7,20, , 
1992288N10089,1992,UNNAMED,1992-10-18 21:00:00,15.4,84.9,20, , 
1992288N10089,1992,UNNAMED,1992-10-19 00:00:00,15.6,85.1,20, , 
1992288N10089,1992,UNNAMED,1992-10-19 03:00:00,15.9,85.4,20, , 
1992288N10089,1992,UNNAMED,1992-10-19 06:00:00,16.2,85.7,20, , 
1992288N10089,1992,UNNAMED,1992-10-19 09:00:00,16.5,86.0,20, , 
1992288N10089,1992,UNNAMED,1992-10-19 12:00:00,16.9,86.2,20, , 
1992288N10089,1992,UNNAMED,1992-10-19 15:00:00,17.2,86.5,20, , 
1992288N10089,1992,UNNAMED,1992-10-19 18:00:00,17.5,86.8,20, , 
1992288N10089,1992,UNNAMED,1992-10-19 21:00:00,17.8,87.1,20, , 
1992288N10089,1992,UNNAMED,1992-10-20 00:00:00,18.0,87.6,20, , 
1992288N10089,1992,UNNAMED,1992-10-20 03:00:00,18.2,88.1,23, , 
1992288N10089,1992,UNNAMED,1992-10-20 06:00:00,18.4,88.5,25, , 
1992288N10089,1992,UNNAMED,1992-10-20 09:00:00,18.5,88.8,25, , 
1992288N10089,1992,UNNAMED,1992-10-20 12:00:00,18.7,89.0,25,25,25
1992288N10089,1992,UNNAMED,1992-10-20 15:00:00,18.9,89.2,25, ,25
1992288N10089,1992,UNNAMED,1992-10-20 18:00:00,19.1,89.4,25,25,25
1992288N10089,1992,UNNAMED,1992-10-20 21:00:00,19.2,89.6,25, ,28
1992288N10089,1992,UNNAMED,1992-10-21 00:00:00,19.4,90.0,25,30,30
1992288N10089,1992,UNNAMED,1992-10-21 03:00:00,19.8,90.3,28, ,33
1992288N10089,1992,UNNAMED,1992-10-21 06:00:00,20.2,90.8,30,35,35
1992288N10089,1992,UNNAMED,1992-10-21 09:00:00,20.6,91.3,30, ,35
1992288N10089,1992,UNNAMED,1992-10-21 12:00:00,21.0,91.8,30,35,35
1992288N10089,1992,UNNAMED,1992-10-21 15:00:00,21.2,92.2,30, ,35
1992288N10089,1992,UNNAMED,1992-10-21 18:00:00,21.3,92.6,30,35,35
1992288N10089,1992,UNNAMED,1992-10-21 21:00:00,21.6,93.4,28, ,30
1992288N10089,1992,UNNAMED,1992-10-22 00:00:00,22.0,94.2,25,25,25
1992288N10089,1992,UNNAMED,1992-10-22 03:00:00,22.3,94.4, , , 
1992288N10089,1992,UNNAMED,1992-10-22 06:00:00,22.5,94.5, , , 
1992306N12093,1992,UNNAMED,1992-10-31 12:00:00,12.1,92.8,20, , 
1992306N12093,1992,UNNAMED,1992-10-31 15:00:00,12.2,92.5,20, , 
1992306N12093,1992,UNNAMED,1992-10-31 18:00:00,12.3,92.3,20, , 
1992306N12093,1992,UNNAMED,1992-10-31 21:00:00,12.5,92.1,20, , 
1992306N12093,1992,UNNAMED,1992-11-01 00:00:00,12.7,92.0,20, , 
1992306N12093,1992,UNNAMED,1992-11-01 03:00:00,12.9,91.9,20, , 
1992306N12093,1992,UNNAMED,1992-11-01 06:00:00,13.1,91.8,20, , 
1992306N12093,1992,UNNAMED,1992-11-01 09:00:00,13.3,91.7,20, , 
1992306N12093,1992,UNNAMED,1992-11-01 12:00:00,13.5,91.7,20, , 
1992306N12093,1992,UNNAMED,1992-11-01 15:00:00,13.7,91.6,20, , 
1992306N12093,1992,UNNAMED,1992-11-01 18:00:00,13.8,91.6,20, , 
1992306N12093,1992,UNNAMED,1992-11-01 21:00:00,14.0,91.6,20, , 
1992306N12093,1992,UNNAMED,1992-11-02 00:00:00,14.1,91.5,20, , 
1992306N12093,1992,UNNAMED,1992-11-02 03:00:00,14.2,91.4,20, , 
1992306N12093,1992,UNNAMED,1992-11-02 06:00:00,14.3,91.3,20, , 
1992306N12093,1992,UNNAMED,1992-11-02 09:00:00,14.4,91.2,23, , 
1992306N12093,1992,UNNAMED,1992-11-02 12:00:00,14.5,91.0,25, , 
1992306N12093,1992,UNNAMED,1992-11-02 15:00:00,14.6,90.8,25, , 
1992306N12093,1992,UNNAMED,1992-11-02 18:00:00,14.7,90.6,25, , 
1992306N12093,1992,UNNAMED,1992-11-02 21:00:00,14.8,90.4,28, , 
1992306N12093,1992,UNNAMED,1992-11-03 00:00:00,14.9,90.2,30, , 
1992306N12093,1992,UNNAMED,1992-11-03 03:00:00,15.0,90.0,30, , 
1992306N12093,1992,UNNAMED,1992-11-03 06:00:00,15.0,89.9,30,30,30
1992306N12093,1992,UNNAMED,1992-11-03 09:00:00,15.2,89.8,33, ,30
1992306N12093,1992,UNNAMED,1992-11-03 12:00:00,15.3,89.5,35,30,30
1992306N12093,1992,UNNAMED,1992-11-03 15:00:00,15.3,89.2,35, ,30
1992306N12093,1992,UNNAMED,1992-11-03 18:00:00,15.4,89.0,35,30,30
1992306N12093,1992,UNNAMED,1992-11-03 21:00:00,15.4,88.8,35, ,33
1992306N12093,1992,UNNAMED,1992-11-04 00:00:00,15.5,88.7,35,35,35
1992306N12093,1992,UNNAMED,1992-11-04 03:00:00,15.5,88.1,35, ,35
1992306N12093,1992,UNNAMED,1992-11-04 06:00:00,15.6,87.6,35,35,35
1992306N12093,1992,UNNAMED,1992-11-04 09:00:00,15.7,87.4,35, ,35
1992306N12093,1992,UNNAMED,1992-11-04 12:00:00,15.8,87.3,35,35,35
1992306N12093,1992,UNNAMED,1992-11-04 15:00:00,15.8,87.2,38, ,35
1992306N12093,1992,UNNAMED,1992-11-04 18:00:00,15.9,87.1,40,35,35
1992306N12093,1992,UNNAMED,1992-11-04 21:00:00,16.0,86.8,43, ,40
1992306N12093,1992,UNNAMED,1992-11-05 00:00:00,16.2,86.5,45,45,45
1992306N12093,1992,UNNAMED,1992-11-05 03:00:00,16.2,86.2,48, ,45
1992306N12093,1992,UNNAMED,1992-11-05 06:00:00,16.2,86.1,50,45,45
1992306N12093,1992,UNNAMED,1992-11-05 09:00:00,16.2,86.0,53, ,45
1992306N12093,1992,UNNAMED,1992-11-05 12:00:00,16.3,86.0,55,45,45
1992306N12093,1992,UNNAMED,1992-11-05 15:00:00,16.2,86.0,55, ,45
1992306N12093,1992,UNNAMED,1992-11-05 18:00:00,16.3,85.9,55,45,45
1992306N12093,1992,UNNAMED,1992-11-05 21:00:00,16.4,85.7,55, ,45
1992306N12093,1992,UNNAMED,1992-11-06 00:00:00,16.5,85.6,55,45,45
1992306N12093,1992,UNNAMED,1992-11-06 03:00:00,16.4,85.5,55, ,45
1992306N12093,1992,UNNAMED,1992-11-06 06:00:00,16.4,85.4,55,45,45
1992306N12093,1992,UNNAMED,1992-11-06 09:00:00,16.4,85.3,53, ,40
1992306N12093,1992,UNNAMED,1992-11-06 12:00:00,16.4,85.2,50,35,35
1992306N12093,1992,UNNAMED,1992-11-06 15:00:00,16.4,84.9,48, ,33
1992306N12093,1992,UNNAMED,1992-11-06 18:00:00,16.3,84.5,45,30,30
1992306N12093,1992,UNNAMED,1992-11-06 21:00:00,16.1,84.0,43, ,30
1992306N12093,1992,UNNAMED,1992-11-07 00:00:00,15.8,83.6,40,30,30
1992306N12093,1992,UNNAMED,1992-11-07 03:00:00,15.5,83.3,38, , 
1992306N12093,1992,UNNAMED,1992-11-07 06:00:00,15.0,83.1,35, , 
1992306N12093,1992,UNNAMED,1992-11-07 09:00:00,14.3,83.0,33, , 
1992306N12093,1992,UNNAMED,1992-11-07 12:00:00,13.9,82.7,30, , 
1992306N12093,1992,UNNAMED,1992-11-07 15:00:00,13.5,82.4,28, , 
1992306N12093,1992,UNNAMED,1992-11-07 18:00:00,13.2,82.1,25, , 
1992306N12093,1992,UNNAMED,1992-11-07 21:00:00,13.0,81.9,25, , 
1992306N12093,1992,UNNAMED,1992-11-08 00:00:00,12.8,81.7,25, , 
1992311N06107,1992,UNNAMED,1992-11-06 00:00:00,5.9,107.1,10, , 
1992311N06107,1992,UNNAMED,1992-11-06 03:00:00,6.1,106.9,10, , 
1992311N06107,1992,UNNAMED,1992-11-06 06:00:00,6.3,106.6,10, , 
1992311N06107,1992,UNNAMED,1992-11-06 09:00:00,6.4,106.3,13, , 
1992311N06107,1992,UNNAMED,1992-11-06 12:00:00,6.6,106.1,15, , 
1992311N06107,1992,UNNAMED,1992-11-06 15:00:00,6.8,105.8,15, , 
1992311N06107,1992,UNNAMED,1992-11-06 18:00:00,7.0,105.6,15, , 
1992311N06107,1992,UNNAMED,1992-11-06 21:00:00,7.3,105.4,15, , 
1992311N06107,1992,UNNAMED,1992-11-07 00:00:00,7.5,105.2,15, , 
1992311N06107,1992,UNNAMED,1992-11-07 03:00:00,7.7,105.0,15, , 
1992311N06107,1992,UNNAMED,1992-11-07 06:00:00,7.8,104.8,15, , 
1992311N06107,1992,UNNAMED,1992-11-07 09:00:00,7.9,104.6,18, , 
1992311N06107,1992,UNNAMED,1992-11-07 12:00:00,7.9,104.3,20, , 
1992311N06107,1992,UNNAMED,1992-11-07 15:00:00,8.0,104.0,20, , 
1992311N06107,1992,UNNAMED,1992-11-07 18:00:00,8.0,103.6,20, , 
1992311N06107,1992,UNNAMED,1992-11-07 21:00:00,8.0,103.2,20, , 
1992311N06107,1992,UNNAMED,1992-11-08 00:00:00,8.0,102.8,20, , 
1992311N06107,1992,UNNAMED,1992-11-08 03:00:00,8.0,102.3,20, , 
1992311N06107,1992,UNNAMED,1992-11-08 06:00:00,8.0,101.8,20, , 
1992311N06107,1992,UNNAMED,1992-11-08 09:00:00,8.0,101.2,18, , 
1992311N06107,1992,UNNAMED,1992-11-08 12:00:00,7.9,100.6,15, , 
1992311N06107,1992,UNNAMED,1992-11-08 15:00:00,7.8,99.9,13, , 
1992311N06107,1992,UNNAMED,1992-11-08 18:00:00,7.8,99.2,10, , 
1992311N06107,1992,UNNAMED,1992-11-08 21:00:00,7.7,98.4,10, , 
1992311N06107,1992,UNNAMED,1992-11-09 00:00:00,7.7,97.5,10, , 
1992311N06107,1992,UNNAMED,1992-11-09 03:00:00,7.6,96.7,13, , 
1992311N06107,1992,UNNAMED,1992-11-09 06:00:00,7.6,95.8,15, , 
1992311N06107,1992,UNNAMED,1992-11-09 09:00:00,7.5,94.9,15, , 
1992311N06107,1992,UNNAMED,1992-11-09 12:00:00,7.5,94.1,15, , 
1992311N06107,1992,UNNAMED,1992-11-09 15:00:00,7.4,93.3,15, , 
1992311N06107,1992,UNNAMED,1992-11-09 18:00:00,7.4,92.5,15, , 
1992311N06107,1992,UNNAMED,1992-11-09 21:00:00,7.3,91.8,18, , 
1992311N06107,1992,UNNAMED,1992-11-10 00:00:00,7.3,91.2,20, , 
1992311N06107,1992,UNNAMED,1992-11-10 03:00:00,7.3,90.6,20, , 
1992311N06107,1992,UNNAMED,1992-11-10 06:00:00,7.3,90.0,20, , 
1992311N06107,1992,UNNAMED,1992-11-10 09:00:00,7.3,89.4,23, , 
1992311N06107,1992,UNNAMED,1992-11-10 12:00:00,7.3,88.8,25, , 
1992311N06107,1992,UNNAMED,1992-11-10 15:00:00,7.3,88.2,25, , 
1992311N06107,1992,UNNAMED,1992-11-10 18:00:00,7.2,87.7,25, , 
1992311N06107,1992,UNNAMED,1992-11-10 21:00:00,7.1,87.2,28, , 
1992311N06107,1992,UNNAMED,1992-11-11 00:00:00,7.2,86.6,30, , 
1992311N06107,1992,UNNAMED,1992-11-11 03:00:00,7.2,86.0,33, , 
1992311N06107,1992,UNNAMED,1992-11-11 06:00:00,7.2,85.5,35,30,30
1992311N06107,1992,UNNAMED,1992-11-11 09:00:00,7.2,85.0,40, ,38
1992311N06107,1992,UNNAMED,1992-11-11 12:00:00,7.2,84.5,45,45,45
1992311N06107,1992,UNNAMED,1992-11-11 15:00:00,7.2,83.9,48, ,45
1992311N06107,1992,UNNAMED,1992-11-11 18:00:00,7.1,83.4,50,45,45
1992311N06107,1992,UNNAMED,1992-11-11 21:00:00,6.9,82.9,53, ,45
1992311N06107,1992,UNNAMED,1992-11-12 00:00:00,6.8,82.4,55,45,45
1992311N06107,1992,UNNAMED,1992-11-12 03:00:00,6.7,81.9,55, ,40
1992311N06107,1992,UNNAMED,1992-11-12 06:00:00,6.7,81.4,55,35,35
1992311N06107,1992,UNNAMED,1992-11-12 09:00:00,6.8,80.8,48, ,35
1992311N06107,1992,UNNAMED,1992-11-12 12:00:00,7.0,80.2,40,35,35
1992311N06107,1992,UNNAMED,1992-11-12 15:00:00,7.0,79.7,43, ,35
1992311N06107,1992,UNNAMED,1992-11-12 18:00:00,7.0,79.4,45,35,35
1992311N06107,1992,UNNAMED,1992-11-12 21:00:00,7.1,79.1,53, ,35
1992311N06107,1992,UNNAMED,1992-11-13 00:00:00,7.3,78.8,60,35,35
1992311N06107,1992,UNNAMED,1992-11-13 03:00:00,7.6,78.6,65, ,45
1992311N06107,1992,UNNAMED,1992-11-13 06:00:00,7.9,78.3,70,55,55
1992311N06107,1992,UNNAMED,1992-11-13 09:00:00,8.4,77.9,63, ,50
1992311N06107,1992,UNNAMED,1992-11-13 12:00:00,8.8,77.6,55,45,45
1992311N06107,1992,UNNAMED,1992-11-13 15:00:00,9.1,77.4,48, ,38
1992311N06107,1992,UNNAMED,1992-11-13 18:00:00,9.4,77.3,40,30,30
1992311N06107,1992,UNNAMED,1992-11-13 21:00:00,9.6,77.0,40, ,30
1992311N06107,1992,UNNAMED,1992-11-14 00:00:00,9.9,76.8,40,30,30
1992311N06107,1992,UNNAMED,1992-11-14 03:00:00,10.1,76.5,38, ,28
1992311N06107,1992,UNNAMED,1992-11-14 06:00:00,10.4,76.4,35,25,25
1992311N06107,1992,UNNAMED,1992-11-14 09:00:00,10.5,76.1,33, ,25
1992311N06107,1992,UNNAMED,1992-11-14 12:00:00,10.5,75.9,30,25,25
1992311N06107,1992,UNNAMED,1992-11-14 15:00:00,10.5,75.7,33, ,25
1992311N06107,1992,UNNAMED,1992-11-14 18:00:00,10.6,75.4,35,25,25
1992311N06107,1992,UNNAMED,1992-11-14 21:00:00,10.7,75.1,40, ,25
1992311N06107,1992,UNNAMED,1992-11-15 00:00:00,10.8,74.9,45,25,25
1992311N06107,1992,UNNAMED,1992-11-15 03:00:00,11.0,74.7,50, ,28
1992311N06107,1992,UNNAMED,1992-11-15 06:00:00,11.3,74.5,55,30,30
1992311N06107,1992,UNNAMED,1992-11-15 09:00:00,11.6,74.4,55, ,30
1992311N06107,1992,UNNAMED,1992-11-15 12:00:00,11.8,74.4,55,30,30
1992311N06107,1992,UNNAMED,1992-11-15 15:00:00,12.0,74.4,53, ,30
1992311N06107,1992,UNNAMED,1992-11-15 18:00:00,12.3,74.4,50,30,30
1992311N06107,1992,UNNAMED,1992-11-15 21:00:00,12.5,74.3,48, ,30
1992311N06107,1992,UNNAMED,1992-11-16 00:00:00,12.7,74.3,45,30,30
1992311N06107,1992,UNNAMED,1992-11-16 03:00:00,12.8,74.3,43, ,30
1992311N06107,1992,UNNAMED,1992-11-16 06:00:00,13.0,74.3,40,30,30
1992311N06107,1992,UNNAMED,1992-11-16 09:00:00,13.3,74.3,38, ,30
1992311N06107,1992,UNNAMED,1992-11-16 12:00:00,13.7,74.3,35,30,30
1992311N06107,1992,UNNAMED,1992-11-16 15:00:00,13.8,74.3,35, ,30
1992311N06107,1992,UNNAMED,1992-11-16 18:00:00,13.9,74.3,35,30,30
1992311N06107,1992,UNNAMED,1992-11-16 21:00:00,14.2,74.3,35, ,30
1992311N06107,1992,UNNAMED,1992-11-17 00:00:00,14.5,74.4,35,30,30
1992311N06107,1992,UNNAMED,1992-11-17 03:00:00,14.7,74.4,35, ,28
1992311N06107,1992,UNNAMED,1992-11-17 06:00:00,14.9,74.6,35,25,25
1992311N06107,1992,UNNAMED,1992-11-17 09:00:00,15.1,74.8,33, , 
1992311N06107,1992,UNNAMED,1992-11-17 12:00:00,15.4,75.0,30, , 
1992311N06107,1992,UNNAMED,1992-11-17 15:00:00,15.7,75.2,28, , 
1992311N06107,1992,UNNAMED,1992-11-17 18:00:00,15.9,75.3,25, , 
1992314N08141,1992,FORREST,1992-11-08 12:00:00,7.9,140.7,15, , 
1992314N08141,1992,FORREST,1992-11-08 15:00:00,8.0,139.9,15, , 
1992314N08141,1992,FORREST,1992-11-08 18:00:00,8.2,139.2,15, , 
1992314N08141,1992,FORREST,1992-11-08 21:00:00,8.4,138.5,15, , 
1992314N08141,1992,FORREST,1992-11-09 00:00:00,8.6,137.7,15, , 
1992314N08141,1992,FORREST,1992-11-09 03:00:00,8.8,136.9,18, , 
1992314N08141,1992,FORREST,1992-11-09 06:00:00,8.9,136.1,20, , 
1992314N08141,1992,FORREST,1992-11-09 09:00:00,9.0,135.4,20, , 
1992314N08141,1992,FORREST,1992-11-09 12:00:00,9.1,134.6,20, , 
1992314N08141,1992,FORREST,1992-11-09 15:00:00,9.2,133.7,20, , 
1992314N08141,1992,FORREST,1992-11-09 18:00:00,9.3,132.8,20, , 
1992314N08141,1992,FORREST,1992-11-09 21:00:00,9.4,132.0,20, , 
1992314N08141,1992,FORREST,1992-11-10 00:00:00,9.5,131.3,20, , 
1992314N08141,1992,FORREST,1992-11-10 03:00:00,9.5,130.5,23, , 
1992314N08141,1992,FORREST,1992-11-10 06:00:00,9.4,129.7,25, , 
1992314N08141,1992,FORREST,1992-11-10 09:00:00,9.4,128.8,25, , 
1992314N08141,1992,FORREST,1992-11-10 12:00:00,9.4,128.0,25, , 
1992314N08141,1992,FORREST,1992-11-10 15:00:00,9.4,127.2,25, , 
1992314N08141,1992,FORREST,1992-11-10 18:00:00,9.4,126.5,25, , 
1992314N08141,1992,FORREST,1992-11-10 21:00:00,9.4,125.8,25, , 
1992314N08141,1992,FORREST,1992-11-11 00:00:00,9.5,125.1,25, , 
1992314N08141,1992,FORREST,1992-11-11 03:00:00,9.6,124.4,25, , 
1992314N08141,1992,FORREST,1992-11-11 06:00:00,9.7,123.7,25, , 
1992314N08141,1992,FORREST,1992-11-11 09:00:00,9.8,123.0,25, , 
1992314N08141,1992,FORREST,1992-11-11 12:00:00,10.0,122.2,25, , 
1992314N08141,1992,FORREST,1992-11-11 15:00:00,10.2,121.4,25, , 
1992314N08141,1992,FORREST,1992-11-11 18:00:00,10.3,120.5,25, , 
1992314N08141,1992,FORREST,1992-11-11 21:00:00,10.4,119.6,25, , 
1992314N08141,1992,FORREST,1992-11-12 00:00:00,10.5,118.7,25, , 
1992314N08141,1992,FORREST,1992-11-12 03:00:00,10.4,117.8,25, , 
1992314N08141,1992,FORREST,1992-11-12 06:00:00,9.7,116.8,25, , 
1992314N08141,1992,FORREST,1992-11-12 09:00:00,9.2,115.9,28, , 
1992314N08141,1992,FORREST,1992-11-12 12:00:00,9.0,114.9,30, , 
1992314N08141,1992,FORREST,1992-11-12 15:00:00,8.9,114.0,33, , 
1992314N08141,1992,FORREST,1992-11-12 18:00:00,9.0,113.2,35, , 
1992314N08141,1992,FORREST,1992-11-12 21:00:00,9.1,112.4,38, , 
1992314N08141,1992,FORREST,1992-11-13 00:00:00,9.1,111.8,40, , 
1992314N08141,1992,FORREST,1992-11-13 03:00:00,9.1,111.1,43,35, 
1992314N08141,1992,FORREST,1992-11-13 06:00:00,9.0,110.4,45,45, 
1992314N08141,1992,FORREST,1992-11-13 09:00:00,8.9,109.7,48, , 
1992314N08141,1992,FORREST,1992-11-13 12:00:00,8.7,109.1,50,45, 
1992314N08141,1992,FORREST,1992-11-13 15:00:00,8.5,108.5,53, , 
1992314N08141,1992,FORREST,1992-11-13 18:00:00,8.3,108.1,55,45, 
1992314N08141,1992,FORREST,1992-11-13 21:00:00,8.1,107.6,55, , 
1992314N08141,1992,FORREST,1992-11-14 00:00:00,7.9,107.0,55,45, 
1992314N08141,1992,FORREST,1992-11-14 03:00:00,7.8,106.3,55, , 
1992314N08141,1992,FORREST,1992-11-14 06:00:00,7.7,105.6,55,45, 
1992314N08141,1992,FORREST,1992-11-14 09:00:00,7.8,104.8,53, , 
1992314N08141,1992,FORREST,1992-11-14 12:00:00,7.8,104.2,50,45, 
1992314N08141,1992,FORREST,1992-11-14 15:00:00,7.8,103.6,50, , 
1992314N08141,1992,FORREST,1992-11-14 18:00:00,7.9,103.0,50,45, 
1992314N08141,1992,FORREST,1992-11-14 21:00:00,7.9,102.4,53, , 
1992314N08141,1992,FORREST,1992-11-15 00:00:00,8.0,101.9,55,45, 
1992314N08141,1992,FORREST,1992-11-15 03:00:00,8.1,101.3,55, , 
1992314N08141,1992,FORREST,1992-11-15 06:00:00,8.2,100.6,55,45, 
1992314N08141,1992,FORREST,1992-11-15 09:00:00,8.4,99.9,55, , 
1992314N08141,1992,FORREST,1992-11-15 12:00:00,8.6,99.2,55, , 
1992314N08141,1992,FORREST,1992-11-15 15:00:00,8.7,98.3,55, , 
1992314N08141,1992,FORREST,1992-11-15 18:00:00,8.8,97.5,55, , 
1992314N08141,1992,FORREST,1992-11-15 21:00:00,8.9,96.7,53, , 
1992314N08141,1992,FORREST,1992-11-16 00:00:00,9.1,96.2,50, , 
1992314N08141,1992,FORREST,1992-11-16 03:00:00,9.2,95.6,48, , 
1992314N08141,1992,FORREST,1992-11-16 06:00:00,9.3,95.1,45,25,25
1992314N08141,1992,FORREST,1992-11-16 09:00:00,9.4,94.5,43, ,25
1992314N08141,1992,FORREST,1992-11-16 12:00:00,9.5,94.0,40,25,25
1992314N08141,1992,FORREST,1992-11-16 15:00:00,9.5,93.5,40, ,28
1992314N08141,1992,FORREST,1992-11-16 18:00:00,9.5,93.0,40,30,30
1992314N08141,1992,FORREST,1992-11-16 21:00:00,9.6,92.4,40, ,33
1992314N08141,1992,FORREST,1992-11-17 00:00:00,9.6,91.8,40,35,35
1992314N08141,1992,FORREST,1992-11-17 03:00:00,9.7,91.1,43, ,40
1992314N08141,1992,FORREST,1992-11-17 06:00:00,9.8,90.5,45,45,45
1992314N08141,1992,FORREST,1992-11-17 09:00:00,9.9,90.0,50, ,50
1992314N08141,1992,FORREST,1992-11-17 12:00:00,10.2,89.6,55,55,55
1992314N08141,1992,FORREST,1992-11-17 15:00:00,10.5,89.3,58, ,60
1992314N08141,1992,FORREST,1992-11-17 18:00:00,10.8,88.9,60,65,65
1992314N08141,1992,FORREST,1992-11-17 21:00:00,11.2,88.6,60, ,71
1992314N08141,1992,FORREST,1992-11-18 00:00:00,11.6,88.3,60,77,77
1992314N08141,1992,FORREST,1992-11-18 03:00:00,12.0,88.0,63, ,77
1992314N08141,1992,FORREST,1992-11-18 06:00:00,12.6,87.8,65,77,77
1992314N08141,1992,FORREST,1992-11-18 09:00:00,13.2,87.7,68, ,77
1992314N08141,1992,FORREST,1992-11-18 12:00:00,13.8,87.6,70,77,77
1992314N08141,1992,FORREST,1992-11-18 15:00:00,14.3,87.6,75, ,77
1992314N08141,1992,FORREST,1992-11-18 18:00:00,14.8,87.6,80,77,77
1992314N08141,1992,FORREST,1992-11-18 21:00:00,15.4,87.6,85, ,84
1992314N08141,1992,FORREST,1992-11-19 00:00:00,15.9,87.7,90,90,90
1992314N08141,1992,FORREST,1992-11-19 03:00:00,16.3,87.7,95, ,96
1992314N08141,1992,FORREST,1992-11-19 06:00:00,16.6,87.8,100,102,102
1992314N08141,1992,FORREST,1992-11-19 09:00:00,17.0,88.1,103, ,102
1992314N08141,1992,FORREST,1992-11-19 12:00:00,17.4,88.4,105,102,102
1992314N08141,1992,FORREST,1992-11-19 15:00:00,17.7,88.5,110, ,102
1992314N08141,1992,FORREST,1992-11-19 18:00:00,17.9,88.6,115,102,102
1992314N08141,1992,FORREST,1992-11-19 21:00:00,18.2,88.7,120, ,102
1992314N08141,1992,FORREST,1992-11-20 00:00:00,18.5,89.0,125,102,102
1992314N08141,1992,FORREST,1992-11-20 03:00:00,18.8,89.2,123, ,102
1992314N08141,1992,FORREST,1992-11-20 06:00:00,19.0,89.4,120,102,102
1992314N08141,1992,FORREST,1992-11-20 09:00:00,19.2,89.7,120, ,96
1992314N08141,1992,FORREST,1992-11-20 12:00:00,19.4,90.0,120,90,90
1992314N08141,1992,FORREST,1992-11-20 15:00:00,19.5,90.4,115, ,90
1992314N08141,1992,FORREST,1992-11-20 18:00:00,19.6,90.8,110,90,90
1992314N08141,1992,FORREST,1992-11-20 21:00:00,19.7,91.1,105, ,90
1992314N08141,1992,FORREST,1992-11-21 00:00:00,19.9,91.4,100,90,90
1992314N08141,1992,FORREST,1992-11-21 03:00:00,20.0,91.8,98, ,68
1992314N08141,1992,FORREST,1992-11-21 06:00:00,20.1,92.3,95,45,45
1992314N08141,1992,FORREST,1992-11-21 09:00:00,20.2,92.8,90, ,40
1992314N08141,1992,FORREST,1992-11-21 12:00:00,20.4,93.3,85,35,35
1992314N08141,1992,FORREST,1992-11-21 15:00:00,20.5,93.7,65, ,25
1992314N08141,1992,FORREST,1992-11-21 18:00:00,20.4,93.9,45,15,15
1992314N08141,1992,FORREST,1992-11-21 21:00:00,20.1,94.2,38, , 
1992314N08141,1992,FORREST,1992-11-22 00:00:00,19.9,94.5,30, , 
1992335N03077,1992,UNNAMED,1992-11-29 12:00:00,2.8,76.5,15, , 
1992335N03077,1992,UNNAMED,1992-11-29 15:00:00,2.8,76.8,18, , 
1992335N03077,1992,UNNAMED,1992-11-29 18:00:00,2.9,77.1,20, , 
1992335N03077,1992,UNNAMED,1992-11-29 21:00:00,3.0,77.4,23, , 
1992335N03077,1992,UNNAMED,1992-11-30 00:00:00,3.1,77.7,25, , 
1992335N03077,1992,UNNAMED,1992-11-30 03:00:00,3.2,78.0,28, , 
1992335N03077,1992,UNNAMED,1992-11-30 06:00:00,3.3,78.3,30, , 
1992335N03077,1992,UNNAMED,1992-11-30 09:00:00,3.4,78.5,30, , 
1992335N03077,1992,UNNAMED,1992-11-30 12:00:00,3.6,78.7,30, , 
1992335N03077,1992,UNNAMED,1992-11-30 15:00:00,3.8,78.8,33, , 
1992335N03077,1992,UNNAMED,1992-11-30 18:00:00,4.0,78.8,35, , 
1992335N03077,1992,UNNAMED,1992-11-30 21:00:00,4.2,78.7,35, , 
1992335N03077,1992,UNNAMED,1992-12-01 00:00:00,4.5,78.6,35, , 
1992335N03077,1992,UNNAMED,1992-12-01 03:00:00,4.7,78.4,38, , 
1992335N03077,1992,UNNAMED,1992-12-01 06:00:00,4.9,78.1,40, , 
1992335N03077,1992,UNNAMED,1992-12-01 09:00:00,5.0,77.8,40, , 
1992335N03077,1992,UNNAMED,1992-12-01 12:00:00,5.1,77.5,40, , 
1992335N03077,1992,UNNAMED,1992-12-01 15:00:00,5.2,77.2,43, , 
1992335N03077,1992,UNNAMED,1992-12-01 18:00:00,5.2,77.0,45, , 
1992335N03077,1992,UNNAMED,1992-12-01 21:00:00,5.2,76.9,48, , 
1992335N03077,1992,UNNAMED,1992-12-02 00:00:00,5.3,76.8,50, , 
1992335N03077,1992,UNNAMED,1992-12-02 03:00:00,5.3,76.7,48, , 
1992335N03077,1992,UNNAMED,1992-12-02 06:00:00,5.4,76.6,45, , 
1992335N03077,1992,UNNAMED,1992-12-02 09:00:00,5.4,76.5,45, , 
1992335N03077,1992,UNNAMED,1992-12-02 12:00:00,5.5,76.3,45, , 
1992335N03077,1992,UNNAMED,1992-12-02 15:00:00,5.6,76.1,43, , 
1992335N03077,1992,UNNAMED,1992-12-02 18:00:00,5.6,75.9,40, , 
1992335N03077,1992,UNNAMED,1992-12-02 21:00:00,5.6,75.7,38, , 
1992335N03077,1992,UNNAMED,1992-12-03 00:00:00,5.7,75.5,35, , 
1992335N03077,1992,UNNAMED,1992-12-03 03:00:00,5.8,75.3,33, , 
1992335N03077,1992,UNNAMED,1992-12-03 06:00:00,5.9,75.0,30, , 
1992335N03077,1992,UNNAMED,1992-12-03 09:00:00,6.0,74.7,30, , 
1992335N03077,1992,UNNAMED,1992-12-03 12:00:00,6.1,74.4,30, , 
1992335N03077,1992,UNNAMED,1992-12-03 15:00:00,6.2,74.1,28, , 
1992335N03077,1992,UNNAMED,1992-12-03 18:00:00,6.4,73.7,25, , 
1992335N03077,1992,UNNAMED,1992-12-03 21:00:00,6.6,73.3,23, , 
1992335N03077,1992,UNNAMED,1992-12-04 00:00:00,6.8,73.0,20, , 
1992354N03075,1992,UNNAMED,1992-12-18 12:00:00,2.6,74.5,25, , 
1992354N03075,1992,UNNAMED,1992-12-18 15:00:00,2.6,74.1,25, , 
1992354N03075,1992,UNNAMED,1992-12-18 18:00:00,2.7,73.7,25, , 
1992354N03075,1992,UNNAMED,1992-12-18 21:00:00,2.8,73.3,25, , 
1992354N03075,1992,UNNAMED,1992-12-19 00:00:00,2.9,72.9,25, , 
1992354N03075,1992,UNNAMED,1992-12-19 03:00:00,3.1,72.5,25, , 
1992354N03075,1992,UNNAMED,1992-12-19 06:00:00,3.3,72.2,25, , 
1992354N03075,1992,UNNAMED,1992-12-19 09:00:00,3.4,71.8,25, , 
1992354N03075,1992,UNNAMED,1992-12-19 12:00:00,3.6,71.5,25, , 
1992354N03075,1992,UNNAMED,1992-12-19 15:00:00,3.8,71.2,25, , 
1992354N03075,1992,UNNAMED,1992-12-19 18:00:00,4.0,70.9,25, , 
1992354N03075,1992,UNNAMED,1992-12-19 21:00:00,4.2,70.6,28, , 
1992354N03075,1992,UNNAMED,1992-12-20 00:00:00,4.4,70.4,30, , 
1992354N03075,1992,UNNAMED,1992-12-20 03:00:00,4.6,70.1,30, , 
1992354N03075,1992,UNNAMED,1992-12-20 06:00:00,4.7,69.9,30, , 
1992354N03075,1992,UNNAMED,1992-12-20 09:00:00,4.8,69.7,30, , 
1992354N03075,1992,UNNAMED,1992-12-20 12:00:00,5.0,69.4,30, , 
1992354N03075,1992,UNNAMED,1992-12-20 15:00:00,5.2,69.0,33, , 
1992354N03075,1992,UNNAMED,1992-12-20 18:00:00,5.5,68.6,35, , 
1992354N03075,1992,UNNAMED,1992-12-20 21:00:00,5.7,68.1,38, , 
1992354N03075,1992,UNNAMED,1992-12-21 00:00:00,5.8,67.6,40, , 
1992354N03075,1992,UNNAMED,1992-12-21 03:00:00,5.9,67.0,40, , 
1992354N03075,1992,UNNAMED,1992-12-21 06:00:00,6.0,66.4,40, , 
1992354N03075,1992,UNNAMED,1992-12-21 09:00:00,6.1,65.7,40, , 
1992354N03075,1992,UNNAMED,1992-12-21 12:00:00,6.2,65.0,40, , 
1992354N03075,1992,UNNAMED,1992-12-21 15:00:00,6.3,64.3,40, , 
1992354N03075,1992,UNNAMED,1992-12-21 18:00:00,6.3,63.6,40, , 
1992354N03075,1992,UNNAMED,1992-12-21 21:00:00,6.3,62.9,40, , 
1992354N03075,1992,UNNAMED,1992-12-22 00:00:00,6.2,62.1,40, , 
1992354N03075,1992,UNNAMED,1992-12-22 03:00:00,6.1,61.3,40, , 
1992354N03075,1992,UNNAMED,1992-12-22 06:00:00,6.0,60.5,40, , 
1992354N03075,1992,UNNAMED,1992-12-22 09:00:00,6.0,59.7,40, , 
1992354N03075,1992,UNNAMED,1992-12-22 12:00:00,6.1,58.9,40, , 
1992354N03075,1992,UNNAMED,1992-12-22 15:00:00,6.2,58.1,43, , 
1992354N03075,1992,UNNAMED,1992-12-22 18:00:00,6.4,57.4,45, , 
1992354N03075,1992,UNNAMED,1992-12-22 21:00:00,6.6,56.7,45, , 
1992354N03075,1992,UNNAMED,1992-12-23 00:00:00,6.9,56.0,45, , 
1992354N03075,1992,UNNAMED,1992-12-23 03:00:00,7.1,55.3,45, , 
1992354N03075,1992,UNNAMED,1992-12-23 06:00:00,7.3,54.6,45, , 
1992354N03075,1992,UNNAMED,1992-12-23 09:00:00,7.4,53.9,48, , 
1992354N03075,1992,UNNAMED,1992-12-23 12:00:00,7.6,53.3,50, , 
1992354N03075,1992,UNNAMED,1992-12-23 15:00:00,7.8,52.6,50, , 
1992354N03075,1992,UNNAMED,1992-12-23 18:00:00,8.0,52.0,50, , 
1992354N03075,1992,UNNAMED,1992-12-23 21:00:00,8.1,51.6,50, , 
1992354N03075,1992,UNNAMED,1992-12-24 00:00:00,8.2,51.2,50, , 
1992354N03075,1992,UNNAMED,1992-12-24 03:00:00,8.4,50.7,48, , 
1992354N03075,1992,UNNAMED,1992-12-24 06:00:00,8.6,50.3,45, , 
1992354N03075,1992,UNNAMED,1992-12-24 09:00:00,8.8,49.9,35, , 
1992354N03075,1992,UNNAMED,1992-12-24 12:00:00,9.0,49.6,25, , 
1992354N03075,1992,UNNAMED,1992-12-24 15:00:00,9.2,49.3,20, , 
1992354N03075,1992,UNNAMED,1992-12-24 18:00:00,9.4,49.0,15, , 
1993309N06072,1993,UNNAMED,1993-11-05 00:00:00,5.6,72.4,20, , 
1993309N06072,1993,UNNAMED,1993-11-05 03:00:00,5.7,72.5,20, , 
1993309N06072,1993,UNNAMED,1993-11-05 06:00:00,5.8,72.7,20, , 
1993309N06072,1993,UNNAMED,1993-11-05 09:00:00,5.9,72.9,23, , 
1993309N06072,1993,UNNAMED,1993-11-05 12:00:00,5.9,73.1,25, , 
1993309N06072,1993,UNNAMED,1993-11-05 15:00:00,6.0,73.3,25, , 
1993309N06072,1993,UNNAMED,1993-11-05 18:00:00,6.1,73.5,25, , 
1993309N06072,1993,UNNAMED,1993-11-05 21:00:00,6.2,73.7,25, , 
1993309N06072,1993,UNNAMED,1993-11-06 00:00:00,6.2,74.0,25, , 
1993309N06072,1993,UNNAMED,1993-11-06 03:00:00,6.2,74.3,25, , 
1993309N06072,1993,UNNAMED,1993-11-06 06:00:00,6.3,74.5,25, , 
1993309N06072,1993,UNNAMED,1993-11-06 09:00:00,6.3,74.8,28, , 
1993309N06072,1993,UNNAMED,1993-11-06 12:00:00,6.4,75.0,30, , 
1993309N06072,1993,UNNAMED,1993-11-06 15:00:00,6.4,75.3,30, , 
1993309N06072,1993,UNNAMED,1993-11-06 18:00:00,6.5,75.5,30, , 
1993309N06072,1993,UNNAMED,1993-11-06 21:00:00,6.5,75.8,30, , 
1993309N06072,1993,UNNAMED,1993-11-07 00:00:00,6.6,76.0,30, , 
1993309N06072,1993,UNNAMED,1993-11-07 03:00:00,6.7,76.3,30, , 
1993309N06072,1993,UNNAMED,1993-11-07 06:00:00,6.8,76.5,30, , 
1993309N06072,1993,UNNAMED,1993-11-07 09:00:00,6.9,76.8,30, , 
1993309N06072,1993,UNNAMED,1993-11-07 12:00:00,7.0,77.0,30, , 
1993309N06072,1993,UNNAMED,1993-11-07 15:00:00,7.1,77.2,28, , 
1993309N06072,1993,UNNAMED,1993-11-07 18:00:00,7.3,77.4,25, , 
1993309N06072,1993,UNNAMED,1993-11-07 21:00:00,7.5,77.5,25, , 
1993309N06072,1993,UNNAMED,1993-11-08 00:00:00,7.7,77.5,25, , 
1993309N06072,1993,UNNAMED,1993-11-08 03:00:00,7.9,77.6,25, , 
1993309N06072,1993,UNNAMED,1993-11-08 06:00:00,8.1,77.6,25, , 
1993309N06072,1993,UNNAMED,1993-11-08 09:00:00,8.3,77.6,23, , 
1993309N06072,1993,UNNAMED,1993-11-08 12:00:00,8.5,77.5,20, , 
1993309N06072,1993,UNNAMED,1993-11-08 15:00:00,8.7,77.4,20, , 
1993309N06072,1993,UNNAMED,1993-11-08 18:00:00,8.8,77.2,20, , 
1993309N06072,1993,UNNAMED,1993-11-08 21:00:00,9.0,77.1,20, , 
1993309N06072,1993,UNNAMED,1993-11-09 00:00:00,9.2,76.9,20, , 
1993309N06072,1993,UNNAMED,1993-11-09 03:00:00,9.4,76.7,20, , 
1993309N06072,1993,UNNAMED,1993-11-09 06:00:00,9.6,76.5,20, , 
1993309N06072,1993,UNNAMED,1993-11-09 09:00:00,9.8,76.2,20, , 
1993309N06072,1993,UNNAMED,1993-11-09 12:00:00,10.0,75.8,20, , 
1993309N06072,1993,UNNAMED,1993-11-09 15:00:00,10.2,75.4,20, , 
1993309N06072,1993,UNNAMED,1993-11-09 18:00:00,10.4,75.0,20, , 
1993309N06072,1993,UNNAMED,1993-11-09 21:00:00,10.5,74.6,20, , 
1993309N06072,1993,UNNAMED,1993-11-10 00:00:00,10.6,74.1,20, , 
1993309N06072,1993,UNNAMED,1993-11-10 03:00:00,10.7,73.6,20, , 
1993309N06072,1993,UNNAMED,1993-11-10 06:00:00,10.8,73.1,20, , 
1993309N06072,1993,UNNAMED,1993-11-10 09:00:00,10.9,72.6,20, , 
1993309N06072,1993,UNNAMED,1993-11-10 12:00:00,11.0,72.1,20, , 
1993309N06072,1993,UNNAMED,1993-11-10 15:00:00,11.1,71.6,20, , 
1993309N06072,1993,UNNAMED,1993-11-10 18:00:00,11.2,71.2,20, , 
1993309N06072,1993,UNNAMED,1993-11-10 21:00:00,11.3,70.7,23, , 
1993309N06072,1993,UNNAMED,1993-11-11 00:00:00,11.5,70.3,25, , 
1993309N06072,1993,UNNAMED,1993-11-11 03:00:00,11.6,69.8,25, , 
1993309N06072,1993,UNNAMED,1993-11-11 06:00:00,11.8,69.4,25, , 
1993309N06072,1993,UNNAMED,1993-11-11 09:00:00,11.9,68.9,25, , 
1993309N06072,1993,UNNAMED,1993-11-11 12:00:00,12.1,68.5,25, , 
1993309N06072,1993,UNNAMED,1993-11-11 15:00:00,12.3,68.1,25, , 
1993309N06072,1993,UNNAMED,1993-11-11 18:00:00,12.5,67.7,25, , 
1993309N06072,1993,UNNAMED,1993-11-11 21:00:00,12.8,67.3,28, , 
1993309N06072,1993,UNNAMED,1993-11-12 00:00:00,13.1,67.0,30, , 
1993309N06072,1993,UNNAMED,1993-11-12 03:00:00,13.4,66.6,30, , 
1993309N06072,1993,UNNAMED,1993-11-12 06:00:00,13.8,66.3,30, , 
1993309N06072,1993,UNNAMED,1993-11-12 09:00:00,14.1,65.9,33, , 
1993309N06072,1993,UNNAMED,1993-11-12 12:00:00,14.5,65.6,35, , 
1993309N06072,1993,UNNAMED,1993-11-12 15:00:00,14.9,65.2,38, , 
1993309N06072,1993,UNNAMED,1993-11-12 18:00:00,15.3,64.9,40, , 
1993309N06072,1993,UNNAMED,1993-11-12 21:00:00,15.6,64.6,43, , 
1993309N06072,1993,UNNAMED,1993-11-13 00:00:00,16.0,64.3,45, , 
1993309N06072,1993,UNNAMED,1993-11-13 03:00:00,16.4,64.0, , , 
1993312N06079,1993,UNNAMED,1993-11-08 00:00:00,6.0,79.0, , , 
1993312N06079,1993,UNNAMED,1993-11-08 03:00:00,6.5,78.5, ,25,25
1993312N06079,1993,UNNAMED,1993-11-08 06:00:00,6.5,78.5, ,25,25
1993312N06079,1993,UNNAMED,1993-11-08 09:00:00,6.7,78.5, , ,25
1993312N06079,1993,UNNAMED,1993-11-08 12:00:00,7.0,78.5, ,25,25
1993312N06079,1993,UNNAMED,1993-11-08 15:00:00,7.2,78.5, , ,25
1993312N06079,1993,UNNAMED,1993-11-08 18:00:00,7.5,78.5, ,25,25
1993312N06079,1993,UNNAMED,1993-11-08 21:00:00,8.0,78.5, , ,25
1993312N06079,1993,UNNAMED,1993-11-09 00:00:00,8.5,78.5, ,25,25
1993312N06079,1993,UNNAMED,1993-11-09 03:00:00,9.0,78.5, ,25,25
1993312N06079,1993,UNNAMED,1993-11-09 06:00:00,9.0,78.0, ,25,25
1993312N06079,1993,UNNAMED,1993-11-09 09:00:00,9.0,77.7, , ,25
1993312N06079,1993,UNNAMED,1993-11-09 12:00:00,9.0,77.5, ,25,25
1993312N06079,1993,UNNAMED,1993-11-09 15:00:00,9.0,77.3, , ,25
1993312N06079,1993,UNNAMED,1993-11-09 18:00:00,9.0,77.0, ,25,25
1993312N06079,1993,UNNAMED,1993-11-09 21:00:00,9.2,76.6, , ,20
1993312N06079,1993,UNNAMED,1993-11-10 00:00:00,9.5,76.0, ,15,15
1993316N11070,1993,UNNAMED,1993-11-12 00:00:00,11.0,69.5, ,15,15
1993316N11070,1993,UNNAMED,1993-11-12 03:00:00,11.5,69.0, ,25,25
1993316N11070,1993,UNNAMED,1993-11-12 06:00:00,12.0,68.5, ,25,25
1993316N11070,1993,UNNAMED,1993-11-12 09:00:00,13.0,68.0, , ,28
1993316N11070,1993,UNNAMED,1993-11-12 12:00:00,14.0,67.5, ,30,30
1993316N11070,1993,UNNAMED,1993-11-12 15:00:00,14.1,67.0, , ,30
1993316N11070,1993,UNNAMED,1993-11-12 18:00:00,14.0,66.5, ,30,30
1993316N11070,1993,UNNAMED,1993-11-12 21:00:00,14.3,66.0, , ,33
1993316N11070,1993,UNNAMED,1993-11-13 00:00:00,15.0,65.5, ,35,35
1993316N11070,1993,UNNAMED,1993-11-13 03:00:00,16.0,65.0, ,45,45
1993316N11070,1993,UNNAMED,1993-11-13 06:00:00,16.5,64.4,55,45,45
1993316N11070,1993,UNNAMED,1993-11-13 09:00:00,17.0,64.2,58, ,45
1993316N11070,1993,UNNAMED,1993-11-13 12:00:00,17.5,64.2,60,45,45
1993316N11070,1993,UNNAMED,1993-11-13 15:00:00,18.0,64.1,63, ,45
1993316N11070,1993,UNNAMED,1993-11-13 18:00:00,18.5,64.0,65,45,45
1993316N11070,1993,UNNAMED,1993-11-13 21:00:00,18.9,64.0,68, ,45
1993316N11070,1993,UNNAMED,1993-11-14 00:00:00,19.4,64.1,70,45,45
1993316N11070,1993,UNNAMED,1993-11-14 03:00:00,19.9,64.1,73,45,45
1993316N11070,1993,UNNAMED,1993-11-14 06:00:00,20.0,64.2,75,55,55
1993316N11070,1993,UNNAMED,1993-11-14 09:00:00,20.3,64.2,78, ,60
1993316N11070,1993,UNNAMED,1993-11-14 12:00:00,20.6,64.4,80,65,65
1993316N11070,1993,UNNAMED,1993-11-14 15:00:00,21.1,64.8,78, ,65
1993316N11070,1993,UNNAMED,1993-11-14 18:00:00,21.5,65.3,75,65,65
1993316N11070,1993,UNNAMED,1993-11-14 21:00:00,21.9,65.9,70, ,60
1993316N11070,1993,UNNAMED,1993-11-15 00:00:00,22.4,66.5,65,55,55
1993316N11070,1993,UNNAMED,1993-11-15 03:00:00,23.1,66.9,60,45,45
1993316N11070,1993,UNNAMED,1993-11-15 06:00:00,23.2,67.0,55,35,35
1993316N11070,1993,UNNAMED,1993-11-15 09:00:00,23.2,67.2,50, ,33
1993316N11070,1993,UNNAMED,1993-11-15 12:00:00,23.2,67.3,45,30,30
1993316N11070,1993,UNNAMED,1993-11-15 15:00:00,23.2,67.4,40, ,30
1993316N11070,1993,UNNAMED,1993-11-15 18:00:00,23.2,67.5,35,30,30
1993316N11070,1993,UNNAMED,1993-11-15 21:00:00,23.2,67.6,30, ,23
1993316N11070,1993,UNNAMED,1993-11-16 00:00:00,23.1,67.6,25,15,15
1993331N07108,1993,UNNAMED,1993-11-27 00:00:00,7.4,107.7,20, , 
1993331N07108,1993,UNNAMED,1993-11-27 03:00:00,7.5,107.2,20, , 
1993331N07108,1993,UNNAMED,1993-11-27 06:00:00,7.5,106.6,20, , 
1993331N07108,1993,UNNAMED,1993-11-27 09:00:00,7.5,106.0,20, , 
1993331N07108,1993,UNNAMED,1993-11-27 12:00:00,7.5,105.5,20, , 
1993331N07108,1993,UNNAMED,1993-11-27 15:00:00,7.5,105.0,20, , 
1993331N07108,1993,UNNAMED,1993-11-27 18:00:00,7.6,104.5,20, , 
1993331N07108,1993,UNNAMED,1993-11-27 21:00:00,7.7,104.0,20, , 
1993331N07108,1993,UNNAMED,1993-11-28 00:00:00,7.7,103.4,20, , 
1993331N07108,1993,UNNAMED,1993-11-28 03:00:00,7.7,102.8,20, , 
1993331N07108,1993,UNNAMED,1993-11-28 06:00:00,7.7,102.3,20, , 
1993331N07108,1993,UNNAMED,1993-11-28 09:00:00,7.7,101.8,20, , 
1993331N07108,1993,UNNAMED,1993-11-28 12:00:00,7.8,101.3,20, , 
1993331N07108,1993,UNNAMED,1993-11-28 15:00:00,7.8,100.8,20, , 
1993331N07108,1993,UNNAMED,1993-11-28 18:00:00,7.8,100.2,20, , 
1993331N07108,1993,UNNAMED,1993-11-28 21:00:00,7.8,99.6,20, , 
1993331N07108,1993,UNNAMED,1993-11-29 00:00:00,7.9,99.1,20, , 
1993331N07108,1993,UNNAMED,1993-11-29 03:00:00,7.9,98.6,20, , 
1993331N07108,1993,UNNAMED,1993-11-29 06:00:00,7.9,98.1,20, , 
1993331N07108,1993,UNNAMED,1993-11-29 09:00:00,7.9,97.6,20, , 
1993331N07108,1993,UNNAMED,1993-11-29 12:00:00,7.9,97.0,20, , 
1993331N07108,1993,UNNAMED,1993-11-29 15:00:00,7.9,96.4,20, , 
1993331N07108,1993,UNNAMED,1993-11-29 18:00:00,7.9,95.8,20, , 
1993331N07108,1993,UNNAMED,1993-11-29 21:00:00,7.8,95.2,23, , 
1993331N07108,1993,UNNAMED,1993-11-30 00:00:00,7.6,94.5,25, , 
1993331N07108,1993,UNNAMED,1993-11-30 03:00:00,7.5,93.7,25, , 
1993331N07108,1993,UNNAMED,1993-11-30 06:00:00,7.5,92.9,25, , 
1993331N07108,1993,UNNAMED,1993-11-30 09:00:00,7.5,92.3,25, , 
1993331N07108,1993,UNNAMED,1993-11-30 12:00:00,7.6,91.8,25, , 
1993331N07108,1993,UNNAMED,1993-11-30 15:00:00,7.7,91.3,28, , 
1993331N07108,1993,UNNAMED,1993-11-30 18:00:00,7.8,90.9,30, , 
1993331N07108,1993,UNNAMED,1993-11-30 21:00:00,7.9,90.4,30, , 
1993331N07108,1993,UNNAMED,1993-12-01 00:00:00,8.0,89.9,30, , 
1993331N07108,1993,UNNAMED,1993-12-01 03:00:00,8.1,89.8,30,15,15
1993331N07108,1993,UNNAMED,1993-12-01 06:00:00,7.8,89.7,30,25,25
1993331N07108,1993,UNNAMED,1993-12-01 09:00:00,7.8,89.3,30, ,28
1993331N07108,1993,UNNAMED,1993-12-01 12:00:00,8.2,88.6,30,30,30
1993331N07108,1993,UNNAMED,1993-12-01 15:00:00,8.2,88.1,33, ,30
1993331N07108,1993,UNNAMED,1993-12-01 18:00:00,8.3,87.7,35,30,30
1993331N07108,1993,UNNAMED,1993-12-01 21:00:00,8.3,87.4,35, ,30
1993331N07108,1993,UNNAMED,1993-12-02 00:00:00,8.4,87.1,35,30,30
1993331N07108,1993,UNNAMED,1993-12-02 03:00:00,8.4,86.6,38,30,30
1993331N07108,1993,UNNAMED,1993-12-02 06:00:00,8.7,86.2,40,30,30
1993331N07108,1993,UNNAMED,1993-12-02 09:00:00,8.8,85.7,43, ,38
1993331N07108,1993,UNNAMED,1993-12-02 12:00:00,9.0,85.3,45,45,45
1993331N07108,1993,UNNAMED,1993-12-02 15:00:00,9.0,85.0,48, ,45
1993331N07108,1993,UNNAMED,1993-12-02 18:00:00,9.0,84.7,50,45,45
1993331N07108,1993,UNNAMED,1993-12-02 21:00:00,9.2,84.4,53, ,45
1993331N07108,1993,UNNAMED,1993-12-03 00:00:00,9.3,84.0,55,45,45
1993331N07108,1993,UNNAMED,1993-12-03 03:00:00,9.3,83.2,58,55,55
1993331N07108,1993,UNNAMED,1993-12-03 06:00:00,9.4,82.8,60,55,55
1993331N07108,1993,UNNAMED,1993-12-03 09:00:00,9.6,82.3,63, ,60
1993331N07108,1993,UNNAMED,1993-12-03 12:00:00,9.8,81.9,65,65,65
1993331N07108,1993,UNNAMED,1993-12-03 15:00:00,10.0,81.6,70, ,65
1993331N07108,1993,UNNAMED,1993-12-03 18:00:00,10.2,81.3,75,65,65
1993331N07108,1993,UNNAMED,1993-12-03 21:00:00,10.4,81.0,73, ,71
1993331N07108,1993,UNNAMED,1993-12-04 00:00:00,10.7,80.6,70,77,77
1993331N07108,1993,UNNAMED,1993-12-04 03:00:00,10.9,80.0,68,77,77
1993331N07108,1993,UNNAMED,1993-12-04 06:00:00,11.4,79.3,65,90,90
1993331N07108,1993,UNNAMED,1993-12-04 09:00:00,11.7,78.8,60, ,60
1993331N07108,1993,UNNAMED,1993-12-04 12:00:00,11.9,78.5,55,30,30
1993331N07108,1993,UNNAMED,1993-12-04 15:00:00,12.1,78.1,48, ,23
1993331N07108,1993,UNNAMED,1993-12-04 18:00:00,12.4,77.5,40,15,15
1993331N07108,1993,UNNAMED,1993-12-04 21:00:00,12.7,76.8,35, , 
1993331N07108,1993,UNNAMED,1993-12-05 00:00:00,13.0,76.3,30, , 
1993331N07108,1993,UNNAMED,1993-12-05 03:00:00,13.3,75.7,28, , 
1993331N07108,1993,UNNAMED,1993-12-05 06:00:00,13.6,75.2,25, , 
1993331N07108,1993,UNNAMED,1993-12-05 09:00:00,13.8,74.6,25, , 
1993331N07108,1993,UNNAMED,1993-12-05 12:00:00,14.0,74.1,25, , 
1993331N07108,1993,UNNAMED,1993-12-05 15:00:00,14.1,73.6,25, , 
1993331N07108,1993,UNNAMED,1993-12-05 18:00:00,14.2,73.0,25, , 
1993336N05164,1993,MANNY,1993-12-01 12:00:00,5.1,163.7,20, , 
1993336N05164,1993,MANNY,1993-12-01 15:00:00,5.0,163.0,20, , 
1993336N05164,1993,MANNY,1993-12-01 18:00:00,5.0,162.4,20, , 
1993336N05164,1993,MANNY,1993-12-01 21:00:00,5.1,162.0,20, , 
1993336N05164,1993,MANNY,1993-12-02 00:00:00,5.2,161.6,20, , 
1993336N05164,1993,MANNY,1993-12-02 03:00:00,5.4,161.0,20, , 
1993336N05164,1993,MANNY,1993-12-02 06:00:00,5.6,160.4,20, , 
1993336N05164,1993,MANNY,1993-12-02 09:00:00,5.7,159.7,20, , 
1993336N05164,1993,MANNY,1993-12-02 12:00:00,5.9,159.0,20, , 
1993336N05164,1993,MANNY,1993-12-02 15:00:00,6.1,158.3,20, , 
1993336N05164,1993,MANNY,1993-12-02 18:00:00,6.4,157.6,20, , 
1993336N05164,1993,MANNY,1993-12-02 21:00:00,6.6,156.8,23, , 
1993336N05164,1993,MANNY,1993-12-03 00:00:00,6.9,156.0,25, , 
1993336N05164,1993,MANNY,1993-12-03 03:00:00,7.0,155.1,25, , 
1993336N05164,1993,MANNY,1993-12-03 06:00:00,7.0,154.1,25, , 
1993336N05164,1993,MANNY,1993-12-03 09:00:00,7.0,153.1,25, , 
1993336N05164,1993,MANNY,1993-12-03 12:00:00,7.0,152.0,25, , 
1993336N05164,1993,MANNY,1993-12-03 15:00:00,7.1,151.0,28, , 
1993336N05164,1993,MANNY,1993-12-03 18:00:00,7.1,150.0,30, , 
1993336N05164,1993,MANNY,1993-12-03 21:00:00,7.2,149.0,30, , 
1993336N05164,1993,MANNY,1993-12-04 00:00:00,7.3,148.0,30, , 
1993336N05164,1993,MANNY,1993-12-04 03:00:00,7.4,146.9,30, , 
1993336N05164,1993,MANNY,1993-12-04 06:00:00,7.5,145.9,30, , 
1993336N05164,1993,MANNY,1993-12-04 09:00:00,7.7,145.0,33, , 
1993336N05164,1993,MANNY,1993-12-04 12:00:00,7.8,144.1,35, , 
1993336N05164,1993,MANNY,1993-12-04 15:00:00,8.0,143.3,38, , 
1993336N05164,1993,MANNY,1993-12-04 18:00:00,8.3,142.5,40, , 
1993336N05164,1993,MANNY,1993-12-04 21:00:00,8.5,141.6,43, , 
1993336N05164,1993,MANNY,1993-12-05 00:00:00,8.8,140.7,45,35, 
1993336N05164,1993,MANNY,1993-12-05 03:00:00,9.1,139.8,48, , 
1993336N05164,1993,MANNY,1993-12-05 06:00:00,9.4,139.0,50,45, 
1993336N05164,1993,MANNY,1993-12-05 09:00:00,9.7,138.2,53, , 
1993336N05164,1993,MANNY,1993-12-05 12:00:00,10.0,137.4,55,55, 
1993336N05164,1993,MANNY,1993-12-05 15:00:00,10.3,136.5,58, , 
1993336N05164,1993,MANNY,1993-12-05 18:00:00,10.6,135.6,60,55, 
1993336N05164,1993,MANNY,1993-12-05 21:00:00,11.0,134.9,60, , 
1993336N05164,1993,MANNY,1993-12-06 00:00:00,11.5,134.3,60,55, 
1993336N05164,1993,MANNY,1993-12-06 03:00:00,12.0,133.8,60, , 
1993336N05164,1993,MANNY,1993-12-06 06:00:00,12.5,133.3,60,55, 
1993336N05164,1993,MANNY,1993-12-06 09:00:00,13.0,132.8,58, , 
1993336N05164,1993,MANNY,1993-12-06 12:00:00,13.4,132.2,55,55, 
1993336N05164,1993,MANNY,1993-12-06 15:00:00,13.8,131.7,55, , 
1993336N05164,1993,MANNY,1993-12-06 18:00:00,14.1,131.2,55,55, 
1993336N05164,1993,MANNY,1993-12-06 21:00:00,14.5,130.7,55, , 
1993336N05164,1993,MANNY,1993-12-07 00:00:00,14.8,130.4,55,55, 
1993336N05164,1993,MANNY,1993-12-07 03:00:00,15.2,130.1,58, , 
1993336N05164,1993,MANNY,1993-12-07 06:00:00,15.5,129.9,60,55, 
1993336N05164,1993,MANNY,1993-12-07 09:00:00,15.7,129.7,60, , 
1993336N05164,1993,MANNY,1993-12-07 12:00:00,16.0,129.7,60,55, 
1993336N05164,1993,MANNY,1993-12-07 15:00:00,16.2,129.6,63, , 
1993336N05164,1993,MANNY,1993-12-07 18:00:00,16.5,129.7,65,60, 
1993336N05164,1993,MANNY,1993-12-07 21:00:00,16.6,129.8,68, , 
1993336N05164,1993,MANNY,1993-12-08 00:00:00,16.7,129.9,70,60, 
1993336N05164,1993,MANNY,1993-12-08 03:00:00,16.5,130.1,73, , 
1993336N05164,1993,MANNY,1993-12-08 06:00:00,16.3,130.1,75,60, 
1993336N05164,1993,MANNY,1993-12-08 09:00:00,16.1,130.1,78, , 
1993336N05164,1993,MANNY,1993-12-08 12:00:00,15.9,130.0,80,60, 
1993336N05164,1993,MANNY,1993-12-08 15:00:00,15.6,129.8,80, , 
1993336N05164,1993,MANNY,1993-12-08 18:00:00,15.3,129.5,80,60, 
1993336N05164,1993,MANNY,1993-12-08 21:00:00,14.9,129.1,83, , 
1993336N05164,1993,MANNY,1993-12-09 00:00:00,14.6,128.6,85,65, 
1993336N05164,1993,MANNY,1993-12-09 03:00:00,14.2,128.1,90, , 
1993336N05164,1993,MANNY,1993-12-09 06:00:00,13.9,127.6,95,75, 
1993336N05164,1993,MANNY,1993-12-09 09:00:00,13.6,127.0,108, , 
1993336N05164,1993,MANNY,1993-12-09 12:00:00,13.4,126.4,120,75, 
1993336N05164,1993,MANNY,1993-12-09 15:00:00,13.1,125.8,118, , 
1993336N05164,1993,MANNY,1993-12-09 18:00:00,12.9,125.1,115,75, 
1993336N05164,1993,MANNY,1993-12-09 21:00:00,12.7,124.5,110, , 
1993336N05164,1993,MANNY,1993-12-10 00:00:00,12.5,124.0,105,65, 
1993336N05164,1993,MANNY,1993-12-10 03:00:00,12.5,123.5,95, , 
1993336N05164,1993,MANNY,1993-12-10 06:00:00,12.5,123.0,85,55, 
1993336N05164,1993,MANNY,1993-12-10 09:00:00,12.5,122.5,83, , 
1993336N05164,1993,MANNY,1993-12-10 12:00:00,12.4,122.1,80,50, 
1993336N05164,1993,MANNY,1993-12-10 15:00:00,12.3,121.7,73, , 
1993336N05164,1993,MANNY,1993-12-10 18:00:00,12.2,121.3,65,45, 
1993336N05164,1993,MANNY,1993-12-10 21:00:00,12.1,120.9,58, , 
1993336N05164,1993,MANNY,1993-12-11 00:00:00,11.9,120.5,50,40, 
1993336N05164,1993,MANNY,1993-12-11 03:00:00,11.8,120.1,45, , 
1993336N05164,1993,MANNY,1993-12-11 06:00:00,11.6,119.7,40,35, 
1993336N05164,1993,MANNY,1993-12-11 09:00:00,11.4,119.2,40, , 
1993336N05164,1993,MANNY,1993-12-11 12:00:00,11.3,118.8,40,35, 
1993336N05164,1993,MANNY,1993-12-11 15:00:00,11.1,118.4,38, , 
1993336N05164,1993,MANNY,1993-12-11 18:00:00,11.0,118.0,35,35, 
1993336N05164,1993,MANNY,1993-12-11 21:00:00,10.9,117.6,33, , 
1993336N05164,1993,MANNY,1993-12-12 00:00:00,10.9,117.2,30,35, 
1993336N05164,1993,MANNY,1993-12-12 03:00:00,10.8,116.8,30, , 
1993336N05164,1993,MANNY,1993-12-12 06:00:00,10.9,116.5,30, , 
1993336N05164,1993,MANNY,1993-12-12 09:00:00,10.9,116.1,30, , 
1993336N05164,1993,MANNY,1993-12-12 12:00:00,10.9,115.7,30, , 
1993336N05164,1993,MANNY,1993-12-12 15:00:00,10.9,115.4,30, , 
1993336N05164,1993,MANNY,1993-12-12 18:00:00,11.0,115.0,30, , 
1993336N05164,1993,MANNY,1993-12-12 21:00:00,10.9,114.6,30, , 
1993336N05164,1993,MANNY,1993-12-13 00:00:00,10.9,114.2,30, , 
1993336N05164,1993,MANNY,1993-12-13 03:00:00,10.9,113.8,33, , 
1993336N05164,1993,MANNY,1993-12-13 06:00:00,10.9,113.4,35,35, 
1993336N05164,1993,MANNY,1993-12-13 09:00:00,10.8,113.0,38, , 
1993336N05164,1993,MANNY,1993-12-13 12:00:00,10.8,112.6,40,35, 
1993336N05164,1993,MANNY,1993-12-13 15:00:00,10.7,112.1,40, , 
1993336N05164,1993,MANNY,1993-12-13 18:00:00,10.6,111.6,40,35, 
1993336N05164,1993,MANNY,1993-12-13 21:00:00,10.4,111.1,38, , 
1993336N05164,1993,MANNY,1993-12-14 00:00:00,10.2,110.5,35,35, 
1993336N05164,1993,MANNY,1993-12-14 03:00:00,9.9,109.9,35, , 
1993336N05164,1993,MANNY,1993-12-14 06:00:00,9.5,109.3,35, , 
1993336N05164,1993,MANNY,1993-12-14 09:00:00,9.0,108.6,35, , 
1993336N05164,1993,MANNY,1993-12-14 12:00:00,8.3,107.9,35, , 
1993336N05164,1993,MANNY,1993-12-14 15:00:00,7.8,107.0,35, , 
1993336N05164,1993,MANNY,1993-12-14 18:00:00,7.4,106.3,35, , 
1993336N05164,1993,MANNY,1993-12-14 21:00:00,7.2,105.6,33, , 
1993336N05164,1993,MANNY,1993-12-15 00:00:00,7.1,104.9,30, , 
1993336N05164,1993,MANNY,1993-12-15 03:00:00,7.0,104.2,30, , 
1993336N05164,1993,MANNY,1993-12-15 06:00:00,7.1,103.6,30, , 
1993336N05164,1993,MANNY,1993-12-15 09:00:00,7.1,103.0,28, , 
1993336N05164,1993,MANNY,1993-12-15 12:00:00,7.2,102.4,25, , 
1993336N05164,1993,MANNY,1993-12-15 15:00:00,7.2,101.8,25, , 
1993336N05164,1993,MANNY,1993-12-15 18:00:00,7.2,101.2,25, , 
1993336N05164,1993,MANNY,1993-12-15 21:00:00,7.3,100.6,25, , 
1993336N05164,1993,MANNY,1993-12-16 00:00:00,7.5,100.0,25, , 
1993336N05164,1993,MANNY,1993-12-16 03:00:00,8.0,99.3,23, , 
1993336N05164,1993,MANNY,1993-12-16 06:00:00,8.2,98.8,20, , 
1993353N09084,1993,UNNAMED,1993-12-19 00:00:00,8.5,83.5, ,25,25
1993353N09084,1993,UNNAMED,1993-12-19 03:00:00,8.5,83.5, ,25,25
1993353N09084,1993,UNNAMED,1993-12-19 06:00:00,9.0,82.5, ,25,25
1993353N09084,1993,UNNAMED,1993-12-19 09:00:00,9.3,82.1, , ,28
1993353N09084,1993,UNNAMED,1993-12-19 12:00:00,9.5,82.0, ,30,30
1993353N09084,1993,UNNAMED,1993-12-19 15:00:00,9.8,81.5, , ,30
1993353N09084,1993,UNNAMED,1993-12-19 18:00:00,10.0,81.0, ,30,30
1993353N09084,1993,UNNAMED,1993-12-19 21:00:00,10.2,80.7, , ,28
1993353N09084,1993,UNNAMED,1993-12-20 00:00:00,10.5,80.5, ,25,25
1993353N09084,1993,UNNAMED,1993-12-20 03:00:00,11.0,80.5, ,25,25
1993353N09084,1993,UNNAMED,1993-12-20 06:00:00,11.0,80.5, ,25,25
1993353N09084,1993,UNNAMED,1993-12-20 09:00:00,11.0,80.5, ,25,25
1993353N09084,1993,UNNAMED,1993-12-20 12:00:00,11.0,80.0, ,15,15
1994078N06096,1994,UNNAMED,1994-03-18 18:00:00,6.3,96.1,15, , 
1994078N06096,1994,UNNAMED,1994-03-18 21:00:00,6.3,95.8,15, , 
1994078N06096,1994,UNNAMED,1994-03-19 00:00:00,6.3,95.5,15, , 
1994078N06096,1994,UNNAMED,1994-03-19 03:00:00,6.3,95.1,15, , 
1994078N06096,1994,UNNAMED,1994-03-19 06:00:00,6.4,94.8,15, , 
1994078N06096,1994,UNNAMED,1994-03-19 09:00:00,6.5,94.5,15, , 
1994078N06096,1994,UNNAMED,1994-03-19 12:00:00,6.7,94.2,15, , 
1994078N06096,1994,UNNAMED,1994-03-19 15:00:00,6.8,93.9,15, , 
1994078N06096,1994,UNNAMED,1994-03-19 18:00:00,7.0,93.6,15, , 
1994078N06096,1994,UNNAMED,1994-03-19 21:00:00,7.2,93.3,18, , 
1994078N06096,1994,UNNAMED,1994-03-20 00:00:00,7.4,93.1,20, , 
1994078N06096,1994,UNNAMED,1994-03-20 03:00:00,7.6,92.9,20, , 
1994078N06096,1994,UNNAMED,1994-03-20 06:00:00,7.9,92.7,20, , 
1994078N06096,1994,UNNAMED,1994-03-20 09:00:00,8.1,92.5,20, , 
1994078N06096,1994,UNNAMED,1994-03-20 12:00:00,8.3,92.3,20, , 
1994078N06096,1994,UNNAMED,1994-03-20 15:00:00,8.5,92.1,20, , 
1994078N06096,1994,UNNAMED,1994-03-20 18:00:00,8.8,92.0,20, , 
1994078N06096,1994,UNNAMED,1994-03-20 21:00:00,9.0,91.8,23, , 
1994078N06096,1994,UNNAMED,1994-03-21 00:00:00,9.3,91.7,25, , 
1994078N06096,1994,UNNAMED,1994-03-21 03:00:00,9.5,91.5,25, , 
1994078N06096,1994,UNNAMED,1994-03-21 06:00:00,9.8,91.4,25, , 
1994078N06096,1994,UNNAMED,1994-03-21 09:00:00,10.1,91.2,25, , 
1994078N06096,1994,UNNAMED,1994-03-21 12:00:00,10.3,91.1,25, , 
1994078N06096,1994,UNNAMED,1994-03-21 15:00:00,10.5,91.0,25, , 
1994078N06096,1994,UNNAMED,1994-03-21 18:00:00,10.8,90.9,25, , 
1994078N06096,1994,UNNAMED,1994-03-21 21:00:00,11.0,90.8,25, , 
1994078N06096,1994,UNNAMED,1994-03-22 00:00:00,11.3,90.7,25, , 
1994078N06096,1994,UNNAMED,1994-03-22 03:00:00,11.6,90.6,28, , 
1994078N06096,1994,UNNAMED,1994-03-22 06:00:00,11.8,90.5,30, , 
1994078N06096,1994,UNNAMED,1994-03-22 09:00:00,12.0,90.4,30, , 
1994078N06096,1994,UNNAMED,1994-03-22 12:00:00,12.2,90.4,30, , 
1994078N06096,1994,UNNAMED,1994-03-22 15:00:00,12.4,90.3,33, , 
1994078N06096,1994,UNNAMED,1994-03-22 18:00:00,12.6,90.3,35, , 
1994078N06096,1994,UNNAMED,1994-03-22 21:00:00,12.8,90.3,35, , 
1994078N06096,1994,UNNAMED,1994-03-23 00:00:00,13.0,90.4,35, , 
1994078N06096,1994,UNNAMED,1994-03-23 03:00:00,13.2,90.4,38, , 
1994078N06096,1994,UNNAMED,1994-03-23 06:00:00,13.3,90.3,40, , 
1994078N06096,1994,UNNAMED,1994-03-23 09:00:00,13.3,90.2,40, , 
1994078N06096,1994,UNNAMED,1994-03-23 12:00:00,13.3,90.1,40, , 
1994078N06096,1994,UNNAMED,1994-03-23 15:00:00,13.2,90.0,38, , 
1994078N06096,1994,UNNAMED,1994-03-23 18:00:00,13.1,89.8,35, , 
1994078N06096,1994,UNNAMED,1994-03-23 21:00:00,12.9,89.7,35, , 
1994078N06096,1994,UNNAMED,1994-03-24 00:00:00,12.6,89.6,35, , 
1994078N06096,1994,UNNAMED,1994-03-24 03:00:00,12.4,89.6,33, , 
1994078N06096,1994,UNNAMED,1994-03-24 06:00:00,12.2,89.5,30, , 
1994078N06096,1994,UNNAMED,1994-03-24 09:00:00,12.0,89.4,30, , 
1994078N06096,1994,UNNAMED,1994-03-24 12:00:00,11.7,89.3,30, , 
1994078N06096,1994,UNNAMED,1994-03-24 15:00:00,11.5,89.3,30, , 
1994078N06096,1994,UNNAMED,1994-03-24 18:00:00,11.3,89.2,30, , 
1994078N06096,1994,UNNAMED,1994-03-24 21:00:00,11.0,89.1,28, , 
1994078N06096,1994,UNNAMED,1994-03-25 00:00:00,10.7,88.9,25, , 
1994078N06096,1994,UNNAMED,1994-03-25 03:00:00,10.4,88.7,25, , 
1994078N06096,1994,UNNAMED,1994-03-25 06:00:00,10.0,88.4,25, , 
1994078N06096,1994,UNNAMED,1994-03-25 09:00:00,9.6,88.0,23, , 
1994078N06096,1994,UNNAMED,1994-03-25 12:00:00,9.2,87.5,20, , 
1994117N07096,1994,UNNAMED,1994-04-26 18:00:00,7.4,95.5,15, , 
1994117N07096,1994,UNNAMED,1994-04-26 21:00:00,7.5,95.3,15, , 
1994117N07096,1994,UNNAMED,1994-04-27 00:00:00,7.6,95.0,15, , 
1994117N07096,1994,UNNAMED,1994-04-27 03:00:00,7.7,94.7,15, , 
1994117N07096,1994,UNNAMED,1994-04-27 06:00:00,7.8,94.5,15, , 
1994117N07096,1994,UNNAMED,1994-04-27 09:00:00,7.9,94.2,18, , 
1994117N07096,1994,UNNAMED,1994-04-27 12:00:00,8.0,94.0,20, , 
1994117N07096,1994,UNNAMED,1994-04-27 15:00:00,8.1,93.7,20, , 
1994117N07096,1994,UNNAMED,1994-04-27 18:00:00,8.2,93.5,20, , 
1994117N07096,1994,UNNAMED,1994-04-27 21:00:00,8.3,93.2,20, , 
1994117N07096,1994,UNNAMED,1994-04-28 00:00:00,8.4,93.0,20, , 
1994117N07096,1994,UNNAMED,1994-04-28 03:00:00,8.5,92.7,23, , 
1994117N07096,1994,UNNAMED,1994-04-28 06:00:00,8.6,92.5,25, , 
1994117N07096,1994,UNNAMED,1994-04-28 09:00:00,8.7,92.2,25, , 
1994117N07096,1994,UNNAMED,1994-04-28 12:00:00,8.8,92.0,25, , 
1994117N07096,1994,UNNAMED,1994-04-28 15:00:00,8.9,91.7,28, , 
1994117N07096,1994,UNNAMED,1994-04-28 18:00:00,9.1,91.5,30, , 
1994117N07096,1994,UNNAMED,1994-04-28 21:00:00,9.2,91.3,30, , 
1994117N07096,1994,UNNAMED,1994-04-29 00:00:00,9.2,91.3,30,25,25
1994117N07096,1994,UNNAMED,1994-04-29 03:00:00,9.4,91.1,33,30,30
1994117N07096,1994,UNNAMED,1994-04-29 06:00:00,9.5,91.0,35,30,30
1994117N07096,1994,UNNAMED,1994-04-29 09:00:00,9.8,90.9,35, ,33
1994117N07096,1994,UNNAMED,1994-04-29 12:00:00,10.1,90.8,35,35,35
1994117N07096,1994,UNNAMED,1994-04-29 15:00:00,10.3,90.7,38, ,40
1994117N07096,1994,UNNAMED,1994-04-29 18:00:00,10.5,90.6,40,45,45
1994117N07096,1994,UNNAMED,1994-04-29 21:00:00,10.8,90.5,43, ,45
1994117N07096,1994,UNNAMED,1994-04-30 00:00:00,11.1,90.5,45,45,45
1994117N07096,1994,UNNAMED,1994-04-30 03:00:00,11.3,90.4,48,45,45
1994117N07096,1994,UNNAMED,1994-04-30 06:00:00,11.7,90.4,50,45,45
1994117N07096,1994,UNNAMED,1994-04-30 09:00:00,12.0,90.3,53, ,50
1994117N07096,1994,UNNAMED,1994-04-30 12:00:00,12.3,90.4,55,55,55
1994117N07096,1994,UNNAMED,1994-04-30 15:00:00,12.7,90.3,60, ,55
1994117N07096,1994,UNNAMED,1994-04-30 18:00:00,13.2,90.2,65,55,55
1994117N07096,1994,UNNAMED,1994-04-30 21:00:00,13.6,90.2,70, ,58
1994117N07096,1994,UNNAMED,1994-05-01 00:00:00,14.0,90.2,75,60,60
1994117N07096,1994,UNNAMED,1994-05-01 03:00:00,14.4,90.2,80,60,60
1994117N07096,1994,UNNAMED,1994-05-01 06:00:00,15.2,90.3,85,60,60
1994117N07096,1994,UNNAMED,1994-05-01 09:00:00,15.8,90.4,90, ,69
1994117N07096,1994,UNNAMED,1994-05-01 12:00:00,16.3,90.6,95,77,77
1994117N07096,1994,UNNAMED,1994-05-01 15:00:00,16.8,90.6,100, ,84
1994117N07096,1994,UNNAMED,1994-05-01 18:00:00,17.3,90.8,105,90,90
1994117N07096,1994,UNNAMED,1994-05-01 21:00:00,18.0,91.0,110, ,96
1994117N07096,1994,UNNAMED,1994-05-02 00:00:00,18.6,91.3,115,102,102
1994117N07096,1994,UNNAMED,1994-05-02 03:00:00,19.1,91.4,120,102,102
1994117N07096,1994,UNNAMED,1994-05-02 06:00:00,19.6,91.6,125,102,102
1994117N07096,1994,UNNAMED,1994-05-02 09:00:00,20.1,91.8,118, ,109
1994117N07096,1994,UNNAMED,1994-05-02 12:00:00,20.7,92.1,110,115,115
1994117N07096,1994,UNNAMED,1994-05-02 15:00:00,21.2,92.3,95, , 
1994117N07096,1994,UNNAMED,1994-05-02 17:00:00,21.5,92.5,85, , 
1994117N07096,1994,UNNAMED,1994-05-02 18:00:00,21.7,92.6,80, , 
1994117N07096,1994,UNNAMED,1994-05-02 21:00:00,22.1,93.0,65, , 
1994117N07096,1994,UNNAMED,1994-05-03 00:00:00,22.4,93.5,50, , 
1994117N07096,1994,UNNAMED,1994-05-03 03:00:00,22.7,94.0,40, , 
1994117N07096,1994,UNNAMED,1994-05-03 06:00:00,23.0,94.5,30, , 
1994117N07096,1994,UNNAMED,1994-05-03 09:00:00,23.3,95.0,25, , 
1994117N07096,1994,UNNAMED,1994-05-03 12:00:00,23.5,95.6,20, , 
1994157N17074,1994,UNNAMED,1994-06-05 12:00:00,16.6,73.7,20,15,15
1994157N17074,1994,UNNAMED,1994-06-05 15:00:00,16.7,73.3,20, ,20
1994157N17074,1994,UNNAMED,1994-06-05 18:00:00,16.9,72.9,20,25,25
1994157N17074,1994,UNNAMED,1994-06-05 21:00:00,16.9,72.5,23, ,25
1994157N17074,1994,UNNAMED,1994-06-06 00:00:00,17.2,72.1,25,25,25
1994157N17074,1994,UNNAMED,1994-06-06 03:00:00,17.8,71.4,25,30,30
1994157N17074,1994,UNNAMED,1994-06-06 06:00:00,17.9,71.1,25,30,30
1994157N17074,1994,UNNAMED,1994-06-06 09:00:00,18.0,70.4,28, ,33
1994157N17074,1994,UNNAMED,1994-06-06 12:00:00,18.3,69.7,30,35,35
1994157N17074,1994,UNNAMED,1994-06-06 15:00:00,18.6,69.0,30, ,35
1994157N17074,1994,UNNAMED,1994-06-06 18:00:00,18.9,68.4,30,35,35
1994157N17074,1994,UNNAMED,1994-06-06 21:00:00,19.0,67.6,33, ,35
1994157N17074,1994,UNNAMED,1994-06-07 00:00:00,19.2,66.9,35,35,35
1994157N17074,1994,UNNAMED,1994-06-07 03:00:00,19.2,66.1,38,35,35
1994157N17074,1994,UNNAMED,1994-06-07 06:00:00,19.2,65.0,40,45,45
1994157N17074,1994,UNNAMED,1994-06-07 09:00:00,19.1,64.4,40, ,50
1994157N17074,1994,UNNAMED,1994-06-07 12:00:00,19.2,64.0,40,55,55
1994157N17074,1994,UNNAMED,1994-06-07 15:00:00,19.2,63.4,43, ,50
1994157N17074,1994,UNNAMED,1994-06-07 18:00:00,19.2,63.0,45,45,45
1994157N17074,1994,UNNAMED,1994-06-07 21:00:00,19.2,62.5,45, ,40
1994157N17074,1994,UNNAMED,1994-06-08 00:00:00,19.3,62.1,45,35,35
1994157N17074,1994,UNNAMED,1994-06-08 03:00:00,19.3,61.7,43,35,35
1994157N17074,1994,UNNAMED,1994-06-08 06:00:00,19.4,61.6,40,35,35
1994157N17074,1994,UNNAMED,1994-06-08 09:00:00,19.5,61.3,40, ,33
1994157N17074,1994,UNNAMED,1994-06-08 12:00:00,19.6,61.0,40,30,30
1994157N17074,1994,UNNAMED,1994-06-08 15:00:00,19.6,60.6,38, ,30
1994157N17074,1994,UNNAMED,1994-06-08 18:00:00,19.7,60.4,35,30,30
1994157N17074,1994,UNNAMED,1994-06-08 21:00:00,19.7,60.1,33, ,28
1994157N17074,1994,UNNAMED,1994-06-09 00:00:00,19.8,59.8,30,25,25
1994157N17074,1994,UNNAMED,1994-06-09 03:00:00,19.8,59.3,30,25,25
1994157N17074,1994,UNNAMED,1994-06-09 06:00:00,20.1,58.9,30,25,25
1994157N17074,1994,UNNAMED,1994-06-09 09:00:00,20.3,58.6,28, ,20
1994157N17074,1994,UNNAMED,1994-06-09 12:00:00,20.3,58.3,25,15,15
1994157N17074,1994,UNNAMED,1994-06-09 15:00:00,20.5,57.8,25, , 
1994157N17074,1994,UNNAMED,1994-06-09 18:00:00,20.6,57.5,25, , 
1994206N22107,1994,AMY,1994-07-25 00:00:00,22.0,107.0, , , 
1994206N22107,1994,AMY,1994-07-25 03:00:00,22.0,107.0, , , 
1994206N22107,1994,AMY,1994-07-25 06:00:00,22.0,107.0, , , 
1994206N22107,1994,AMY,1994-07-25 09:00:00,22.0,107.0, , , 
1994206N22107,1994,AMY,1994-07-25 12:00:00,22.0,107.0, , , 
1994206N22107,1994,AMY,1994-07-25 15:00:00,22.0,107.0, , , 
1994206N22107,1994,AMY,1994-07-25 18:00:00,22.0,107.0, , , 
1994206N22107,1994,AMY,1994-07-25 21:00:00,22.0,107.0, , , 
1994206N22107,1994,AMY,1994-07-26 00:00:00,21.8,106.9, , , 
1994206N22107,1994,AMY,1994-07-26 03:00:00,21.7,106.8, , , 
1994206N22107,1994,AMY,1994-07-26 06:00:00,21.6,106.8, , , 
1994206N22107,1994,AMY,1994-07-26 09:00:00,21.3,106.9, , , 
1994206N22107,1994,AMY,1994-07-26 12:00:00,21.0,107.3, , , 
1994206N22107,1994,AMY,1994-07-26 15:00:00,20.9,107.8, , , 
1994206N22107,1994,AMY,1994-07-26 18:00:00,20.9,108.3, , , 
1994206N22107,1994,AMY,1994-07-26 21:00:00,21.0,108.5, , , 
1994206N22107,1994,AMY,1994-07-27 00:00:00,21.0,108.7,15, , 
1994206N22107,1994,AMY,1994-07-27 03:00:00,20.9,108.7,15, , 
1994206N22107,1994,AMY,1994-07-27 06:00:00,20.8,108.7,15, , 
1994206N22107,1994,AMY,1994-07-27 09:00:00,20.6,108.9,15, , 
1994206N22107,1994,AMY,1994-07-27 12:00:00,20.6,109.1,15, , 
1994206N22107,1994,AMY,1994-07-27 15:00:00,20.7,109.2,15, , 
1994206N22107,1994,AMY,1994-07-27 18:00:00,20.8,109.3,15, , 
1994206N22107,1994,AMY,1994-07-27 21:00:00,20.8,109.4,18, , 
1994206N22107,1994,AMY,1994-07-28 00:00:00,20.7,109.2,20, , 
1994206N22107,1994,AMY,1994-07-28 03:00:00,20.6,109.2,20, , 
1994206N22107,1994,AMY,1994-07-28 06:00:00,20.6,109.1,20, , 
1994206N22107,1994,AMY,1994-07-28 09:00:00,20.5,109.1,23, , 
1994206N22107,1994,AMY,1994-07-28 12:00:00,20.4,109.0,25, , 
1994206N22107,1994,AMY,1994-07-28 15:00:00,20.3,108.9,25, , 
1994206N22107,1994,AMY,1994-07-28 18:00:00,20.2,108.8,25, , 
1994206N22107,1994,AMY,1994-07-28 21:00:00,20.0,108.6,28, , 
1994206N22107,1994,AMY,1994-07-29 00:00:00,19.8,108.5,30,35, 
1994206N22107,1994,AMY,1994-07-29 03:00:00,19.3,108.3,30, , 
1994206N22107,1994,AMY,1994-07-29 06:00:00,19.0,108.2,30,45, 
1994206N22107,1994,AMY,1994-07-29 09:00:00,18.9,108.3,30, , 
1994206N22107,1994,AMY,1994-07-29 12:00:00,18.8,108.4,30,40, 
1994206N22107,1994,AMY,1994-07-29 15:00:00,18.8,108.5,33, , 
1994206N22107,1994,AMY,1994-07-29 18:00:00,18.9,108.5,35,40, 
1994206N22107,1994,AMY,1994-07-29 21:00:00,18.9,108.2,38, , 
1994206N22107,1994,AMY,1994-07-30 00:00:00,19.0,107.8,40,35, 
1994206N22107,1994,AMY,1994-07-30 03:00:00,19.1,107.6,40, , 
1994206N22107,1994,AMY,1994-07-30 06:00:00,19.3,107.3,40,35, 
1994206N22107,1994,AMY,1994-07-30 09:00:00,19.4,107.0,38, , 
1994206N22107,1994,AMY,1994-07-30 12:00:00,19.6,106.6,35,35, 
1994206N22107,1994,AMY,1994-07-30 15:00:00,19.6,106.1,33, , 
1994206N22107,1994,AMY,1994-07-30 18:00:00,19.6,105.4,30,35, 
1994206N22107,1994,AMY,1994-07-30 21:00:00,19.4,104.6,28, , 
1994206N22107,1994,AMY,1994-07-31 00:00:00,19.1,103.7,25, , 
1994206N22107,1994,AMY,1994-07-31 03:00:00,19.0,103.0,20, , 
1994206N22107,1994,AMY,1994-07-31 06:00:00,19.0,102.5,15, , 
1994206N22107,1994,AMY,1994-07-31 09:00:00,19.0,101.8,13, , 
1994206N22107,1994,AMY,1994-07-31 12:00:00,19.0,101.0,10, , 
1994206N22107,1994,AMY,1994-07-31 15:00:00,19.0,100.5, , , 
1994206N22107,1994,AMY,1994-07-31 18:00:00,19.0,100.0, , , 
1994206N22107,1994,AMY,1994-07-31 21:00:00,19.0,99.5, , , 
1994206N22107,1994,AMY,1994-08-01 00:00:00,19.0,99.0, , , 
1994206N22107,1994,AMY,1994-08-01 03:00:00,19.0,98.7, , , 
1994206N22107,1994,AMY,1994-08-01 06:00:00,19.0,98.4, , , 
1994302N11086,1994,UNNAMED,1994-10-28 12:00:00,11.0,85.5,15, , 
1994302N11086,1994,UNNAMED,1994-10-28 15:00:00,11.1,85.3,18, , 
1994302N11086,1994,UNNAMED,1994-10-28 18:00:00,11.2,85.2,20, , 
1994302N11086,1994,UNNAMED,1994-10-28 21:00:00,11.3,85.1,20, , 
1994302N11086,1994,UNNAMED,1994-10-29 00:00:00,11.4,84.9,20, , 
1994302N11086,1994,UNNAMED,1994-10-29 03:00:00,11.1,84.8,23,25,25
1994302N11086,1994,UNNAMED,1994-10-29 06:00:00,11.0,84.5,25,25,25
1994302N11086,1994,UNNAMED,1994-10-29 09:00:00,11.0,84.3,25, ,28
1994302N11086,1994,UNNAMED,1994-10-29 12:00:00,11.0,84.3,25,30,30
1994302N11086,1994,UNNAMED,1994-10-29 15:00:00,11.2,84.0,25, ,30
1994302N11086,1994,UNNAMED,1994-10-29 18:00:00,11.4,83.7,25,30,30
1994302N11086,1994,UNNAMED,1994-10-29 21:00:00,11.5,83.4,28, ,30
1994302N11086,1994,UNNAMED,1994-10-30 00:00:00,11.7,82.9,30,30,30
1994302N11086,1994,UNNAMED,1994-10-30 03:00:00,11.9,82.2,30,35,35
1994302N11086,1994,UNNAMED,1994-10-30 06:00:00,12.0,81.8,30,45,45
1994302N11086,1994,UNNAMED,1994-10-30 09:00:00,12.1,81.5,33, ,50
1994302N11086,1994,UNNAMED,1994-10-30 12:00:00,12.2,81.2,35,55,55
1994302N11086,1994,UNNAMED,1994-10-30 15:00:00,12.4,80.9,38, ,58
1994302N11086,1994,UNNAMED,1994-10-30 18:00:00,12.5,80.6,40,60,60
1994302N11086,1994,UNNAMED,1994-10-30 21:00:00,12.7,80.4,43, ,60
1994302N11086,1994,UNNAMED,1994-10-31 00:00:00,12.9,80.2,45,60,60
1994302N11086,1994,UNNAMED,1994-10-31 03:00:00,13.1,79.9,38,55,55
1994302N11086,1994,UNNAMED,1994-10-31 06:00:00,13.5,79.6,30,35,35
1994302N11086,1994,UNNAMED,1994-10-31 09:00:00,13.7,79.2,25, ,33
1994302N11086,1994,UNNAMED,1994-10-31 12:00:00,14.0,78.9,20,30,30
1994302N11086,1994,UNNAMED,1994-10-31 15:00:00,14.2,78.6,18, , 
1994302N11086,1994,UNNAMED,1994-10-31 18:00:00,14.6,78.5,15, , 
1994317N07070,1994,UNNAMED,1994-11-13 00:00:00,7.5,69.5,15, , 
1994317N07070,1994,UNNAMED,1994-11-13 03:00:00,7.7,69.3,15, , 
1994317N07070,1994,UNNAMED,1994-11-13 06:00:00,8.0,69.2,15, , 
1994317N07070,1994,UNNAMED,1994-11-13 09:00:00,8.3,69.1,15, , 
1994317N07070,1994,UNNAMED,1994-11-13 12:00:00,8.5,68.9,15, , 
1994317N07070,1994,UNNAMED,1994-11-13 15:00:00,8.7,68.7,15, , 
1994317N07070,1994,UNNAMED,1994-11-13 18:00:00,8.9,68.5,15, , 
1994317N07070,1994,UNNAMED,1994-11-13 21:00:00,9.1,68.3,15, , 
1994317N07070,1994,UNNAMED,1994-11-14 00:00:00,9.3,68.1,15, , 
1994317N07070,1994,UNNAMED,1994-11-14 03:00:00,9.5,67.9,18, , 
1994317N07070,1994,UNNAMED,1994-11-14 06:00:00,9.6,67.6,20, , 
1994317N07070,1994,UNNAMED,1994-11-14 09:00:00,9.8,67.3,20, , 
1994317N07070,1994,UNNAMED,1994-11-14 12:00:00,9.9,67.1,20, , 
1994317N07070,1994,UNNAMED,1994-11-14 15:00:00,10.0,66.8,20, , 
1994317N07070,1994,UNNAMED,1994-11-14 18:00:00,10.1,66.6,20, , 
1994317N07070,1994,UNNAMED,1994-11-14 21:00:00,10.2,66.4,23, , 
1994317N07070,1994,UNNAMED,1994-11-15 00:00:00,10.2,66.2,25,15,15
1994317N07070,1994,UNNAMED,1994-11-15 03:00:00,9.8,65.8,25,25,25
1994317N07070,1994,UNNAMED,1994-11-15 06:00:00,9.6,65.7,25,25,25
1994317N07070,1994,UNNAMED,1994-11-15 09:00:00,9.5,65.6,28, ,25
1994317N07070,1994,UNNAMED,1994-11-15 12:00:00,9.5,65.5,30,25,25
1994317N07070,1994,UNNAMED,1994-11-15 15:00:00,9.4,65.2,30, ,25
1994317N07070,1994,UNNAMED,1994-11-15 18:00:00,9.4,65.0,30,25,25
1994317N07070,1994,UNNAMED,1994-11-15 21:00:00,9.5,64.8,30, ,25
1994317N07070,1994,UNNAMED,1994-11-16 00:00:00,9.5,64.6,30,25,25
1994317N07070,1994,UNNAMED,1994-11-16 03:00:00,9.4,64.2,33,30,30
1994317N07070,1994,UNNAMED,1994-11-16 06:00:00,9.4,64.1,35,30,30
1994317N07070,1994,UNNAMED,1994-11-16 09:00:00,9.3,64.0,35, ,33
1994317N07070,1994,UNNAMED,1994-11-16 12:00:00,9.3,63.9,35,35,35
1994317N07070,1994,UNNAMED,1994-11-16 15:00:00,9.2,63.7,35, ,38
1994317N07070,1994,UNNAMED,1994-11-16 18:00:00,9.2,63.6,35,40,40
1994317N07070,1994,UNNAMED,1994-11-16 21:00:00,9.2,63.3,35, ,40
1994317N07070,1994,UNNAMED,1994-11-17 00:00:00,9.2,63.0,35,40,40
1994317N07070,1994,UNNAMED,1994-11-17 03:00:00,8.9,62.6,38,40,40
1994317N07070,1994,UNNAMED,1994-11-17 06:00:00,8.9,61.9,40,35,35
1994317N07070,1994,UNNAMED,1994-11-17 09:00:00,8.7,61.4,40, ,35
1994317N07070,1994,UNNAMED,1994-11-17 12:00:00,8.6,61.0,40,35,35
1994317N07070,1994,UNNAMED,1994-11-17 15:00:00,8.4,60.7,40, ,35
1994317N07070,1994,UNNAMED,1994-11-17 18:00:00,8.3,60.4,40,35,35
1994317N07070,1994,UNNAMED,1994-11-17 21:00:00,8.2,60.0,43, ,38
1994317N07070,1994,UNNAMED,1994-11-18 00:00:00,8.2,59.7,45,40,40
1994317N07070,1994,UNNAMED,1994-11-18 03:00:00,8.2,59.4,45,40,40
1994317N07070,1994,UNNAMED,1994-11-18 06:00:00,8.2,58.1,45,40,40
1994317N07070,1994,UNNAMED,1994-11-18 09:00:00,8.1,57.4,48, ,40
1994317N07070,1994,UNNAMED,1994-11-18 12:00:00,8.1,57.0,50,40,40
1994317N07070,1994,UNNAMED,1994-11-18 15:00:00,8.1,56.6,50, ,43
1994317N07070,1994,UNNAMED,1994-11-18 18:00:00,8.1,56.1,50,45,45
1994317N07070,1994,UNNAMED,1994-11-18 21:00:00,8.0,55.3,53, ,50
1994317N07070,1994,UNNAMED,1994-11-19 00:00:00,8.0,54.4,55,55,55
1994317N07070,1994,UNNAMED,1994-11-19 03:00:00,8.0,53.8,55,65,65
1994317N07070,1994,UNNAMED,1994-11-19 06:00:00,8.0,52.9,55,65,65
1994317N07070,1994,UNNAMED,1994-11-19 09:00:00,7.9,51.9,53, ,60
1994317N07070,1994,UNNAMED,1994-11-19 12:00:00,7.9,51.1,50,55,55
1994317N07070,1994,UNNAMED,1994-11-19 15:00:00,7.9,50.5,48, ,50
1994317N07070,1994,UNNAMED,1994-11-19 18:00:00,7.8,50.1,45,45,45
1994317N07070,1994,UNNAMED,1994-11-19 21:00:00,7.8,49.5,38, ,40
1994317N07070,1994,UNNAMED,1994-11-20 00:00:00,7.8,48.9,30,35,35
1994317N07070,1994,UNNAMED,1994-11-20 03:00:00,7.7,48.1,23,35,35
1994317N07070,1994,UNNAMED,1994-11-20 06:00:00,7.5,46.7,15, , 
1995126N11081,1995,UNNAMED,1995-05-05 21:00:00,11.0,80.5, ,25,25
1995126N11081,1995,UNNAMED,1995-05-06 00:00:00,11.5,80.5, ,25,25
1995126N11081,1995,UNNAMED,1995-05-06 03:00:00,11.5,80.5, ,25,25
1995126N11081,1995,UNNAMED,1995-05-06 06:00:00,11.5,80.5, ,25,25
1995126N11081,1995,UNNAMED,1995-05-06 09:00:00,11.5,80.0, ,30,30
1995126N11081,1995,UNNAMED,1995-05-06 12:00:00,12.0,79.5, , , 
1995126N11081,1995,UNNAMED,1995-05-06 15:00:00,12.3,79.0, , , 
1995126N11081,1995,UNNAMED,1995-05-06 18:00:00,12.5,78.5, , , 
1995128N15082,1995,UNNAMED,1995-05-08 09:00:00,14.5,81.5, ,25,25
1995128N15082,1995,UNNAMED,1995-05-08 12:00:00,15.0,81.5, ,25,25
1995128N15082,1995,UNNAMED,1995-05-08 15:00:00,15.3,81.5, , ,25
1995128N15082,1995,UNNAMED,1995-05-08 18:00:00,15.5,81.5, ,25,25
1995128N15082,1995,UNNAMED,1995-05-08 21:00:00,15.4,81.3, , ,25
1995128N15082,1995,UNNAMED,1995-05-09 00:00:00,15.5,81.5, ,25,25
1995128N15082,1995,UNNAMED,1995-05-09 03:00:00,16.0,82.5, ,25,25
1995128N15082,1995,UNNAMED,1995-05-09 06:00:00,16.5,82.5, ,25,25
1995128N15082,1995,UNNAMED,1995-05-09 09:00:00,16.5,82.5, ,30,30
1995128N15082,1995,UNNAMED,1995-05-09 12:00:00,16.5,82.5, ,30,30
1995128N15082,1995,UNNAMED,1995-05-09 15:00:00,16.9,82.5, , , 
1995128N15082,1995,UNNAMED,1995-05-09 18:00:00,17.5,82.5, , , 
1995128N15082,1995,UNNAMED,1995-05-09 21:00:00,17.7,82.5, , , 
1995128N15082,1995,UNNAMED,1995-05-10 00:00:00,18.0,82.5, , , 
1995128N15082,1995,UNNAMED,1995-05-10 03:00:00,18.5,82.5, , , 
1995128N15082,1995,UNNAMED,1995-05-10 06:00:00,19.0,82.5, , , 
1995128N15082,1995,UNNAMED,1995-05-10 09:00:00,19.0,83.5, , , 
1995135N20087,1995,UNNAMED,1995-05-14 18:00:00,19.5,86.5, ,25,25
1995135N20087,1995,UNNAMED,1995-05-14 21:00:00,19.7,86.6, , ,25
1995135N20087,1995,UNNAMED,1995-05-15 00:00:00,20.0,86.8, ,25,25
1995135N20087,1995,UNNAMED,1995-05-15 03:00:00,20.5,87.0, ,30,30
1995135N20087,1995,UNNAMED,1995-05-15 06:00:00,21.0,87.3, ,30,30
1995135N20087,1995,UNNAMED,1995-05-15 09:00:00,21.3,87.4, , ,30
1995135N20087,1995,UNNAMED,1995-05-15 12:00:00,21.5,87.5, ,30,30
1995135N20087,1995,UNNAMED,1995-05-15 15:00:00,21.5,87.7, , ,30
1995135N20087,1995,UNNAMED,1995-05-15 18:00:00,21.5,88.0, ,30,30
1995135N20087,1995,UNNAMED,1995-05-15 21:00:00,21.8,88.3, , ,30
1995135N20087,1995,UNNAMED,1995-05-16 00:00:00,22.0,88.5, ,30,30
1995135N20087,1995,UNNAMED,1995-05-16 03:00:00,22.0,88.5, ,30,30
1995135N20087,1995,UNNAMED,1995-05-16 06:00:00,22.5,89.5, , , 
1995135N20087,1995,UNNAMED,1995-05-16 09:00:00,22.8,89.6, , , 
1995135N20087,1995,UNNAMED,1995-05-16 12:00:00,23.0,89.5, , , 
1995135N20087,1995,UNNAMED,1995-05-16 15:00:00,23.4,90.0, , , 
1995135N20087,1995,UNNAMED,1995-05-16 18:00:00,23.7,90.5, , , 
1995135N20087,1995,UNNAMED,1995-05-16 21:00:00,23.8,90.7, , , 
1995135N20087,1995,UNNAMED,1995-05-17 00:00:00,24.0,91.0, , , 
1995135N20087,1995,UNNAMED,1995-05-17 03:00:00,24.5,91.5, , , 
1995135N20087,1995,UNNAMED,1995-05-17 06:00:00,25.0,92.0, , , 
1995135N20087,1995,UNNAMED,1995-05-17 09:00:00,25.3,92.3, , , 
1995135N20087,1995,UNNAMED,1995-05-17 12:00:00,25.5,92.5, , , 
1995135N20087,1995,UNNAMED,1995-05-17 15:00:00,25.8,92.8, , , 
1995135N20087,1995,UNNAMED,1995-05-17 18:00:00,26.0,93.0, , , 
1995135N20087,1995,UNNAMED,1995-05-17 21:00:00,26.0,93.1, , , 
1995135N20087,1995,UNNAMED,1995-05-18 00:00:00,26.0,93.0, , , 
1995233N16115,1995,LOIS,1995-08-21 06:00:00,15.6,114.8,10, , 
1995233N16115,1995,LOIS,1995-08-21 09:00:00,15.7,114.8,10, , 
1995233N16115,1995,LOIS,1995-08-21 12:00:00,15.8,114.8,10, , 
1995233N16115,1995,LOIS,1995-08-21 15:00:00,15.9,114.8,10, , 
1995233N16115,1995,LOIS,1995-08-21 18:00:00,16.0,114.7,10, , 
1995233N16115,1995,LOIS,1995-08-21 21:00:00,16.1,114.7,10, , 
1995233N16115,1995,LOIS,1995-08-22 00:00:00,16.2,114.7,10, , 
1995233N16115,1995,LOIS,1995-08-22 03:00:00,16.3,114.7,13, , 
1995233N16115,1995,LOIS,1995-08-22 06:00:00,16.4,114.7,15, , 
1995233N16115,1995,LOIS,1995-08-22 09:00:00,16.5,114.7,15, , 
1995233N16115,1995,LOIS,1995-08-22 12:00:00,16.5,114.7,15, , 
1995233N16115,1995,LOIS,1995-08-22 15:00:00,16.6,114.7,15, , 
1995233N16115,1995,LOIS,1995-08-22 18:00:00,16.6,114.7,15, , 
1995233N16115,1995,LOIS,1995-08-22 21:00:00,16.7,114.7,18, , 
1995233N16115,1995,LOIS,1995-08-23 00:00:00,16.7,114.7,20, , 
1995233N16115,1995,LOIS,1995-08-23 03:00:00,16.7,114.7,20, , 
1995233N16115,1995,LOIS,1995-08-23 06:00:00,16.8,114.7,20, , 
1995233N16115,1995,LOIS,1995-08-23 09:00:00,16.9,114.7,20, , 
1995233N16115,1995,LOIS,1995-08-23 12:00:00,16.9,114.8,20, , 
1995233N16115,1995,LOIS,1995-08-23 15:00:00,16.9,114.8,20, , 
1995233N16115,1995,LOIS,1995-08-23 18:00:00,16.9,114.8,20, , 
1995233N16115,1995,LOIS,1995-08-23 21:00:00,16.9,114.8,20, , 
1995233N16115,1995,LOIS,1995-08-24 00:00:00,17.0,115.3,20, , 
1995233N16115,1995,LOIS,1995-08-24 03:00:00,17.1,115.6,20, , 
1995233N16115,1995,LOIS,1995-08-24 06:00:00,17.2,115.8,20, , 
1995233N16115,1995,LOIS,1995-08-24 09:00:00,17.1,115.8,20, , 
1995233N16115,1995,LOIS,1995-08-24 12:00:00,17.1,115.8,20, , 
1995233N16115,1995,LOIS,1995-08-24 15:00:00,17.1,115.8,20, , 
1995233N16115,1995,LOIS,1995-08-24 18:00:00,17.1,115.8,20, , 
1995233N16115,1995,LOIS,1995-08-24 21:00:00,17.1,115.8,20, , 
1995233N16115,1995,LOIS,1995-08-25 00:00:00,17.2,115.8,20, , 
1995233N16115,1995,LOIS,1995-08-25 03:00:00,17.1,115.8,20, , 
1995233N16115,1995,LOIS,1995-08-25 06:00:00,17.1,115.8,20, , 
1995233N16115,1995,LOIS,1995-08-25 09:00:00,17.2,115.8,20, , 
1995233N16115,1995,LOIS,1995-08-25 12:00:00,17.3,115.7,20, , 
1995233N16115,1995,LOIS,1995-08-25 15:00:00,17.4,115.5,23, , 
1995233N16115,1995,LOIS,1995-08-25 18:00:00,17.5,115.3,25, , 
1995233N16115,1995,LOIS,1995-08-25 21:00:00,17.5,115.1,28, , 
1995233N16115,1995,LOIS,1995-08-26 00:00:00,17.6,114.9,30, , 
1995233N16115,1995,LOIS,1995-08-26 03:00:00,17.6,114.6,30, , 
1995233N16115,1995,LOIS,1995-08-26 06:00:00,17.6,114.3,30,35, 
1995233N16115,1995,LOIS,1995-08-26 09:00:00,17.6,114.0,33, , 
1995233N16115,1995,LOIS,1995-08-26 12:00:00,17.5,113.6,35,40, 
1995233N16115,1995,LOIS,1995-08-26 15:00:00,17.4,113.3,35, , 
1995233N16115,1995,LOIS,1995-08-26 18:00:00,17.3,113.0,35,45, 
1995233N16115,1995,LOIS,1995-08-26 21:00:00,17.2,112.7,38, , 
1995233N16115,1995,LOIS,1995-08-27 00:00:00,17.3,112.5,40,45, 
1995233N16115,1995,LOIS,1995-08-27 03:00:00,17.3,112.2,48, , 
1995233N16115,1995,LOIS,1995-08-27 06:00:00,17.4,111.9,55,50, 
1995233N16115,1995,LOIS,1995-08-27 09:00:00,17.5,111.6,58, , 
1995233N16115,1995,LOIS,1995-08-27 12:00:00,17.7,111.3,60,50, 
1995233N16115,1995,LOIS,1995-08-27 15:00:00,17.8,111.0,60, , 
1995233N16115,1995,LOIS,1995-08-27 18:00:00,18.0,110.8,60,50, 
1995233N16115,1995,LOIS,1995-08-27 21:00:00,18.2,110.6,63, , 
1995233N16115,1995,LOIS,1995-08-28 00:00:00,18.4,110.3,65,50, 
1995233N16115,1995,LOIS,1995-08-28 03:00:00,18.5,109.9,65, , 
1995233N16115,1995,LOIS,1995-08-28 06:00:00,18.6,109.5,65,50, 
1995233N16115,1995,LOIS,1995-08-28 09:00:00,18.7,109.2,65, , 
1995233N16115,1995,LOIS,1995-08-28 12:00:00,18.8,108.8,65,50, 
1995233N16115,1995,LOIS,1995-08-28 15:00:00,18.9,108.5,65, , 
1995233N16115,1995,LOIS,1995-08-28 18:00:00,19.0,108.2,65,50, 
1995233N16115,1995,LOIS,1995-08-28 21:00:00,19.0,107.9,65, , 
1995233N16115,1995,LOIS,1995-08-29 00:00:00,19.1,107.6,65,50, 
1995233N16115,1995,LOIS,1995-08-29 03:00:00,19.1,107.3,65, , 
1995233N16115,1995,LOIS,1995-08-29 06:00:00,19.2,107.0,65,50, 
1995233N16115,1995,LOIS,1995-08-29 09:00:00,19.3,106.7,65, , 
1995233N16115,1995,LOIS,1995-08-29 12:00:00,19.3,106.4,65,45, 
1995233N16115,1995,LOIS,1995-08-29 15:00:00,19.3,106.0,65, , 
1995233N16115,1995,LOIS,1995-08-29 18:00:00,19.2,105.5,65,45, 
1995233N16115,1995,LOIS,1995-08-29 21:00:00,19.0,105.1,58, , 
1995233N16115,1995,LOIS,1995-08-30 00:00:00,18.9,104.6,50,40, 
1995233N16115,1995,LOIS,1995-08-30 03:00:00,18.7,104.2,45, , 
1995233N16115,1995,LOIS,1995-08-30 06:00:00,18.6,103.5,40,35, 
1995233N16115,1995,LOIS,1995-08-30 09:00:00,18.4,102.4,35, , 
1995233N16115,1995,LOIS,1995-08-30 12:00:00,18.3,101.1,30, , 
1995233N16115,1995,LOIS,1995-08-30 15:00:00,18.2,99.6,25, , 
1995233N16115,1995,LOIS,1995-08-30 18:00:00,18.2,98.9,20, , 
1995233N16115,1995,LOIS,1995-08-30 21:00:00,18.2,97.9,20, , 
1995233N16115,1995,LOIS,1995-08-31 00:00:00,18.2,96.7,20, , 
1995255N14104,1995,UNNAMED,1995-09-12 00:00:00,14.2,103.7,15, , 
1995255N14104,1995,UNNAMED,1995-09-12 03:00:00,14.5,102.9,15, , 
1995255N14104,1995,UNNAMED,1995-09-12 06:00:00,14.9,102.2,15, , 
1995255N14104,1995,UNNAMED,1995-09-12 09:00:00,15.3,101.5,15, , 
1995255N14104,1995,UNNAMED,1995-09-12 12:00:00,15.6,100.7,15, , 
1995255N14104,1995,UNNAMED,1995-09-12 15:00:00,15.8,99.9,15, , 
1995255N14104,1995,UNNAMED,1995-09-12 18:00:00,15.9,99.0,15, , 
1995255N14104,1995,UNNAMED,1995-09-12 21:00:00,16.0,98.1,15, , 
1995255N14104,1995,UNNAMED,1995-09-13 00:00:00,16.0,97.3,15, , 
1995255N14104,1995,UNNAMED,1995-09-13 03:00:00,16.1,96.5,18, , 
1995255N14104,1995,UNNAMED,1995-09-13 06:00:00,16.2,95.8,20, , 
1995255N14104,1995,UNNAMED,1995-09-13 09:00:00,16.3,95.0,20, , 
1995255N14104,1995,UNNAMED,1995-09-13 12:00:00,16.5,94.2,20, , 
1995255N14104,1995,UNNAMED,1995-09-13 15:00:00,16.9,93.6,20, , 
1995255N14104,1995,UNNAMED,1995-09-13 18:00:00,17.4,93.2,20, , 
1995255N14104,1995,UNNAMED,1995-09-13 21:00:00,17.8,92.9,20, , 
1995255N14104,1995,UNNAMED,1995-09-14 00:00:00,18.2,92.7,20, , 
1995255N14104,1995,UNNAMED,1995-09-14 03:00:00,18.5,92.4,23, , 
1995255N14104,1995,UNNAMED,1995-09-14 06:00:00,18.7,92.2,25, , 
1995255N14104,1995,UNNAMED,1995-09-14 09:00:00,18.9,92.0,25, , 
1995255N14104,1995,UNNAMED,1995-09-14 12:00:00,19.1,91.8,25, , 
1995255N14104,1995,UNNAMED,1995-09-14 15:00:00,19.2,91.6,28, , 
1995255N14104,1995,UNNAMED,1995-09-14 18:00:00,19.3,91.4,30, , 
1995255N14104,1995,UNNAMED,1995-09-14 21:00:00,19.4,91.2,30, , 
1995255N14104,1995,UNNAMED,1995-09-15 00:00:00,19.5,91.0,30, , 
1995255N14104,1995,UNNAMED,1995-09-15 03:00:00,19.6,90.7,30, , 
1995255N14104,1995,UNNAMED,1995-09-15 06:00:00,19.6,90.5,30, , 
1995255N14104,1995,UNNAMED,1995-09-15 09:00:00,19.7,90.3,30, , 
1995255N14104,1995,UNNAMED,1995-09-15 12:00:00,19.7,90.1,30, , 
1995255N14104,1995,UNNAMED,1995-09-15 15:00:00,19.7,89.9,28, , 
1995255N14104,1995,UNNAMED,1995-09-15 18:00:00,19.7,89.6,25, , 
1995255N14104,1995,UNNAMED,1995-09-15 21:00:00,19.6,89.5,25,25,25
1995255N14104,1995,UNNAMED,1995-09-16 00:00:00,19.7,89.2,25,25,25
1995255N14104,1995,UNNAMED,1995-09-16 03:00:00,19.9,89.0,28, ,25
1995255N14104,1995,UNNAMED,1995-09-16 06:00:00,20.1,88.8,30,25,25
1995255N14104,1995,UNNAMED,1995-09-16 09:00:00,20.6,88.4,33, ,25
1995255N14104,1995,UNNAMED,1995-09-16 12:00:00,21.1,88.1,35,25,25
1995255N14104,1995,UNNAMED,1995-09-16 15:00:00,21.1,87.8,40, ,25
1995255N14104,1995,UNNAMED,1995-09-16 18:00:00,21.3,87.5,45,25,25
1995255N14104,1995,UNNAMED,1995-09-16 21:00:00,21.8,86.9,43, , 
1995255N14104,1995,UNNAMED,1995-09-17 00:00:00,22.1,86.6,40, , 
1995255N14104,1995,UNNAMED,1995-09-17 03:00:00,22.4,86.2,38, , 
1995255N14104,1995,UNNAMED,1995-09-17 06:00:00,22.8,85.8,35, , 
1995255N14104,1995,UNNAMED,1995-09-17 09:00:00,23.0,85.5,33, , 
1995255N14104,1995,UNNAMED,1995-09-17 12:00:00,23.2,85.2,30, , 
1995255N14104,1995,UNNAMED,1995-09-17 15:00:00,23.4,84.8,28, , 
1995255N14104,1995,UNNAMED,1995-09-17 18:00:00,23.7,84.4,25, , 
1995255N14104,1995,UNNAMED,1995-09-17 21:00:00,23.9,83.9,25, , 
1995255N14104,1995,UNNAMED,1995-09-18 00:00:00,24.2,83.5,25, , 
1995255N14104,1995,UNNAMED,1995-09-18 03:00:00,24.5,83.1,23, , 
1995255N14104,1995,UNNAMED,1995-09-18 06:00:00,24.9,82.7,20, , 
1995255N14104,1995,UNNAMED,1995-09-18 09:00:00,25.2,82.4,18, , 
1995255N14104,1995,UNNAMED,1995-09-18 12:00:00,25.5,82.2,15, , 
1995255N14104,1995,UNNAMED,1995-09-18 15:00:00,25.8,81.9,15, , 
1995255N14104,1995,UNNAMED,1995-09-18 18:00:00,26.0,81.6,15, , 
1995255N14104,1995,UNNAMED,1995-09-18 21:00:00,26.2,81.4,15, , 
1995255N14104,1995,UNNAMED,1995-09-19 00:00:00,26.4,81.1,15, , 
1995255N14104,1995,UNNAMED,1995-09-19 03:00:00,26.6,80.8,15, , 
1995255N14104,1995,UNNAMED,1995-09-19 06:00:00,26.8,80.4,15, , 
1995255N14104,1995,UNNAMED,1995-09-19 09:00:00,27.0,80.1,15, , 
1995255N14104,1995,UNNAMED,1995-09-19 12:00:00,27.2,79.7,15, , 
1995255N14104,1995,UNNAMED,1995-09-19 15:00:00,27.4,79.3,15, , 
1995255N14104,1995,UNNAMED,1995-09-19 18:00:00,27.5,78.9,15, , 
1995255N14104,1995,UNNAMED,1995-09-19 21:00:00,27.6,78.5,15, , 
1995255N14104,1995,UNNAMED,1995-09-20 00:00:00,27.8,78.0,15, , 
1995269N21088,1995,UNNAMED,1995-09-26 03:00:00,21.5,87.5, ,25,25
1995269N21088,1995,UNNAMED,1995-09-26 06:00:00,21.8,87.0, , , 
1995269N21088,1995,UNNAMED,1995-09-26 09:00:00,21.9,86.7, , , 
1995269N21088,1995,UNNAMED,1995-09-26 12:00:00,22.0,86.5, , , 
1995269N21088,1995,UNNAMED,1995-09-26 15:00:00,22.2,86.2, , , 
1995269N21088,1995,UNNAMED,1995-09-26 18:00:00,22.5,86.0, , , 
1995269N21088,1995,UNNAMED,1995-09-26 21:00:00,22.8,86.0, , , 
1995269N21088,1995,UNNAMED,1995-09-27 00:00:00,23.0,86.0, , , 
1995269N21088,1995,UNNAMED,1995-09-27 03:00:00,23.0,86.0, , , 
1995269N21088,1995,UNNAMED,1995-09-27 06:00:00,23.5,86.5, , , 
1995269N21088,1995,UNNAMED,1995-09-27 09:00:00,23.8,86.8, , , 
1995269N21088,1995,UNNAMED,1995-09-27 12:00:00,24.0,87.0, , , 
1995269N21088,1995,UNNAMED,1995-09-27 15:00:00,24.0,87.0, , , 
1995269N21088,1995,UNNAMED,1995-09-27 18:00:00,24.0,87.0, , , 
1995269N21088,1995,UNNAMED,1995-09-27 21:00:00,24.0,87.0, , , 
1995269N21088,1995,UNNAMED,1995-09-28 00:00:00,24.0,87.0, , , 
1995269N21088,1995,UNNAMED,1995-09-28 03:00:00,24.0,87.0, , , 
1995284N17074,1995,UNNAMED,1995-10-11 00:00:00,16.9,73.5,20, , 
1995284N17074,1995,UNNAMED,1995-10-11 03:00:00,16.8,73.1,20, , 
1995284N17074,1995,UNNAMED,1995-10-11 06:00:00,16.7,72.7,20, , 
1995284N17074,1995,UNNAMED,1995-10-11 09:00:00,16.6,72.4,20, , 
1995284N17074,1995,UNNAMED,1995-10-11 12:00:00,16.6,72.1,20, , 
1995284N17074,1995,UNNAMED,1995-10-11 15:00:00,16.6,71.8,23, , 
1995284N17074,1995,UNNAMED,1995-10-11 18:00:00,16.6,71.5,25, , 
1995284N17074,1995,UNNAMED,1995-10-11 21:00:00,16.6,71.2,25, , 
1995284N17074,1995,UNNAMED,1995-10-12 00:00:00,16.6,71.0,25, , 
1995284N17074,1995,UNNAMED,1995-10-12 03:00:00,16.6,70.8,25, , 
1995284N17074,1995,UNNAMED,1995-10-12 06:00:00,16.6,70.5,25, , 
1995284N17074,1995,UNNAMED,1995-10-12 09:00:00,16.6,70.2,28, , 
1995284N17074,1995,UNNAMED,1995-10-12 12:00:00,16.6,70.0,30,25,25
1995284N17074,1995,UNNAMED,1995-10-12 15:00:00,16.6,69.8,35, ,25
1995284N17074,1995,UNNAMED,1995-10-12 18:00:00,16.7,69.6,40,25,25
1995284N17074,1995,UNNAMED,1995-10-12 21:00:00,16.8,69.2,43, ,25
1995284N17074,1995,UNNAMED,1995-10-13 00:00:00,17.0,69.0,45,25,25
1995284N17074,1995,UNNAMED,1995-10-13 03:00:00,17.0,68.9,45,25,25
1995284N17074,1995,UNNAMED,1995-10-13 06:00:00,17.0,68.8,45,25,25
1995284N17074,1995,UNNAMED,1995-10-13 09:00:00,17.0,68.6,48, ,28
1995284N17074,1995,UNNAMED,1995-10-13 12:00:00,17.1,68.4,50,30,30
1995284N17074,1995,UNNAMED,1995-10-13 15:00:00,17.2,68.2,50, ,30
1995284N17074,1995,UNNAMED,1995-10-13 18:00:00,17.3,68.0,50,30,30
1995284N17074,1995,UNNAMED,1995-10-13 21:00:00,17.4,67.7,48, ,33
1995284N17074,1995,UNNAMED,1995-10-14 00:00:00,17.5,67.6,45,35,35
1995284N17074,1995,UNNAMED,1995-10-14 03:00:00,17.5,67.5,45,35,35
1995284N17074,1995,UNNAMED,1995-10-14 06:00:00,17.8,67.2,45,35,35
1995284N17074,1995,UNNAMED,1995-10-14 09:00:00,17.9,67.1,45, ,40
1995284N17074,1995,UNNAMED,1995-10-14 12:00:00,17.9,67.1,45,45,45
1995284N17074,1995,UNNAMED,1995-10-14 15:00:00,17.9,67.0,43, ,45
1995284N17074,1995,UNNAMED,1995-10-14 18:00:00,18.0,67.0,40,45,45
1995284N17074,1995,UNNAMED,1995-10-14 21:00:00,18.0,66.9,40, ,40
1995284N17074,1995,UNNAMED,1995-10-15 00:00:00,18.1,66.8,40,35,35
1995284N17074,1995,UNNAMED,1995-10-15 03:00:00,18.1,66.7,40,35,35
1995284N17074,1995,UNNAMED,1995-10-15 06:00:00,18.2,66.6,40,35,35
1995284N17074,1995,UNNAMED,1995-10-15 09:00:00,18.3,66.3,40, ,35
1995284N17074,1995,UNNAMED,1995-10-15 12:00:00,18.5,66.0,40,35,35
1995284N17074,1995,UNNAMED,1995-10-15 15:00:00,18.6,65.8,40, ,35
1995284N17074,1995,UNNAMED,1995-10-15 18:00:00,18.7,65.8,40,35,35
1995284N17074,1995,UNNAMED,1995-10-15 21:00:00,18.9,65.7,38, ,35
1995284N17074,1995,UNNAMED,1995-10-16 00:00:00,19.1,65.6,35,35,35
1995284N17074,1995,UNNAMED,1995-10-16 03:00:00,19.1,65.3,35,35,35
1995284N17074,1995,UNNAMED,1995-10-16 06:00:00,19.2,65.2,35,35,35
1995284N17074,1995,UNNAMED,1995-10-16 09:00:00,19.4,65.0,35, ,33
1995284N17074,1995,UNNAMED,1995-10-16 12:00:00,19.7,64.8,35,30,30
1995284N17074,1995,UNNAMED,1995-10-16 15:00:00,19.7,64.6,35, ,30
1995284N17074,1995,UNNAMED,1995-10-16 18:00:00,19.8,64.5,35,30,30
1995284N17074,1995,UNNAMED,1995-10-16 21:00:00,19.7,64.4,33, ,30
1995284N17074,1995,UNNAMED,1995-10-17 00:00:00,19.7,64.2,30,30,30
1995284N17074,1995,UNNAMED,1995-10-17 03:00:00,19.6,63.7,30,25,25
1995284N17074,1995,UNNAMED,1995-10-17 06:00:00,19.6,63.2,30,25,25
1995284N17074,1995,UNNAMED,1995-10-17 09:00:00,19.4,62.7,30, ,25
1995284N17074,1995,UNNAMED,1995-10-17 12:00:00,19.2,62.1,30,25,25
1995284N17074,1995,UNNAMED,1995-10-17 15:00:00,18.8,61.3,30, , 
1995284N17074,1995,UNNAMED,1995-10-17 18:00:00,18.4,60.8,30, , 
1995284N17074,1995,UNNAMED,1995-10-17 21:00:00,18.0,60.3,28, , 
1995284N17074,1995,UNNAMED,1995-10-18 00:00:00,17.6,59.8,25, , 
1995284N17074,1995,UNNAMED,1995-10-18 03:00:00,17.4,59.3,25, , 
1995284N17074,1995,UNNAMED,1995-10-18 06:00:00,17.4,58.8,25, , 
1995284N17074,1995,UNNAMED,1995-10-18 09:00:00,17.4,58.3,23, , 
1995284N17074,1995,UNNAMED,1995-10-18 12:00:00,17.5,57.8,20, , 
1995292N08150,1995,YVETTE,1995-10-18 12:00:00,7.5,150.0,15, , 
1995292N08150,1995,YVETTE,1995-10-18 15:00:00,7.7,149.3,15, , 
1995292N08150,1995,YVETTE,1995-10-18 18:00:00,7.8,148.7,15, , 
1995292N08150,1995,YVETTE,1995-10-18 21:00:00,7.9,148.1,15, , 
1995292N08150,1995,YVETTE,1995-10-19 00:00:00,8.1,147.5,15, , 
1995292N08150,1995,YVETTE,1995-10-19 03:00:00,8.2,146.9,15, , 
1995292N08150,1995,YVETTE,1995-10-19 06:00:00,8.4,146.2,15, , 
1995292N08150,1995,YVETTE,1995-10-19 09:00:00,8.6,145.5,15, , 
1995292N08150,1995,YVETTE,1995-10-19 12:00:00,8.7,144.9,15, , 
1995292N08150,1995,YVETTE,1995-10-19 15:00:00,8.8,144.3,15, , 
1995292N08150,1995,YVETTE,1995-10-19 18:00:00,8.9,143.8,15, , 
1995292N08150,1995,YVETTE,1995-10-19 21:00:00,9.0,143.2,15, , 
1995292N08150,1995,YVETTE,1995-10-20 00:00:00,9.1,142.7,15, , 
1995292N08150,1995,YVETTE,1995-10-20 03:00:00,9.2,142.3,15, , 
1995292N08150,1995,YVETTE,1995-10-20 06:00:00,9.3,141.9,15, , 
1995292N08150,1995,YVETTE,1995-10-20 09:00:00,9.4,141.4,15, , 
1995292N08150,1995,YVETTE,1995-10-20 12:00:00,9.5,140.9,15, , 
1995292N08150,1995,YVETTE,1995-10-20 15:00:00,9.6,140.4,15, , 
1995292N08150,1995,YVETTE,1995-10-20 18:00:00,9.7,139.9,15, , 
1995292N08150,1995,YVETTE,1995-10-20 21:00:00,9.8,139.4,15, , 
1995292N08150,1995,YVETTE,1995-10-21 00:00:00,9.9,138.9,15, , 
1995292N08150,1995,YVETTE,1995-10-21 03:00:00,10.0,138.3,15, , 
1995292N08150,1995,YVETTE,1995-10-21 06:00:00,10.0,137.7,15, , 
1995292N08150,1995,YVETTE,1995-10-21 09:00:00,10.0,137.1,15, , 
1995292N08150,1995,YVETTE,1995-10-21 12:00:00,10.0,136.4,15, , 
1995292N08150,1995,YVETTE,1995-10-21 15:00:00,10.0,135.8,15, , 
1995292N08150,1995,YVETTE,1995-10-21 18:00:00,10.0,135.1,15, , 
1995292N08150,1995,YVETTE,1995-10-21 21:00:00,10.0,134.4,15, , 
1995292N08150,1995,YVETTE,1995-10-22 00:00:00,10.0,133.7,15, , 
1995292N08150,1995,YVETTE,1995-10-22 03:00:00,10.0,133.1,15, , 
1995292N08150,1995,YVETTE,1995-10-22 06:00:00,10.0,132.4,15, , 
1995292N08150,1995,YVETTE,1995-10-22 09:00:00,10.1,131.7,15, , 
1995292N08150,1995,YVETTE,1995-10-22 12:00:00,10.3,130.9,15, , 
1995292N08150,1995,YVETTE,1995-10-22 15:00:00,10.6,130.0,15, , 
1995292N08150,1995,YVETTE,1995-10-22 18:00:00,10.8,129.8,15, , 
1995292N08150,1995,YVETTE,1995-10-22 21:00:00,11.2,129.1,18, , 
1995292N08150,1995,YVETTE,1995-10-23 00:00:00,11.5,128.3,20, , 
1995292N08150,1995,YVETTE,1995-10-23 03:00:00,12.0,127.4,25, , 
1995292N08150,1995,YVETTE,1995-10-23 06:00:00,12.6,126.5,30, , 
1995292N08150,1995,YVETTE,1995-10-23 09:00:00,12.9,125.4,30, , 
1995292N08150,1995,YVETTE,1995-10-23 12:00:00,13.1,124.4,30, , 
1995292N08150,1995,YVETTE,1995-10-23 15:00:00,13.1,123.6,33, , 
1995292N08150,1995,YVETTE,1995-10-23 18:00:00,13.1,122.8,35, , 
1995292N08150,1995,YVETTE,1995-10-23 21:00:00,13.0,121.9,35, , 
1995292N08150,1995,YVETTE,1995-10-24 00:00:00,13.0,121.0,35, , 
1995292N08150,1995,YVETTE,1995-10-24 03:00:00,13.0,120.2,35, , 
1995292N08150,1995,YVETTE,1995-10-24 06:00:00,13.0,119.6,35, , 
1995292N08150,1995,YVETTE,1995-10-24 09:00:00,13.0,119.1,35, , 
1995292N08150,1995,YVETTE,1995-10-24 12:00:00,13.1,118.5,35, , 
1995292N08150,1995,YVETTE,1995-10-24 15:00:00,13.2,117.7,38, , 
1995292N08150,1995,YVETTE,1995-10-24 18:00:00,13.4,116.9,40, , 
1995292N08150,1995,YVETTE,1995-10-24 21:00:00,13.4,116.0,43, , 
1995292N08150,1995,YVETTE,1995-10-25 00:00:00,13.5,115.1,45,35, 
1995292N08150,1995,YVETTE,1995-10-25 03:00:00,13.6,114.2,45, , 
1995292N08150,1995,YVETTE,1995-10-25 06:00:00,13.7,113.4,45,35, 
1995292N08150,1995,YVETTE,1995-10-25 09:00:00,13.7,112.7,50, , 
1995292N08150,1995,YVETTE,1995-10-25 12:00:00,13.6,112.1,55,35, 
1995292N08150,1995,YVETTE,1995-10-25 15:00:00,13.6,111.4,58, , 
1995292N08150,1995,YVETTE,1995-10-25 18:00:00,13.6,110.8,60,40, 
1995292N08150,1995,YVETTE,1995-10-25 21:00:00,13.5,110.2,63, , 
1995292N08150,1995,YVETTE,1995-10-26 00:00:00,13.4,109.7,65,50, 
1995292N08150,1995,YVETTE,1995-10-26 03:00:00,13.4,109.1,63, , 
1995292N08150,1995,YVETTE,1995-10-26 06:00:00,13.4,108.4,60,40, 
1995292N08150,1995,YVETTE,1995-10-26 09:00:00,13.4,107.8,58, , 
1995292N08150,1995,YVETTE,1995-10-26 12:00:00,13.4,107.1,55, , 
1995292N08150,1995,YVETTE,1995-10-26 15:00:00,13.4,106.4,50, , 
1995292N08150,1995,YVETTE,1995-10-26 18:00:00,13.4,105.7,45, , 
1995292N08150,1995,YVETTE,1995-10-26 21:00:00,13.4,104.8,38, , 
1995292N08150,1995,YVETTE,1995-10-27 00:00:00,13.4,103.7,30, , 
1995292N08150,1995,YVETTE,1995-10-27 03:00:00,13.5,102.5,28, , 
1995292N08150,1995,YVETTE,1995-10-27 06:00:00,13.6,101.5,25, , 
1995292N08150,1995,YVETTE,1995-10-27 09:00:00,13.7,100.5,23, , 
1995292N08150,1995,YVETTE,1995-10-27 12:00:00,13.8,99.6,20, , 
1995292N08150,1995,YVETTE,1995-10-27 15:00:00,13.9,98.7,20, , 
1995292N08150,1995,YVETTE,1995-10-27 18:00:00,14.1,97.8,20, , 
1995310N09096,1995,UNNAMED,1995-11-05 12:00:00,8.6,96.4,15, , 
1995310N09096,1995,UNNAMED,1995-11-05 15:00:00,8.8,95.8,15, , 
1995310N09096,1995,UNNAMED,1995-11-05 18:00:00,9.1,95.3,15, , 
1995310N09096,1995,UNNAMED,1995-11-05 21:00:00,9.4,94.8,18, , 
1995310N09096,1995,UNNAMED,1995-11-06 00:00:00,9.6,94.3,20, , 
1995310N09096,1995,UNNAMED,1995-11-06 03:00:00,9.8,93.9,20, , 
1995310N09096,1995,UNNAMED,1995-11-06 06:00:00,9.9,93.6,20, , 
1995310N09096,1995,UNNAMED,1995-11-06 09:00:00,10.0,93.2,20, , 
1995310N09096,1995,UNNAMED,1995-11-06 12:00:00,10.2,92.9,20, , 
1995310N09096,1995,UNNAMED,1995-11-06 15:00:00,10.4,92.6,23, , 
1995310N09096,1995,UNNAMED,1995-11-06 18:00:00,10.6,92.2,25, , 
1995310N09096,1995,UNNAMED,1995-11-06 21:00:00,10.9,91.8,28, , 
1995310N09096,1995,UNNAMED,1995-11-07 00:00:00,11.3,91.4,30, , 
1995310N09096,1995,UNNAMED,1995-11-07 03:00:00,11.5,91.0,33,25,25
1995310N09096,1995,UNNAMED,1995-11-07 06:00:00,11.8,90.6,35,25,25
1995310N09096,1995,UNNAMED,1995-11-07 09:00:00,12.2,90.0,35, ,28
1995310N09096,1995,UNNAMED,1995-11-07 12:00:00,12.6,89.4,35,30,30
1995310N09096,1995,UNNAMED,1995-11-07 15:00:00,12.8,88.9,40, ,30
1995310N09096,1995,UNNAMED,1995-11-07 18:00:00,13.0,88.5,45,30,30
1995310N09096,1995,UNNAMED,1995-11-07 21:00:00,13.1,88.1,48, ,33
1995310N09096,1995,UNNAMED,1995-11-08 00:00:00,13.4,87.7,50,35,35
1995310N09096,1995,UNNAMED,1995-11-08 03:00:00,13.9,87.0,53,45,45
1995310N09096,1995,UNNAMED,1995-11-08 06:00:00,14.4,86.3,55,45,45
1995310N09096,1995,UNNAMED,1995-11-08 09:00:00,14.9,85.7,58, ,50
1995310N09096,1995,UNNAMED,1995-11-08 12:00:00,15.6,85.3,60,55,55
1995310N09096,1995,UNNAMED,1995-11-08 15:00:00,16.2,85.0,65, ,60
1995310N09096,1995,UNNAMED,1995-11-08 18:00:00,16.8,84.7,70,65,65
1995310N09096,1995,UNNAMED,1995-11-08 21:00:00,17.2,84.5,70, ,65
1995310N09096,1995,UNNAMED,1995-11-09 00:00:00,17.8,84.3,70,65,65
1995310N09096,1995,UNNAMED,1995-11-09 03:00:00,18.7,84.2,63,77,77
1995310N09096,1995,UNNAMED,1995-11-09 06:00:00,19.4,84.2,55, , 
1995310N09096,1995,UNNAMED,1995-11-09 09:00:00,20.2,84.2,48, , 
1995310N09096,1995,UNNAMED,1995-11-09 12:00:00,21.2,84.2,40, , 
1995310N09096,1995,UNNAMED,1995-11-09 15:00:00,22.1,84.2,35, , 
1995310N09096,1995,UNNAMED,1995-11-09 18:00:00,22.9,84.4,30, , 
1995310N09096,1995,UNNAMED,1995-11-09 21:00:00,23.7,84.6,28, , 
1995310N09096,1995,UNNAMED,1995-11-10 00:00:00,24.3,84.9,25, , 
1995310N09096,1995,UNNAMED,1995-11-10 03:00:00,24.8,85.2,25, , 
1995310N09096,1995,UNNAMED,1995-11-10 06:00:00,25.4,85.6,25, , 
1995310N09096,1995,UNNAMED,1995-11-10 09:00:00,25.9,86.1,20, , 
1995310N09096,1995,UNNAMED,1995-11-10 12:00:00,26.0,86.8,15, , 
1995310N09096,1995,UNNAMED,1995-11-10 15:00:00,26.3,87.2,15, , 
1995310N09096,1995,UNNAMED,1995-11-10 18:00:00,26.5,87.6,15, , 
1995323N05097,1995,UNNAMED,1995-11-18 18:00:00,5.4,97.2,20, , 
1995323N05097,1995,UNNAMED,1995-11-18 21:00:00,5.5,96.9,20, , 
1995323N05097,1995,UNNAMED,1995-11-19 00:00:00,5.5,96.6,20, , 
1995323N05097,1995,UNNAMED,1995-11-19 03:00:00,5.5,96.3,20, , 
1995323N05097,1995,UNNAMED,1995-11-19 06:00:00,5.6,96.0,20, , 
1995323N05097,1995,UNNAMED,1995-11-19 09:00:00,5.7,95.7,20, , 
1995323N05097,1995,UNNAMED,1995-11-19 12:00:00,5.8,95.4,20, , 
1995323N05097,1995,UNNAMED,1995-11-19 15:00:00,5.9,95.1,20, , 
1995323N05097,1995,UNNAMED,1995-11-19 18:00:00,6.0,94.7,20, , 
1995323N05097,1995,UNNAMED,1995-11-19 21:00:00,6.1,94.3,20, , 
1995323N05097,1995,UNNAMED,1995-11-20 00:00:00,6.1,94.0,20, , 
1995323N05097,1995,UNNAMED,1995-11-20 03:00:00,6.1,93.6,20, , 
1995323N05097,1995,UNNAMED,1995-11-20 06:00:00,6.2,93.3,20, , 
1995323N05097,1995,UNNAMED,1995-11-20 09:00:00,6.3,92.9,20, , 
1995323N05097,1995,UNNAMED,1995-11-20 12:00:00,6.4,92.6,20, , 
1995323N05097,1995,UNNAMED,1995-11-20 15:00:00,6.5,92.3,20, , 
1995323N05097,1995,UNNAMED,1995-11-20 18:00:00,6.5,92.0,20, , 
1995323N05097,1995,UNNAMED,1995-11-20 21:00:00,6.5,91.7,20, , 
1995323N05097,1995,UNNAMED,1995-11-21 00:00:00,6.6,91.5,20, , 
1995323N05097,1995,UNNAMED,1995-11-21 03:00:00,6.7,91.2,23, , 
1995323N05097,1995,UNNAMED,1995-11-21 06:00:00,6.8,90.9,25, , 
1995323N05097,1995,UNNAMED,1995-11-21 09:00:00,6.9,90.6,25, , 
1995323N05097,1995,UNNAMED,1995-11-21 12:00:00,6.8,90.4,25,25,25
1995323N05097,1995,UNNAMED,1995-11-21 15:00:00,6.9,90.1,25, ,25
1995323N05097,1995,UNNAMED,1995-11-21 18:00:00,7.0,89.8,25,25,25
1995323N05097,1995,UNNAMED,1995-11-21 21:00:00,7.2,89.5,25, ,25
1995323N05097,1995,UNNAMED,1995-11-22 00:00:00,7.4,89.3,25,25,25
1995323N05097,1995,UNNAMED,1995-11-22 03:00:00,7.4,89.1,28,30,30
1995323N05097,1995,UNNAMED,1995-11-22 06:00:00,7.8,88.5,30,30,30
1995323N05097,1995,UNNAMED,1995-11-22 09:00:00,8.0,88.2,33, ,33
1995323N05097,1995,UNNAMED,1995-11-22 12:00:00,8.4,88.1,35,35,35
1995323N05097,1995,UNNAMED,1995-11-22 15:00:00,8.8,87.7,40, ,40
1995323N05097,1995,UNNAMED,1995-11-22 18:00:00,9.2,87.3,45,45,45
1995323N05097,1995,UNNAMED,1995-11-22 21:00:00,9.5,86.8,50, ,45
1995323N05097,1995,UNNAMED,1995-11-23 00:00:00,9.7,86.4,55,45,45
1995323N05097,1995,UNNAMED,1995-11-23 03:00:00,9.8,86.0,58,55,55
1995323N05097,1995,UNNAMED,1995-11-23 06:00:00,10.2,85.6,60,55,55
1995323N05097,1995,UNNAMED,1995-11-23 09:00:00,10.5,85.2,63, ,55
1995323N05097,1995,UNNAMED,1995-11-23 12:00:00,10.9,85.0,65,55,55
1995323N05097,1995,UNNAMED,1995-11-23 15:00:00,11.4,84.9,70, ,60
1995323N05097,1995,UNNAMED,1995-11-23 18:00:00,12.0,85.0,75,65,65
1995323N05097,1995,UNNAMED,1995-11-23 21:00:00,12.7,85.0,85, ,71
1995323N05097,1995,UNNAMED,1995-11-24 00:00:00,13.6,85.1,95,77,77
1995323N05097,1995,UNNAMED,1995-11-24 03:00:00,14.4,85.2,100,90,90
1995323N05097,1995,UNNAMED,1995-11-24 06:00:00,15.1,85.4,105,90,90
1995323N05097,1995,UNNAMED,1995-11-24 09:00:00,15.8,85.7,105, ,96
1995323N05097,1995,UNNAMED,1995-11-24 12:00:00,16.6,86.4,105,102,102
1995323N05097,1995,UNNAMED,1995-11-24 15:00:00,17.3,87.3,105, ,96
1995323N05097,1995,UNNAMED,1995-11-24 18:00:00,18.1,88.2,105,90,90
1995323N05097,1995,UNNAMED,1995-11-24 21:00:00,18.6,88.6,98, ,84
1995323N05097,1995,UNNAMED,1995-11-25 00:00:00,19.3,89.2,90,77,77
1995323N05097,1995,UNNAMED,1995-11-25 03:00:00,20.1,90.4,88,77,77
1995323N05097,1995,UNNAMED,1995-11-25 06:00:00,20.9,91.5,85,65,65
1995323N05097,1995,UNNAMED,1995-11-25 09:00:00,21.6,92.6,65, , 
1995323N05097,1995,UNNAMED,1995-11-25 12:00:00,22.4,93.5,45, , 
1995323N05097,1995,UNNAMED,1995-11-25 15:00:00,23.0,94.5,38, , 
1995323N05097,1995,UNNAMED,1995-11-25 18:00:00,23.6,95.5,30, , 
1996122N08092,1996,UNNAMED,1996-05-01 06:00:00,7.5,91.5,20, , 
1996122N08092,1996,UNNAMED,1996-05-01 09:00:00,7.7,91.5,23, , 
1996122N08092,1996,UNNAMED,1996-05-01 12:00:00,7.9,91.4,25, , 
1996122N08092,1996,UNNAMED,1996-05-01 15:00:00,8.1,91.4,25, , 
1996122N08092,1996,UNNAMED,1996-05-01 18:00:00,8.4,91.3,25, , 
1996122N08092,1996,UNNAMED,1996-05-01 21:00:00,8.7,91.2,25, , 
1996122N08092,1996,UNNAMED,1996-05-02 00:00:00,8.9,91.2,25, , 
1996122N08092,1996,UNNAMED,1996-05-02 03:00:00,9.1,91.2,25, , 
1996122N08092,1996,UNNAMED,1996-05-02 06:00:00,9.4,91.2,25, , 
1996122N08092,1996,UNNAMED,1996-05-02 09:00:00,9.6,91.2,25, , 
1996122N08092,1996,UNNAMED,1996-05-02 12:00:00,9.9,91.1,25, , 
1996122N08092,1996,UNNAMED,1996-05-02 15:00:00,10.2,91.1,25, , 
1996122N08092,1996,UNNAMED,1996-05-02 18:00:00,10.5,91.1,25, , 
1996122N08092,1996,UNNAMED,1996-05-02 21:00:00,10.8,91.1,25, , 
1996122N08092,1996,UNNAMED,1996-05-03 00:00:00,11.0,91.0,25, , 
1996122N08092,1996,UNNAMED,1996-05-03 03:00:00,11.2,90.9,25, , 
1996122N08092,1996,UNNAMED,1996-05-03 06:00:00,11.5,90.9,25, , 
1996122N08092,1996,UNNAMED,1996-05-03 09:00:00,11.8,90.9,25, , 
1996122N08092,1996,UNNAMED,1996-05-03 12:00:00,12.1,90.8,25, , 
1996122N08092,1996,UNNAMED,1996-05-03 15:00:00,12.3,90.7,25, , 
1996122N08092,1996,UNNAMED,1996-05-03 18:00:00,12.5,90.6,25, , 
1996122N08092,1996,UNNAMED,1996-05-03 21:00:00,12.7,90.5,25, , 
1996122N08092,1996,UNNAMED,1996-05-04 00:00:00,12.9,90.3,25, , 
1996122N08092,1996,UNNAMED,1996-05-04 03:00:00,13.1,90.2,25, , 
1996122N08092,1996,UNNAMED,1996-05-04 06:00:00,13.3,90.0,25, , 
1996122N08092,1996,UNNAMED,1996-05-04 09:00:00,13.5,89.8,25, , 
1996122N08092,1996,UNNAMED,1996-05-04 12:00:00,13.6,89.6,25, , 
1996122N08092,1996,UNNAMED,1996-05-04 15:00:00,13.7,89.4,25, , 
1996122N08092,1996,UNNAMED,1996-05-04 18:00:00,13.9,89.3,25, , 
1996122N08092,1996,UNNAMED,1996-05-04 21:00:00,14.0,89.1,25, , 
1996122N08092,1996,UNNAMED,1996-05-05 00:00:00,14.2,89.0,25, , 
1996122N08092,1996,UNNAMED,1996-05-05 03:00:00,14.4,88.8,25, , 
1996122N08092,1996,UNNAMED,1996-05-05 06:00:00,14.6,88.7,25, , 
1996122N08092,1996,UNNAMED,1996-05-05 09:00:00,14.7,88.6,25, , 
1996122N08092,1996,UNNAMED,1996-05-05 12:00:00,14.9,88.5,25, , 
1996122N08092,1996,UNNAMED,1996-05-05 15:00:00,15.1,88.4,25, , 
1996122N08092,1996,UNNAMED,1996-05-05 18:00:00,15.4,88.3,25, , 
1996122N08092,1996,UNNAMED,1996-05-05 21:00:00,15.6,88.2,25, , 
1996122N08092,1996,UNNAMED,1996-05-06 00:00:00,15.9,88.2,25, , 
1996122N08092,1996,UNNAMED,1996-05-06 03:00:00,16.2,88.2,25, , 
1996122N08092,1996,UNNAMED,1996-05-06 06:00:00,16.6,88.2,25, , 
1996122N08092,1996,UNNAMED,1996-05-06 09:00:00,17.0,88.2,25, , 
1996122N08092,1996,UNNAMED,1996-05-06 12:00:00,17.3,88.3,25, , 
1996122N08092,1996,UNNAMED,1996-05-06 15:00:00,17.6,88.4,28, , 
1996122N08092,1996,UNNAMED,1996-05-06 18:00:00,17.8,88.5,30, , 
1996122N08092,1996,UNNAMED,1996-05-06 21:00:00,18.1,88.7,30, , 
1996122N08092,1996,UNNAMED,1996-05-07 00:00:00,18.3,88.9,30, , 
1996122N08092,1996,UNNAMED,1996-05-07 03:00:00,18.6,89.1,30,15,15
1996122N08092,1996,UNNAMED,1996-05-07 06:00:00,18.9,89.2,30,25,25
1996122N08092,1996,UNNAMED,1996-05-07 09:00:00,19.3,89.4,33, ,25
1996122N08092,1996,UNNAMED,1996-05-07 12:00:00,19.8,89.7,35,25,25
1996122N08092,1996,UNNAMED,1996-05-07 15:00:00,20.1,90.1,38, ,28
1996122N08092,1996,UNNAMED,1996-05-07 18:00:00,20.4,90.7,40,30,30
1996122N08092,1996,UNNAMED,1996-05-07 21:00:00,20.9,91.5,40, ,30
1996122N08092,1996,UNNAMED,1996-05-08 00:00:00,21.3,92.2,40,30,30
1996122N08092,1996,UNNAMED,1996-05-08 03:00:00,21.8,92.7,38, , 
1996122N08092,1996,UNNAMED,1996-05-08 06:00:00,22.2,93.4,35, , 
1996122N08092,1996,UNNAMED,1996-05-08 09:00:00,22.6,94.1,33, , 
1996122N08092,1996,UNNAMED,1996-05-08 12:00:00,23.0,94.8,30, , 
1996122N08092,1996,UNNAMED,1996-05-08 15:00:00,23.4,95.5,28, , 
1996122N08092,1996,UNNAMED,1996-05-08 18:00:00,23.7,96.2,25, , 
1996161N17063,1996,UNNAMED,1996-06-09 00:00:00,16.6,62.7,15, , 
1996161N17063,1996,UNNAMED,1996-06-09 03:00:00,16.8,62.6,15, , 
1996161N17063,1996,UNNAMED,1996-06-09 06:00:00,16.9,62.4,15, , 
1996161N17063,1996,UNNAMED,1996-06-09 09:00:00,17.0,62.2,15, , 
1996161N17063,1996,UNNAMED,1996-06-09 12:00:00,17.1,62.0,15, , 
1996161N17063,1996,UNNAMED,1996-06-09 15:00:00,17.2,61.8,18, , 
1996161N17063,1996,UNNAMED,1996-06-09 18:00:00,17.3,61.6,20, , 
1996161N17063,1996,UNNAMED,1996-06-09 21:00:00,17.4,61.4,23, , 
1996161N17063,1996,UNNAMED,1996-06-10 00:00:00,17.5,61.1,25, , 
1996161N17063,1996,UNNAMED,1996-06-10 03:00:00,17.6,60.9,25, , 
1996161N17063,1996,UNNAMED,1996-06-10 06:00:00,17.7,60.6,25, , 
1996161N17063,1996,UNNAMED,1996-06-10 09:00:00,17.8,60.3,28, , 
1996161N17063,1996,UNNAMED,1996-06-10 12:00:00,17.9,60.0,30, , 
1996161N17063,1996,UNNAMED,1996-06-10 15:00:00,18.0,59.6,33, , 
1996161N17063,1996,UNNAMED,1996-06-10 18:00:00,18.2,59.3,35, , 
1996161N17063,1996,UNNAMED,1996-06-10 21:00:00,18.4,59.0,38, , 
1996161N17063,1996,UNNAMED,1996-06-11 00:00:00,18.6,58.7,40, , 
1996161N17063,1996,UNNAMED,1996-06-11 03:00:00,18.9,58.3,40, , 
1996161N17063,1996,UNNAMED,1996-06-11 06:00:00,19.2,58.0,40, , 
1996161N17063,1996,UNNAMED,1996-06-11 09:00:00,19.6,57.8,38, , 
1996161N17063,1996,UNNAMED,1996-06-11 12:00:00,20.1,57.6,35, , 
1996161N17063,1996,UNNAMED,1996-06-11 15:00:00,20.4,57.4,35, , 
1996161N17063,1996,UNNAMED,1996-06-11 18:00:00,20.7,57.2,35, , 
1996161N17063,1996,UNNAMED,1996-06-11 21:00:00,20.9,56.9,33, , 
1996161N17063,1996,UNNAMED,1996-06-12 00:00:00,21.0,56.5,30, , 
1996161N17063,1996,UNNAMED,1996-06-12 03:00:00,21.0,56.2,25, , 
1996161N17063,1996,UNNAMED,1996-06-12 06:00:00,21.0,55.9,20, , 
1996161N17063,1996,UNNAMED,1996-06-12 09:00:00,21.0,55.6,18, , 
1996161N17063,1996,UNNAMED,1996-06-12 12:00:00,21.0,55.4,15, , 
1996163N08088,1996,UNNAMED,1996-06-11 00:00:00,8.2,87.8,15, , 
1996163N08088,1996,UNNAMED,1996-06-11 03:00:00,8.4,87.7,18, , 
1996163N08088,1996,UNNAMED,1996-06-11 06:00:00,8.5,87.7,20, , 
1996163N08088,1996,UNNAMED,1996-06-11 09:00:00,8.6,87.7,20, , 
1996163N08088,1996,UNNAMED,1996-06-11 12:00:00,8.8,87.6,20, , 
1996163N08088,1996,UNNAMED,1996-06-11 15:00:00,9.0,87.5,20, , 
1996163N08088,1996,UNNAMED,1996-06-11 18:00:00,9.3,87.4,20, , 
1996163N08088,1996,UNNAMED,1996-06-11 21:00:00,9.6,87.2,23, , 
1996163N08088,1996,UNNAMED,1996-06-12 00:00:00,9.9,86.9,25, , 
1996163N08088,1996,UNNAMED,1996-06-12 03:00:00,10.2,86.6,28, , 
1996163N08088,1996,UNNAMED,1996-06-12 06:00:00,10.4,86.2,30, , 
1996163N08088,1996,UNNAMED,1996-06-12 09:00:00,10.6,85.9,33, , 
1996163N08088,1996,UNNAMED,1996-06-12 12:00:00,10.9,85.6,35,25,25
1996163N08088,1996,UNNAMED,1996-06-12 15:00:00,11.2,85.2,38, ,25
1996163N08088,1996,UNNAMED,1996-06-12 18:00:00,11.5,84.8,40,25,25
1996163N08088,1996,UNNAMED,1996-06-12 21:00:00,11.8,84.4,43, ,25
1996163N08088,1996,UNNAMED,1996-06-13 00:00:00,12.1,83.9,45,25,25
1996163N08088,1996,UNNAMED,1996-06-13 03:00:00,12.5,83.1,45,30,30
1996163N08088,1996,UNNAMED,1996-06-13 06:00:00,12.8,83.0,45,30,30
1996163N08088,1996,UNNAMED,1996-06-13 09:00:00,13.0,82.6,45, ,30
1996163N08088,1996,UNNAMED,1996-06-13 12:00:00,13.2,82.2,45,30,30
1996163N08088,1996,UNNAMED,1996-06-13 15:00:00,13.5,81.8,45, ,30
1996163N08088,1996,UNNAMED,1996-06-13 18:00:00,13.7,81.5,45,30,30
1996163N08088,1996,UNNAMED,1996-06-13 21:00:00,13.7,81.2,45, ,33
1996163N08088,1996,UNNAMED,1996-06-14 00:00:00,13.8,81.2,45,35,35
1996163N08088,1996,UNNAMED,1996-06-14 03:00:00,14.1,81.1,45,35,35
1996163N08088,1996,UNNAMED,1996-06-14 06:00:00,14.5,81.3,45,35,35
1996163N08088,1996,UNNAMED,1996-06-14 09:00:00,14.8,81.4,45, ,35
1996163N08088,1996,UNNAMED,1996-06-14 12:00:00,15.1,81.6,45,35,35
1996163N08088,1996,UNNAMED,1996-06-14 15:00:00,15.5,81.9,45, ,35
1996163N08088,1996,UNNAMED,1996-06-14 18:00:00,15.9,82.3,45,35,35
1996163N08088,1996,UNNAMED,1996-06-14 21:00:00,16.2,82.6,45, ,35
1996163N08088,1996,UNNAMED,1996-06-15 00:00:00,16.5,82.8,45,35,35
1996163N08088,1996,UNNAMED,1996-06-15 03:00:00,16.6,82.8,45,35,35
1996163N08088,1996,UNNAMED,1996-06-15 06:00:00,16.8,83.2,45,35,35
1996163N08088,1996,UNNAMED,1996-06-15 09:00:00,17.0,83.4,45, ,40
1996163N08088,1996,UNNAMED,1996-06-15 12:00:00,17.1,83.6,45,45,45
1996163N08088,1996,UNNAMED,1996-06-15 15:00:00,17.2,83.6,45, ,45
1996163N08088,1996,UNNAMED,1996-06-15 18:00:00,17.3,83.6,45,45,45
1996163N08088,1996,UNNAMED,1996-06-15 21:00:00,17.4,83.6,45, ,45
1996163N08088,1996,UNNAMED,1996-06-16 00:00:00,17.6,83.6,45,45,45
1996163N08088,1996,UNNAMED,1996-06-16 03:00:00,17.8,83.6,45,45,45
1996163N08088,1996,UNNAMED,1996-06-16 06:00:00,17.9,83.5,45, , 
1996163N08088,1996,UNNAMED,1996-06-16 09:00:00,18.1,83.3,45, , 
1996163N08088,1996,UNNAMED,1996-06-16 12:00:00,18.2,83.1,45, , 
1996163N08088,1996,UNNAMED,1996-06-16 15:00:00,18.3,82.9,43, , 
1996163N08088,1996,UNNAMED,1996-06-16 18:00:00,18.3,82.7,40, , 
1996163N08088,1996,UNNAMED,1996-06-16 21:00:00,18.3,82.5,38, , 
1996163N08088,1996,UNNAMED,1996-06-17 00:00:00,18.4,82.2,35, , 
1996163N08088,1996,UNNAMED,1996-06-17 03:00:00,18.4,81.9,33, , 
1996163N08088,1996,UNNAMED,1996-06-17 06:00:00,18.5,81.6,30, , 
1996163N08088,1996,UNNAMED,1996-06-17 09:00:00,18.6,81.4,30, , 
1996163N08088,1996,UNNAMED,1996-06-17 12:00:00,18.8,81.2,30, , 
1996163N08088,1996,UNNAMED,1996-06-17 15:00:00,19.0,81.1,28, , 
1996163N08088,1996,UNNAMED,1996-06-17 18:00:00,19.3,81.0,25, , 
1996163N08088,1996,UNNAMED,1996-06-17 21:00:00,19.5,80.9,25, , 
1996163N08088,1996,UNNAMED,1996-06-18 00:00:00,19.8,80.9,25, , 
1996163N08088,1996,UNNAMED,1996-06-18 03:00:00,20.1,80.8,25, , 
1996163N08088,1996,UNNAMED,1996-06-18 06:00:00,20.4,80.8,25, , 
1996163N08088,1996,UNNAMED,1996-06-18 09:00:00,20.8,80.7,25, , 
1996163N08088,1996,UNNAMED,1996-06-18 12:00:00,21.3,80.7,25, , 
1996163N08088,1996,UNNAMED,1996-06-18 15:00:00,21.7,80.7,25, , 
1996163N08088,1996,UNNAMED,1996-06-18 18:00:00,22.1,80.7,25, , 
1996167N16072,1996,UNNAMED,1996-06-15 00:00:00,15.6,72.0,15, , 
1996167N16072,1996,UNNAMED,1996-06-15 03:00:00,15.7,72.0,15, , 
1996167N16072,1996,UNNAMED,1996-06-15 06:00:00,15.9,72.0,15, , 
1996167N16072,1996,UNNAMED,1996-06-15 09:00:00,16.1,72.0,15, , 
1996167N16072,1996,UNNAMED,1996-06-15 12:00:00,16.2,71.9,15, , 
1996167N16072,1996,UNNAMED,1996-06-15 15:00:00,16.3,71.9,15, , 
1996167N16072,1996,UNNAMED,1996-06-15 18:00:00,16.5,71.8,15, , 
1996167N16072,1996,UNNAMED,1996-06-15 21:00:00,16.6,71.8,20, , 
1996167N16072,1996,UNNAMED,1996-06-16 00:00:00,16.8,71.7,25, , 
1996167N16072,1996,UNNAMED,1996-06-16 03:00:00,17.0,71.6,23, , 
1996167N16072,1996,UNNAMED,1996-06-16 06:00:00,17.2,71.4,20, , 
1996167N16072,1996,UNNAMED,1996-06-16 09:00:00,17.3,71.2,20, , 
1996167N16072,1996,UNNAMED,1996-06-16 12:00:00,17.4,71.0,20, , 
1996167N16072,1996,UNNAMED,1996-06-16 15:00:00,17.5,70.8,23, , 
1996167N16072,1996,UNNAMED,1996-06-16 18:00:00,17.5,70.5,25, , 
1996167N16072,1996,UNNAMED,1996-06-16 21:00:00,17.5,70.0,25, , 
1996167N16072,1996,UNNAMED,1996-06-17 00:00:00,17.5,69.6,25, , 
1996167N16072,1996,UNNAMED,1996-06-17 03:00:00,17.5,69.3,25, , 
1996167N16072,1996,UNNAMED,1996-06-17 06:00:00,17.6,69.1,25, , 
1996167N16072,1996,UNNAMED,1996-06-17 09:00:00,17.8,69.1,28,25,25
1996167N16072,1996,UNNAMED,1996-06-17 12:00:00,18.1,69.2,30,25,25
1996167N16072,1996,UNNAMED,1996-06-17 15:00:00,18.2,69.3,33, ,28
1996167N16072,1996,UNNAMED,1996-06-17 18:00:00,18.2,69.5,35,30,30
1996167N16072,1996,UNNAMED,1996-06-17 21:00:00,18.5,69.8,38, ,30
1996167N16072,1996,UNNAMED,1996-06-18 00:00:00,18.8,70.1,40,30,30
1996167N16072,1996,UNNAMED,1996-06-18 03:00:00,19.0,70.3,43,30,30
1996167N16072,1996,UNNAMED,1996-06-18 06:00:00,19.4,70.4,45,30,30
1996167N16072,1996,UNNAMED,1996-06-18 09:00:00,19.5,70.5,50,35,35
1996167N16072,1996,UNNAMED,1996-06-18 12:00:00,19.9,70.6,55,45,45
1996167N16072,1996,UNNAMED,1996-06-18 15:00:00,20.1,70.6,60, ,50
1996167N16072,1996,UNNAMED,1996-06-18 18:00:00,20.4,70.7,65,55,55
1996167N16072,1996,UNNAMED,1996-06-18 21:00:00,20.6,70.7,63, ,58
1996167N16072,1996,UNNAMED,1996-06-19 00:00:00,20.9,70.9,60,60,60
1996167N16072,1996,UNNAMED,1996-06-19 03:00:00,21.5,71.2,58, , 
1996167N16072,1996,UNNAMED,1996-06-19 06:00:00,22.0,71.3,55, , 
1996167N16072,1996,UNNAMED,1996-06-19 09:00:00,22.4,71.4,50, , 
1996167N16072,1996,UNNAMED,1996-06-19 12:00:00,22.8,71.5,45, , 
1996167N16072,1996,UNNAMED,1996-06-19 15:00:00,23.1,71.5,40, , 
1996167N16072,1996,UNNAMED,1996-06-19 18:00:00,23.4,71.6,35, , 
1996167N16072,1996,UNNAMED,1996-06-19 21:00:00,23.7,71.7,33, , 
1996167N16072,1996,UNNAMED,1996-06-20 00:00:00,24.1,71.8,30, , 
1996167N16072,1996,UNNAMED,1996-06-20 03:00:00,24.6,71.9,30, , 
1996167N16072,1996,UNNAMED,1996-06-20 06:00:00,25.0,72.1,30, , 
1996167N16072,1996,UNNAMED,1996-06-20 09:00:00,25.4,72.3,28, , 
1996167N16072,1996,UNNAMED,1996-06-20 12:00:00,25.6,72.4,25, , 
1996167N16072,1996,UNNAMED,1996-06-20 15:00:00,25.8,72.5,25, , 
1996167N16072,1996,UNNAMED,1996-06-20 18:00:00,26.0,72.6,25, , 
1996167N16072,1996,UNNAMED,1996-06-20 21:00:00,26.2,72.7,25, , 
1996167N16072,1996,UNNAMED,1996-06-21 00:00:00,26.3,72.9,25, , 
1996167N16072,1996,UNNAMED,1996-06-21 03:00:00,26.4,73.1,25, , 
1996167N16072,1996,UNNAMED,1996-06-21 06:00:00,26.6,73.2,25, , 
1996167N16072,1996,UNNAMED,1996-06-21 09:00:00,26.8,73.4,25, , 
1996167N16072,1996,UNNAMED,1996-06-21 12:00:00,26.9,73.5,25, , 
1996167N16072,1996,UNNAMED,1996-06-21 15:00:00,27.0,73.7,25, , 
1996167N16072,1996,UNNAMED,1996-06-21 18:00:00,27.1,73.8,25, , 
1996167N16072,1996,UNNAMED,1996-06-21 21:00:00,27.2,74.0,25, , 
1996167N16072,1996,UNNAMED,1996-06-22 00:00:00,27.3,74.1,25, , 
1996167N16072,1996,UNNAMED,1996-06-22 03:00:00,27.4,74.2,25, , 
1996167N16072,1996,UNNAMED,1996-06-22 06:00:00,27.5,74.4,25, , 
1996167N16072,1996,UNNAMED,1996-06-22 09:00:00,27.6,74.6,25, , 
1996167N16072,1996,UNNAMED,1996-06-22 12:00:00,27.7,74.8,25, , 
1996167N16072,1996,UNNAMED,1996-06-22 15:00:00,27.8,75.0,25, , 
1996167N16072,1996,UNNAMED,1996-06-22 18:00:00,27.9,75.1,25, , 
1996167N16072,1996,UNNAMED,1996-06-22 21:00:00,28.0,75.2,23, , 
1996167N16072,1996,UNNAMED,1996-06-23 00:00:00,28.1,75.4,20, , 
1996167N16072,1996,UNNAMED,1996-06-23 03:00:00,28.2,75.6,20, , 
1996167N16072,1996,UNNAMED,1996-06-23 06:00:00,28.3,75.8,20, , 
1996167N16072,1996,UNNAMED,1996-06-23 09:00:00,28.4,76.0,20, , 
1996167N16072,1996,UNNAMED,1996-06-23 12:00:00,28.5,76.1,20, , 
1996167N16072,1996,UNNAMED,1996-06-23 15:00:00,28.6,76.3,20, , 
1996167N16072,1996,UNNAMED,1996-06-23 18:00:00,28.7,76.4,20, , 
1996167N16072,1996,UNNAMED,1996-06-23 21:00:00,28.8,76.6,20, , 
1996167N16072,1996,UNNAMED,1996-06-24 00:00:00,28.9,76.7,20, , 
1996167N16072,1996,UNNAMED,1996-06-24 03:00:00,29.0,76.8,20, , 
1996167N16072,1996,UNNAMED,1996-06-24 06:00:00,29.1,77.0,20, , 
1996167N16072,1996,UNNAMED,1996-06-24 09:00:00,29.1,77.1,18, , 
1996167N16072,1996,UNNAMED,1996-06-24 12:00:00,29.2,77.3,15, , 
1996167N16072,1996,UNNAMED,1996-06-24 15:00:00,29.3,77.5,15, , 
1996167N16072,1996,UNNAMED,1996-06-24 18:00:00,29.4,77.7,15, , 
1996167N16072,1996,UNNAMED,1996-06-24 21:00:00,29.5,77.9,15, , 
1996167N16072,1996,UNNAMED,1996-06-25 00:00:00,29.5,78.1,15, , 
1996167N16072,1996,UNNAMED,1996-06-25 03:00:00,29.5,78.3,15, , 
1996167N16072,1996,UNNAMED,1996-06-25 06:00:00,29.6,78.6,15, , 
1996167N16072,1996,UNNAMED,1996-06-25 09:00:00,29.7,78.9,15, , 
1996167N16072,1996,UNNAMED,1996-06-25 12:00:00,29.7,79.2,15, , 
1996208N24084,1996,UNNAMED,1996-07-26 03:00:00,24.0,84.0, , , 
1996208N24084,1996,UNNAMED,1996-07-26 06:00:00,24.2,83.1, , , 
1996208N24084,1996,UNNAMED,1996-07-26 09:00:00,24.4,82.2, , , 
1996208N24084,1996,UNNAMED,1996-07-26 12:00:00,24.5,81.5, , , 
1996208N24084,1996,UNNAMED,1996-07-26 15:00:00,24.6,81.0, , , 
1996208N24084,1996,UNNAMED,1996-07-26 18:00:00,24.6,80.6, , , 
1996208N24084,1996,UNNAMED,1996-07-26 21:00:00,24.6,80.3, , , 
1996208N24084,1996,UNNAMED,1996-07-27 00:00:00,24.5,79.9, , , 
1996208N24084,1996,UNNAMED,1996-07-27 03:00:00,24.5,79.5, , , 
1996208N24084,1996,UNNAMED,1996-07-27 06:00:00,24.5,78.8, , , 
1996208N24084,1996,UNNAMED,1996-07-27 09:00:00,24.5,78.1, , , 
1996208N24084,1996,UNNAMED,1996-07-27 12:00:00,24.5,77.5, , , 
1996208N24084,1996,UNNAMED,1996-07-27 15:00:00,24.5,77.1, , , 
1996208N24084,1996,UNNAMED,1996-07-27 18:00:00,24.5,76.8, , , 
1996208N24084,1996,UNNAMED,1996-07-27 21:00:00,24.5,76.6, , , 
1996208N24084,1996,UNNAMED,1996-07-28 00:00:00,24.5,76.5, , , 
1996208N24084,1996,UNNAMED,1996-07-28 03:00:00,24.5,76.5, , , 
1996275N15082,1996,UNNAMED,1996-10-01 03:00:00,15.0,82.0, ,25,25
1996275N15082,1996,UNNAMED,1996-10-01 06:00:00,15.0,81.5, ,25,25
1996275N15082,1996,UNNAMED,1996-10-01 09:00:00,15.0,81.0, , ,25
1996275N15082,1996,UNNAMED,1996-10-01 12:00:00,15.0,80.5, ,25,25
1996275N15082,1996,UNNAMED,1996-10-01 15:00:00,15.0,80.2, , ,25
1996275N15082,1996,UNNAMED,1996-10-01 18:00:00,15.0,80.0, ,25,25
1996275N15082,1996,UNNAMED,1996-10-01 21:00:00,15.3,79.8, , , 
1996275N15082,1996,UNNAMED,1996-10-02 00:00:00,15.5,79.5, , , 
1996275N15082,1996,UNNAMED,1996-10-02 03:00:00,15.5,79.0, , , 
1996275N15082,1996,UNNAMED,1996-10-02 06:00:00,16.0,78.5, , , 
1996288N09092,1996,UNNAMED,1996-10-14 00:00:00,9.1,91.7,15, , 
1996288N09092,1996,UNNAMED,1996-10-14 03:00:00,9.3,91.1,15, , 
1996288N09092,1996,UNNAMED,1996-10-14 06:00:00,9.5,90.5,15, , 
1996288N09092,1996,UNNAMED,1996-10-14 09:00:00,9.7,89.9,15, , 
1996288N09092,1996,UNNAMED,1996-10-14 12:00:00,10.0,89.2,15, , 
1996288N09092,1996,UNNAMED,1996-10-14 15:00:00,10.3,88.5,15, , 
1996288N09092,1996,UNNAMED,1996-10-14 18:00:00,10.6,87.9,15, , 
1996288N09092,1996,UNNAMED,1996-10-14 21:00:00,10.9,87.2,15, , 
1996288N09092,1996,UNNAMED,1996-10-15 00:00:00,11.3,86.6,15, , 
1996288N09092,1996,UNNAMED,1996-10-15 03:00:00,11.6,86.0,15, , 
1996288N09092,1996,UNNAMED,1996-10-15 06:00:00,11.9,85.4,15, , 
1996288N09092,1996,UNNAMED,1996-10-15 09:00:00,12.2,84.9,15, , 
1996288N09092,1996,UNNAMED,1996-10-15 12:00:00,12.4,84.4,15, , 
1996288N09092,1996,UNNAMED,1996-10-15 15:00:00,12.7,84.0,15, , 
1996288N09092,1996,UNNAMED,1996-10-15 18:00:00,12.9,83.7,15, , 
1996288N09092,1996,UNNAMED,1996-10-15 21:00:00,13.1,83.4,15, , 
1996288N09092,1996,UNNAMED,1996-10-16 00:00:00,13.3,83.2,15, , 
1996288N09092,1996,UNNAMED,1996-10-16 03:00:00,13.4,82.9,18, , 
1996288N09092,1996,UNNAMED,1996-10-16 06:00:00,13.4,82.7,20, , 
1996288N09092,1996,UNNAMED,1996-10-16 09:00:00,13.4,82.5,20, , 
1996288N09092,1996,UNNAMED,1996-10-16 12:00:00,13.4,82.3,20, , 
1996288N09092,1996,UNNAMED,1996-10-16 15:00:00,13.4,82.1,20, , 
1996288N09092,1996,UNNAMED,1996-10-16 18:00:00,13.3,82.0,20, , 
1996288N09092,1996,UNNAMED,1996-10-16 21:00:00,13.2,81.9,20, , 
1996288N09092,1996,UNNAMED,1996-10-17 00:00:00,13.1,81.7,20, , 
1996288N09092,1996,UNNAMED,1996-10-17 03:00:00,13.0,81.5,20, , 
1996288N09092,1996,UNNAMED,1996-10-17 06:00:00,12.9,81.3,20, , 
1996288N09092,1996,UNNAMED,1996-10-17 09:00:00,12.8,81.0,20, , 
1996288N09092,1996,UNNAMED,1996-10-17 12:00:00,12.8,80.8,20, , 
1996288N09092,1996,UNNAMED,1996-10-17 15:00:00,12.8,80.6,20, , 
1996288N09092,1996,UNNAMED,1996-10-17 18:00:00,12.9,80.4,20, , 
1996288N09092,1996,UNNAMED,1996-10-17 21:00:00,13.0,80.2,18, , 
1996288N09092,1996,UNNAMED,1996-10-18 00:00:00,13.0,80.1,15, , 
1996288N09092,1996,UNNAMED,1996-10-18 03:00:00,13.0,79.9,15, , 
1996288N09092,1996,UNNAMED,1996-10-18 06:00:00,13.0,79.8,15, , 
1996288N09092,1996,UNNAMED,1996-10-18 09:00:00,13.0,79.7,15, , 
1996288N09092,1996,UNNAMED,1996-10-18 12:00:00,13.0,79.5,15, , 
1996288N09092,1996,UNNAMED,1996-10-18 15:00:00,13.0,79.2,15, , 
1996288N09092,1996,UNNAMED,1996-10-18 18:00:00,13.0,78.8,15, , 
1996288N09092,1996,UNNAMED,1996-10-18 21:00:00,13.0,78.4,15, , 
1996288N09092,1996,UNNAMED,1996-10-19 00:00:00,13.0,78.1,15, , 
1996288N09092,1996,UNNAMED,1996-10-19 03:00:00,13.0,77.8,15, , 
1996288N09092,1996,UNNAMED,1996-10-19 06:00:00,13.0,77.5,15, , 
1996288N09092,1996,UNNAMED,1996-10-19 09:00:00,13.0,77.2,15, , 
1996288N09092,1996,UNNAMED,1996-10-19 12:00:00,13.0,76.9,15, , 
1996288N09092,1996,UNNAMED,1996-10-19 15:00:00,13.0,76.6,15, , 
1996288N09092,1996,UNNAMED,1996-10-19 18:00:00,13.0,76.3,15, , 
1996288N09092,1996,UNNAMED,1996-10-19 21:00:00,13.0,75.9,15, , 
1996288N09092,1996,UNNAMED,1996-10-20 00:00:00,13.1,75.4,15, , 
1996288N09092,1996,UNNAMED,1996-10-20 03:00:00,13.2,74.9,15, , 
1996288N09092,1996,UNNAMED,1996-10-20 06:00:00,13.2,74.4,15, , 
1996288N09092,1996,UNNAMED,1996-10-20 09:00:00,13.2,73.8,18, , 
1996288N09092,1996,UNNAMED,1996-10-20 12:00:00,13.2,73.2,20, , 
1996288N09092,1996,UNNAMED,1996-10-20 15:00:00,13.2,72.6,20, , 
1996288N09092,1996,UNNAMED,1996-10-20 18:00:00,13.2,72.1,20, , 
1996288N09092,1996,UNNAMED,1996-10-20 21:00:00,13.2,71.7,20, , 
1996288N09092,1996,UNNAMED,1996-10-21 00:00:00,13.3,71.3,20, , 
1996288N09092,1996,UNNAMED,1996-10-21 03:00:00,13.4,71.0,23, , 
1996288N09092,1996,UNNAMED,1996-10-21 06:00:00,13.5,70.7,25, , 
1996288N09092,1996,UNNAMED,1996-10-21 09:00:00,13.6,70.5,25, , 
1996288N09092,1996,UNNAMED,1996-10-21 12:00:00,13.7,70.3,25, , 
1996288N09092,1996,UNNAMED,1996-10-21 15:00:00,13.8,70.1,25, , 
1996288N09092,1996,UNNAMED,1996-10-21 18:00:00,13.8,70.0,25, , 
1996288N09092,1996,UNNAMED,1996-10-21 21:00:00,13.8,69.9,28, , 
1996288N09092,1996,UNNAMED,1996-10-22 00:00:00,13.9,69.8,30, , 
1996288N09092,1996,UNNAMED,1996-10-22 03:00:00,13.9,69.7,33, , 
1996288N09092,1996,UNNAMED,1996-10-22 06:00:00,14.0,69.7,35, , 
1996288N09092,1996,UNNAMED,1996-10-22 09:00:00,14.1,69.5,38,25,25
1996288N09092,1996,UNNAMED,1996-10-22 12:00:00,14.3,69.6,40,25,25
1996288N09092,1996,UNNAMED,1996-10-22 15:00:00,14.4,69.6,43, ,28
1996288N09092,1996,UNNAMED,1996-10-22 18:00:00,14.4,69.6,45,30,30
1996288N09092,1996,UNNAMED,1996-10-22 21:00:00,14.6,69.8,48, ,30
1996288N09092,1996,UNNAMED,1996-10-23 00:00:00,14.8,70.0,50,30,30
1996288N09092,1996,UNNAMED,1996-10-23 03:00:00,14.9,70.0,53,30,30
1996288N09092,1996,UNNAMED,1996-10-23 06:00:00,15.3,70.3,55,30,30
1996288N09092,1996,UNNAMED,1996-10-23 09:00:00,15.4,70.3,58,35,35
1996288N09092,1996,UNNAMED,1996-10-23 12:00:00,15.9,70.4,60,45,45
1996288N09092,1996,UNNAMED,1996-10-23 15:00:00,16.3,70.4,63, ,50
1996288N09092,1996,UNNAMED,1996-10-23 18:00:00,16.7,70.4,65,55,55
1996288N09092,1996,UNNAMED,1996-10-23 21:00:00,17.2,70.3,63, ,55
1996288N09092,1996,UNNAMED,1996-10-24 00:00:00,17.7,70.3,60,55,55
1996288N09092,1996,UNNAMED,1996-10-24 03:00:00,18.0,70.2,58,60,60
1996288N09092,1996,UNNAMED,1996-10-24 06:00:00,18.2,70.2,55,60,60
1996288N09092,1996,UNNAMED,1996-10-24 09:00:00,18.6,70.1,55, ,58
1996288N09092,1996,UNNAMED,1996-10-24 12:00:00,19.0,70.0,55,55,55
1996288N09092,1996,UNNAMED,1996-10-24 15:00:00,19.2,70.0,55, ,55
1996288N09092,1996,UNNAMED,1996-10-24 18:00:00,19.3,70.0,55,55,55
1996288N09092,1996,UNNAMED,1996-10-24 21:00:00,19.4,70.0,53, ,50
1996288N09092,1996,UNNAMED,1996-10-25 00:00:00,19.7,70.1,50,45,45
1996288N09092,1996,UNNAMED,1996-10-25 03:00:00,20.0,70.1,48,35,35
1996288N09092,1996,UNNAMED,1996-10-25 06:00:00,20.0,70.1,45,30,30
1996288N09092,1996,UNNAMED,1996-10-25 09:00:00,20.0,70.0,43, ,28
1996288N09092,1996,UNNAMED,1996-10-25 12:00:00,20.1,70.0,40,25,25
1996288N09092,1996,UNNAMED,1996-10-25 15:00:00,20.0,69.9,38, ,25
1996288N09092,1996,UNNAMED,1996-10-25 18:00:00,20.0,69.9,35, ,25
1996288N09092,1996,UNNAMED,1996-10-25 21:00:00,20.0,69.8,33, ,25
1996288N09092,1996,UNNAMED,1996-10-26 00:00:00,19.9,69.9,30,25,25
1996288N09092,1996,UNNAMED,1996-10-26 03:00:00,19.9,69.9,28,25,25
1996288N09092,1996,UNNAMED,1996-10-26 06:00:00,19.8,69.9,25,25,25
1996288N09092,1996,UNNAMED,1996-10-26 09:00:00,19.8,69.9,25, ,25
1996288N09092,1996,UNNAMED,1996-10-26 12:00:00,19.7,69.9,25,25,25
1996288N09092,1996,UNNAMED,1996-10-26 15:00:00,19.6,69.8,28, ,25
1996288N09092,1996,UNNAMED,1996-10-26 18:00:00,19.5,69.8,30,25,25
1996288N09092,1996,UNNAMED,1996-10-26 21:00:00,19.4,69.7,33, ,25
1996288N09092,1996,UNNAMED,1996-10-27 00:00:00,19.2,69.7,35,25,25
1996288N09092,1996,UNNAMED,1996-10-27 03:00:00,18.8,69.6,38,25,25
1996288N09092,1996,UNNAMED,1996-10-27 06:00:00,18.5,69.4,40,25,25
1996288N09092,1996,UNNAMED,1996-10-27 09:00:00,17.9,69.2,43,25,25
1996288N09092,1996,UNNAMED,1996-10-27 12:00:00,17.3,68.8,45,25,25
1996288N09092,1996,UNNAMED,1996-10-27 15:00:00,16.6,68.4,43, , 
1996288N09092,1996,UNNAMED,1996-10-27 18:00:00,16.2,68.1,40, , 
1996288N09092,1996,UNNAMED,1996-10-27 21:00:00,15.8,67.8,38, , 
1996288N09092,1996,UNNAMED,1996-10-28 00:00:00,15.5,67.5,35, , 
1996288N09092,1996,UNNAMED,1996-10-28 03:00:00,15.2,67.2,35, , 
1996288N09092,1996,UNNAMED,1996-10-28 06:00:00,15.0,67.0,35, , 
1996288N09092,1996,UNNAMED,1996-10-28 09:00:00,14.9,66.8,35, , 
1996288N09092,1996,UNNAMED,1996-10-28 12:00:00,14.8,66.6,35, , 
1996288N09092,1996,UNNAMED,1996-10-28 15:00:00,14.6,66.3,35, , 
1996288N09092,1996,UNNAMED,1996-10-28 18:00:00,14.5,66.0,35, , 
1996288N09092,1996,UNNAMED,1996-10-28 21:00:00,14.4,65.6,35, , 
1996288N09092,1996,UNNAMED,1996-10-29 00:00:00,14.3,65.1,35, , 
1996288N09092,1996,UNNAMED,1996-10-29 03:00:00,14.2,64.6,35, , 
1996288N09092,1996,UNNAMED,1996-10-29 06:00:00,14.1,64.1,35, , 
1996288N09092,1996,UNNAMED,1996-10-29 09:00:00,14.0,63.5,35, , 
1996288N09092,1996,UNNAMED,1996-10-29 12:00:00,13.9,62.8,35, , 
1996288N09092,1996,UNNAMED,1996-10-29 15:00:00,13.8,62.2,35, , 
1996288N09092,1996,UNNAMED,1996-10-29 18:00:00,13.7,61.6,35, , 
1996288N09092,1996,UNNAMED,1996-10-29 21:00:00,13.7,61.1,35, , 
1996288N09092,1996,UNNAMED,1996-10-30 00:00:00,13.7,60.6,35, , 
1996288N09092,1996,UNNAMED,1996-10-30 03:00:00,13.7,60.0,35, , 
1996288N09092,1996,UNNAMED,1996-10-30 06:00:00,13.7,59.4,35, , 
1996288N09092,1996,UNNAMED,1996-10-30 09:00:00,13.7,58.8,35, , 
1996288N09092,1996,UNNAMED,1996-10-30 12:00:00,13.7,58.3,35, , 
1996288N09092,1996,UNNAMED,1996-10-30 15:00:00,13.7,57.9,35, , 
1996288N09092,1996,UNNAMED,1996-10-30 18:00:00,13.6,57.6,35, , 
1996288N09092,1996,UNNAMED,1996-10-30 21:00:00,13.6,57.1,33, , 
1996288N09092,1996,UNNAMED,1996-10-31 00:00:00,13.5,56.7,30, , 
1996288N09092,1996,UNNAMED,1996-10-31 03:00:00,13.4,56.4,30, , 
1996288N09092,1996,UNNAMED,1996-10-31 06:00:00,13.3,56.1,30, , 
1996288N09092,1996,UNNAMED,1996-10-31 09:00:00,13.2,55.8,30, , 
1996288N09092,1996,UNNAMED,1996-10-31 12:00:00,13.0,55.4,30, , 
1996288N09092,1996,UNNAMED,1996-10-31 15:00:00,12.7,55.1,28, , 
1996288N09092,1996,UNNAMED,1996-10-31 18:00:00,12.3,54.8,25, , 
1996288N09092,1996,UNNAMED,1996-10-31 21:00:00,12.1,54.5,25, , 
1996288N09092,1996,UNNAMED,1996-11-01 00:00:00,11.8,54.3,25, , 
1996288N09092,1996,UNNAMED,1996-11-01 03:00:00,11.4,54.0,25, , 
1996288N09092,1996,UNNAMED,1996-11-01 06:00:00,10.9,53.8,25, , 
1996288N09092,1996,UNNAMED,1996-11-01 09:00:00,10.5,53.6,25, , 
1996288N09092,1996,UNNAMED,1996-11-01 12:00:00,10.1,53.3,25, , 
1996288N09092,1996,UNNAMED,1996-11-01 15:00:00,9.7,53.0,25, , 
1996288N09092,1996,UNNAMED,1996-11-01 18:00:00,9.3,52.8,25, , 
1996288N09092,1996,UNNAMED,1996-11-01 21:00:00,8.9,52.6,23, , 
1996288N09092,1996,UNNAMED,1996-11-02 00:00:00,8.5,52.4,20, , 
1996288N09092,1996,UNNAMED,1996-11-02 03:00:00,8.1,52.2,20, , 
1996288N09092,1996,UNNAMED,1996-11-02 06:00:00,7.7,51.9,20, , 
1996296N09093,1996,UNNAMED,1996-10-21 18:00:00,9.1,93.2,20, , 
1996296N09093,1996,UNNAMED,1996-10-21 21:00:00,9.3,93.2,23, , 
1996296N09093,1996,UNNAMED,1996-10-22 00:00:00,9.5,93.1,25, , 
1996296N09093,1996,UNNAMED,1996-10-22 03:00:00,9.7,93.1,25, , 
1996296N09093,1996,UNNAMED,1996-10-22 06:00:00,9.9,93.0,25, , 
1996296N09093,1996,UNNAMED,1996-10-22 09:00:00,10.1,93.0,25, , 
1996296N09093,1996,UNNAMED,1996-10-22 12:00:00,10.2,92.9,25, , 
1996296N09093,1996,UNNAMED,1996-10-22 15:00:00,10.4,92.9,25, , 
1996296N09093,1996,UNNAMED,1996-10-22 18:00:00,10.5,92.8,25, , 
1996296N09093,1996,UNNAMED,1996-10-22 21:00:00,10.6,92.7,25, , 
1996296N09093,1996,UNNAMED,1996-10-23 00:00:00,10.7,92.6,25, , 
1996296N09093,1996,UNNAMED,1996-10-23 03:00:00,10.8,92.4,25, , 
1996296N09093,1996,UNNAMED,1996-10-23 06:00:00,10.9,92.2,25, , 
1996296N09093,1996,UNNAMED,1996-10-23 09:00:00,10.9,92.0,25, , 
1996296N09093,1996,UNNAMED,1996-10-23 12:00:00,10.9,91.7,25, , 
1996296N09093,1996,UNNAMED,1996-10-23 15:00:00,10.9,91.3,25, , 
1996296N09093,1996,UNNAMED,1996-10-23 18:00:00,11.0,90.9,25, , 
1996296N09093,1996,UNNAMED,1996-10-23 21:00:00,11.1,90.4,25, , 
1996296N09093,1996,UNNAMED,1996-10-24 00:00:00,11.2,90.0,25, , 
1996296N09093,1996,UNNAMED,1996-10-24 03:00:00,11.3,89.6,25, , 
1996296N09093,1996,UNNAMED,1996-10-24 06:00:00,11.4,89.3,25, , 
1996296N09093,1996,UNNAMED,1996-10-24 09:00:00,11.5,89.0,25, , 
1996296N09093,1996,UNNAMED,1996-10-24 12:00:00,11.6,88.7,25, , 
1996296N09093,1996,UNNAMED,1996-10-24 15:00:00,11.7,88.4,25, , 
1996296N09093,1996,UNNAMED,1996-10-24 18:00:00,11.8,88.2,25, , 
1996296N09093,1996,UNNAMED,1996-10-24 21:00:00,11.9,88.0,25, , 
1996296N09093,1996,UNNAMED,1996-10-25 00:00:00,12.0,87.8,25, , 
1996296N09093,1996,UNNAMED,1996-10-25 03:00:00,12.1,87.6,28, , 
1996296N09093,1996,UNNAMED,1996-10-25 06:00:00,12.2,87.4,30, , 
1996296N09093,1996,UNNAMED,1996-10-25 09:00:00,12.3,87.2,30, , 
1996296N09093,1996,UNNAMED,1996-10-25 12:00:00,12.4,87.0,30, , 
1996296N09093,1996,UNNAMED,1996-10-25 15:00:00,12.5,86.8,33, , 
1996296N09093,1996,UNNAMED,1996-10-25 18:00:00,12.6,86.6,35, , 
1996296N09093,1996,UNNAMED,1996-10-25 21:00:00,12.7,86.4,35, , 
1996296N09093,1996,UNNAMED,1996-10-26 00:00:00,12.9,86.2,35, , 
1996296N09093,1996,UNNAMED,1996-10-26 03:00:00,13.0,85.9,38, , 
1996296N09093,1996,UNNAMED,1996-10-26 06:00:00,13.2,85.7,40, , 
1996296N09093,1996,UNNAMED,1996-10-26 09:00:00,13.4,85.5,43, , 
1996296N09093,1996,UNNAMED,1996-10-26 12:00:00,13.6,85.4,45, , 
1996296N09093,1996,UNNAMED,1996-10-26 15:00:00,13.9,85.3,45, , 
1996296N09093,1996,UNNAMED,1996-10-26 18:00:00,14.2,85.3,45, , 
1996296N09093,1996,UNNAMED,1996-10-26 21:00:00,14.4,85.3,45, , 
1996296N09093,1996,UNNAMED,1996-10-27 00:00:00,14.7,85.3,45, , 
1996296N09093,1996,UNNAMED,1996-10-27 03:00:00,15.1,85.5,45,25,25
1996296N09093,1996,UNNAMED,1996-10-27 06:00:00,15.5,85.4,45,25,25
1996296N09093,1996,UNNAMED,1996-10-27 09:00:00,15.8,85.5,45, ,25
1996296N09093,1996,UNNAMED,1996-10-27 12:00:00,16.1,85.6,45,25,25
1996296N09093,1996,UNNAMED,1996-10-27 15:00:00,16.5,85.8,45, ,28
1996296N09093,1996,UNNAMED,1996-10-27 18:00:00,17.0,86.1,45,30,30
1996296N09093,1996,UNNAMED,1996-10-27 21:00:00,17.4,86.5,45, ,30
1996296N09093,1996,UNNAMED,1996-10-28 00:00:00,18.0,86.9,45,30,30
1996296N09093,1996,UNNAMED,1996-10-28 03:00:00,18.8,87.3,45,30,30
1996296N09093,1996,UNNAMED,1996-10-28 06:00:00,19.6,87.8,45,30,30
1996296N09093,1996,UNNAMED,1996-10-28 09:00:00,20.3,88.2,45, ,30
1996296N09093,1996,UNNAMED,1996-10-28 12:00:00,21.0,88.6,45,30,30
1996296N09093,1996,UNNAMED,1996-10-28 15:00:00,21.4,88.9,43, ,30
1996296N09093,1996,UNNAMED,1996-10-28 18:00:00,21.9,89.2,40,30,30
1996296N09093,1996,UNNAMED,1996-10-28 21:00:00,22.7,89.4,35, , 
1996296N09093,1996,UNNAMED,1996-10-29 00:00:00,23.7,89.7,30, , 
1996296N09093,1996,UNNAMED,1996-10-29 03:00:00,24.6,89.9,28, , 
1996296N09093,1996,UNNAMED,1996-10-29 06:00:00,25.6,90.2,25, , 
1996299N11121,1996,UNNAMED,1996-10-24 12:00:00,10.5,121.0,15, , 
1996299N11121,1996,UNNAMED,1996-10-24 15:00:00,10.1,120.5,15, , 
1996299N11121,1996,UNNAMED,1996-10-24 18:00:00,9.7,120.0,15, , 
1996299N11121,1996,UNNAMED,1996-10-24 21:00:00,9.5,119.4,15, , 
1996299N11121,1996,UNNAMED,1996-10-25 00:00:00,9.3,118.7,15, , 
1996299N11121,1996,UNNAMED,1996-10-25 03:00:00,9.1,118.1,15, , 
1996299N11121,1996,UNNAMED,1996-10-25 06:00:00,8.9,117.5,15, , 
1996299N11121,1996,UNNAMED,1996-10-25 09:00:00,8.8,116.9,15, , 
1996299N11121,1996,UNNAMED,1996-10-25 12:00:00,8.7,116.2,15, , 
1996299N11121,1996,UNNAMED,1996-10-25 15:00:00,8.6,115.5,15, , 
1996299N11121,1996,UNNAMED,1996-10-25 18:00:00,8.4,114.9,15, , 
1996299N11121,1996,UNNAMED,1996-10-25 21:00:00,8.3,114.3,15, , 
1996299N11121,1996,UNNAMED,1996-10-26 00:00:00,8.1,113.7,15, , 
1996299N11121,1996,UNNAMED,1996-10-26 03:00:00,7.9,113.2,15, , 
1996299N11121,1996,UNNAMED,1996-10-26 06:00:00,7.7,112.8,15, , 
1996299N11121,1996,UNNAMED,1996-10-26 09:00:00,7.5,112.4,15, , 
1996299N11121,1996,UNNAMED,1996-10-26 12:00:00,7.4,112.1,15, , 
1996299N11121,1996,UNNAMED,1996-10-26 15:00:00,7.2,111.8,15, , 
1996299N11121,1996,UNNAMED,1996-10-26 18:00:00,7.0,111.5,15, , 
1996299N11121,1996,UNNAMED,1996-10-26 21:00:00,6.8,111.2,18, , 
1996299N11121,1996,UNNAMED,1996-10-27 00:00:00,6.6,110.9,20, , 
1996299N11121,1996,UNNAMED,1996-10-27 03:00:00,6.4,110.6,23, , 
1996299N11121,1996,UNNAMED,1996-10-27 06:00:00,6.3,110.3,25, , 
1996299N11121,1996,UNNAMED,1996-10-27 09:00:00,6.1,110.0,28, , 
1996299N11121,1996,UNNAMED,1996-10-27 12:00:00,5.9,109.6,30, , 
1996299N11121,1996,UNNAMED,1996-10-27 15:00:00,5.8,109.2,30, , 
1996299N11121,1996,UNNAMED,1996-10-27 18:00:00,5.8,108.7,30, , 
1996299N11121,1996,UNNAMED,1996-10-27 21:00:00,5.7,108.2,28, , 
1996299N11121,1996,UNNAMED,1996-10-28 00:00:00,5.7,107.7,25, , 
1996299N11121,1996,UNNAMED,1996-10-28 03:00:00,5.7,107.2,25, , 
1996299N11121,1996,UNNAMED,1996-10-28 06:00:00,5.8,106.6,25, , 
1996299N11121,1996,UNNAMED,1996-10-28 09:00:00,5.9,106.0,25, , 
1996299N11121,1996,UNNAMED,1996-10-28 12:00:00,6.0,105.5,25, , 
1996299N11121,1996,UNNAMED,1996-10-28 15:00:00,6.2,104.9,25, , 
1996299N11121,1996,UNNAMED,1996-10-28 18:00:00,6.5,104.4,25, , 
1996299N11121,1996,UNNAMED,1996-10-28 21:00:00,7.0,104.0,25, , 
1996299N11121,1996,UNNAMED,1996-10-29 00:00:00,7.5,103.7,25, , 
1996299N11121,1996,UNNAMED,1996-10-29 03:00:00,8.1,103.4,25, , 
1996299N11121,1996,UNNAMED,1996-10-29 06:00:00,8.6,103.2,25, , 
1996299N11121,1996,UNNAMED,1996-10-29 09:00:00,9.1,103.0,25, , 
1996299N11121,1996,UNNAMED,1996-10-29 12:00:00,9.5,102.8,25, , 
1996299N11121,1996,UNNAMED,1996-10-29 15:00:00,10.0,102.6,25, , 
1996299N11121,1996,UNNAMED,1996-10-29 18:00:00,10.4,102.3,25, , 
1996299N11121,1996,UNNAMED,1996-10-29 21:00:00,10.8,102.0,25, , 
1996299N11121,1996,UNNAMED,1996-10-30 00:00:00,11.0,101.6,25, , 
1996299N11121,1996,UNNAMED,1996-10-30 03:00:00,11.1,101.2,23, , 
1996299N11121,1996,UNNAMED,1996-10-30 06:00:00,11.2,100.7,20, , 
1996299N11121,1996,UNNAMED,1996-10-30 09:00:00,11.3,100.2,18, , 
1996299N11121,1996,UNNAMED,1996-10-30 12:00:00,11.4,99.6,15, , 
1996299N11121,1996,UNNAMED,1996-10-30 15:00:00,11.5,98.9,18, , 
1996299N11121,1996,UNNAMED,1996-10-30 18:00:00,11.7,98.3,20, , 
1996299N11121,1996,UNNAMED,1996-10-30 21:00:00,12.0,97.7,23, , 
1996299N11121,1996,UNNAMED,1996-10-31 00:00:00,12.4,97.3,25, , 
1996299N11121,1996,UNNAMED,1996-10-31 03:00:00,12.9,96.9,25, , 
1996299N11121,1996,UNNAMED,1996-10-31 06:00:00,13.4,96.7,25, , 
1996299N11121,1996,UNNAMED,1996-10-31 09:00:00,14.0,96.9,23, , 
1996299N11121,1996,UNNAMED,1996-10-31 12:00:00,14.6,97.2,20, , 
1996299N11121,1996,UNNAMED,1996-10-31 15:00:00,15.2,97.6,18, , 
1996299N11121,1996,UNNAMED,1996-10-31 18:00:00,15.7,97.9,15, , 
1996306N15097,1996,UNNAMED,1996-11-01 00:00:00,15.0,97.3,15, , 
1996306N15097,1996,UNNAMED,1996-11-01 03:00:00,15.4,96.9,15, , 
1996306N15097,1996,UNNAMED,1996-11-01 06:00:00,15.7,96.5,15, , 
1996306N15097,1996,UNNAMED,1996-11-01 09:00:00,15.8,96.2,15, , 
1996306N15097,1996,UNNAMED,1996-11-01 12:00:00,15.9,96.0,15, , 
1996306N15097,1996,UNNAMED,1996-11-01 15:00:00,16.0,95.6,15, , 
1996306N15097,1996,UNNAMED,1996-11-01 18:00:00,16.2,95.2,15, , 
1996306N15097,1996,UNNAMED,1996-11-01 21:00:00,16.3,94.8,15, , 
1996306N15097,1996,UNNAMED,1996-11-02 00:00:00,16.4,94.3,15, , 
1996306N15097,1996,UNNAMED,1996-11-02 03:00:00,16.4,93.9,15, , 
1996306N15097,1996,UNNAMED,1996-11-02 06:00:00,16.4,93.5,15, , 
1996306N15097,1996,UNNAMED,1996-11-02 09:00:00,16.4,93.2,15, , 
1996306N15097,1996,UNNAMED,1996-11-02 12:00:00,16.4,92.9,15, , 
1996306N15097,1996,UNNAMED,1996-11-02 15:00:00,16.3,92.5,15, , 
1996306N15097,1996,UNNAMED,1996-11-02 18:00:00,16.2,92.1,15, , 
1996306N15097,1996,UNNAMED,1996-11-02 21:00:00,16.1,91.7,18, , 
1996306N15097,1996,UNNAMED,1996-11-03 00:00:00,16.1,91.4,20, , 
1996306N15097,1996,UNNAMED,1996-11-03 03:00:00,16.0,91.1,20, , 
1996306N15097,1996,UNNAMED,1996-11-03 06:00:00,16.0,90.8,20, , 
1996306N15097,1996,UNNAMED,1996-11-03 09:00:00,16.0,90.5,23, , 
1996306N15097,1996,UNNAMED,1996-11-03 12:00:00,16.0,90.2,25, , 
1996306N15097,1996,UNNAMED,1996-11-03 15:00:00,16.0,89.9,25, , 
1996306N15097,1996,UNNAMED,1996-11-03 18:00:00,16.0,89.5,25, , 
1996306N15097,1996,UNNAMED,1996-11-03 21:00:00,16.0,89.1,28, , 
1996306N15097,1996,UNNAMED,1996-11-04 00:00:00,16.0,88.8,30, , 
1996306N15097,1996,UNNAMED,1996-11-04 03:00:00,16.0,88.5,33, , 
1996306N15097,1996,UNNAMED,1996-11-04 06:00:00,16.0,88.3,35, , 
1996306N15097,1996,UNNAMED,1996-11-04 09:00:00,16.1,88.0,38, , 
1996306N15097,1996,UNNAMED,1996-11-04 12:00:00,16.1,87.7,40, , 
1996306N15097,1996,UNNAMED,1996-11-04 15:00:00,16.0,87.5,45,25,25
1996306N15097,1996,UNNAMED,1996-11-04 18:00:00,16.0,87.2,50,25,25
1996306N15097,1996,UNNAMED,1996-11-04 21:00:00,16.0,86.9,55, ,25
1996306N15097,1996,UNNAMED,1996-11-05 00:00:00,16.0,86.7,60,25,25
1996306N15097,1996,UNNAMED,1996-11-05 03:00:00,16.0,86.2,63,30,30
1996306N15097,1996,UNNAMED,1996-11-05 06:00:00,16.0,86.1,65,30,30
1996306N15097,1996,UNNAMED,1996-11-05 09:00:00,16.0,85.6,70,35,35
1996306N15097,1996,UNNAMED,1996-11-05 12:00:00,16.0,85.2,75,45,45
1996306N15097,1996,UNNAMED,1996-11-05 15:00:00,16.0,84.8,80, ,45
1996306N15097,1996,UNNAMED,1996-11-05 18:00:00,16.0,84.6,85,45,45
1996306N15097,1996,UNNAMED,1996-11-05 21:00:00,16.0,84.4,93, ,45
1996306N15097,1996,UNNAMED,1996-11-06 00:00:00,16.0,84.1,100,45,45
1996306N15097,1996,UNNAMED,1996-11-06 01:00:00,16.1,83.8,103,55,55
1996306N15097,1996,UNNAMED,1996-11-06 03:00:00,16.1,83.5,108,55,55
1996306N15097,1996,UNNAMED,1996-11-06 06:00:00,16.2,83.2,115,65,65
1996306N15097,1996,UNNAMED,1996-11-06 09:00:00,16.3,82.8,115,77,77
1996306N15097,1996,UNNAMED,1996-11-06 12:00:00,16.5,82.5,115,77,77
1996306N15097,1996,UNNAMED,1996-11-06 15:00:00,16.6,82.2,115, ,66
1996306N15097,1996,UNNAMED,1996-11-06 18:00:00,16.8,81.9,115,55,55
1996306N15097,1996,UNNAMED,1996-11-06 21:00:00,16.9,81.5,98, , 
1996306N15097,1996,UNNAMED,1996-11-07 00:00:00,17.1,80.9,80, , 
1996306N15097,1996,UNNAMED,1996-11-07 03:00:00,17.3,80.1,65, , 
1996306N15097,1996,UNNAMED,1996-11-07 06:00:00,17.5,79.5,50, , 
1996306N15097,1996,UNNAMED,1996-11-07 09:00:00,17.5,79.2,40, , 
1996306N15097,1996,UNNAMED,1996-11-07 12:00:00,17.6,78.8,30, , 
1996306N15097,1996,UNNAMED,1996-11-07 15:00:00,17.7,78.3,25, , 
1996306N15097,1996,UNNAMED,1996-11-07 18:00:00,17.8,77.7,20, , 
1996312N14125,1996,ERNIE,1996-11-06 12:00:00,13.8,125.4,15, , 
1996312N14125,1996,ERNIE,1996-11-06 15:00:00,14.1,125.4,18, , 
1996312N14125,1996,ERNIE,1996-11-06 18:00:00,14.5,125.4,20, , 
1996312N14125,1996,ERNIE,1996-11-06 21:00:00,14.9,125.3,20, , 
1996312N14125,1996,ERNIE,1996-11-07 00:00:00,15.2,125.2,20, , 
1996312N14125,1996,ERNIE,1996-11-07 03:00:00,15.5,125.0,23, , 
1996312N14125,1996,ERNIE,1996-11-07 06:00:00,15.8,124.8,25, , 
1996312N14125,1996,ERNIE,1996-11-07 09:00:00,16.1,124.6,25, , 
1996312N14125,1996,ERNIE,1996-11-07 12:00:00,16.3,124.5,25, , 
1996312N14125,1996,ERNIE,1996-11-07 15:00:00,16.6,124.3,25, , 
1996312N14125,1996,ERNIE,1996-11-07 18:00:00,16.8,123.9,25, , 
1996312N14125,1996,ERNIE,1996-11-07 21:00:00,17.0,123.4,28, , 
1996312N14125,1996,ERNIE,1996-11-08 00:00:00,17.3,122.9,30, , 
1996312N14125,1996,ERNIE,1996-11-08 03:00:00,17.5,122.2,30, , 
1996312N14125,1996,ERNIE,1996-11-08 06:00:00,17.8,121.5,30, , 
1996312N14125,1996,ERNIE,1996-11-08 09:00:00,18.2,120.8,30, , 
1996312N14125,1996,ERNIE,1996-11-08 12:00:00,18.5,120.2,30, , 
1996312N14125,1996,ERNIE,1996-11-08 15:00:00,18.7,119.8,30, , 
1996312N14125,1996,ERNIE,1996-11-08 18:00:00,18.9,119.6,30, , 
1996312N14125,1996,ERNIE,1996-11-08 21:00:00,19.1,119.2,30, , 
1996312N14125,1996,ERNIE,1996-11-09 00:00:00,19.3,118.9,30, , 
1996312N14125,1996,ERNIE,1996-11-09 03:00:00,19.4,118.6,30, , 
1996312N14125,1996,ERNIE,1996-11-09 06:00:00,19.6,118.4,30, , 
1996312N14125,1996,ERNIE,1996-11-09 09:00:00,19.8,118.2,30, , 
1996312N14125,1996,ERNIE,1996-11-09 12:00:00,19.9,118.1,30,35, 
1996312N14125,1996,ERNIE,1996-11-09 15:00:00,19.7,117.8,28, , 
1996312N14125,1996,ERNIE,1996-11-09 18:00:00,19.4,117.8,25,35, 
1996312N14125,1996,ERNIE,1996-11-09 21:00:00,19.3,117.9,35, , 
1996312N14125,1996,ERNIE,1996-11-10 00:00:00,19.4,117.9,45,40, 
1996312N14125,1996,ERNIE,1996-11-10 03:00:00,19.6,117.9,45, , 
1996312N14125,1996,ERNIE,1996-11-10 06:00:00,19.7,117.9,45,40, 
1996312N14125,1996,ERNIE,1996-11-10 09:00:00,19.8,117.9,45, , 
1996312N14125,1996,ERNIE,1996-11-10 12:00:00,20.0,117.9,45,40, 
1996312N14125,1996,ERNIE,1996-11-10 15:00:00,20.1,117.9,45, , 
1996312N14125,1996,ERNIE,1996-11-10 18:00:00,20.2,118.0,45,40, 
1996312N14125,1996,ERNIE,1996-11-10 21:00:00,20.2,118.0,45, , 
1996312N14125,1996,ERNIE,1996-11-11 00:00:00,20.2,118.2,45,40, 
1996312N14125,1996,ERNIE,1996-11-11 03:00:00,20.1,118.3,45, , 
1996312N14125,1996,ERNIE,1996-11-11 06:00:00,19.8,118.5,45,40, 
1996312N14125,1996,ERNIE,1996-11-11 09:00:00,19.6,118.8,45, , 
1996312N14125,1996,ERNIE,1996-11-11 12:00:00,19.5,119.1,45,40, 
1996312N14125,1996,ERNIE,1996-11-11 15:00:00,19.4,119.4,45, , 
1996312N14125,1996,ERNIE,1996-11-11 18:00:00,19.4,119.7,45,40, 
1996312N14125,1996,ERNIE,1996-11-11 21:00:00,19.3,119.9,45, , 
1996312N14125,1996,ERNIE,1996-11-12 00:00:00,19.1,120.1,45,40, 
1996312N14125,1996,ERNIE,1996-11-12 03:00:00,18.9,120.3,40, , 
1996312N14125,1996,ERNIE,1996-11-12 06:00:00,18.6,120.4,35,40, 
1996312N14125,1996,ERNIE,1996-11-12 09:00:00,18.3,120.4,35, , 
1996312N14125,1996,ERNIE,1996-11-12 12:00:00,18.0,120.4,35,40, 
1996312N14125,1996,ERNIE,1996-11-12 15:00:00,17.5,120.2,35, , 
1996312N14125,1996,ERNIE,1996-11-12 18:00:00,17.1,119.9,35,35, 
1996312N14125,1996,ERNIE,1996-11-12 21:00:00,16.7,119.5,35, , 
1996312N14125,1996,ERNIE,1996-11-13 00:00:00,16.4,119.1,35,35, 
1996312N14125,1996,ERNIE,1996-11-13 03:00:00,16.1,118.7,35, , 
1996312N14125,1996,ERNIE,1996-11-13 06:00:00,15.9,118.3,35,35, 
1996312N14125,1996,ERNIE,1996-11-13 09:00:00,15.7,117.9,35, , 
1996312N14125,1996,ERNIE,1996-11-13 12:00:00,15.6,117.5,35,35, 
1996312N14125,1996,ERNIE,1996-11-13 15:00:00,15.3,116.9,35, , 
1996312N14125,1996,ERNIE,1996-11-13 18:00:00,15.1,116.3,35,35, 
1996312N14125,1996,ERNIE,1996-11-13 21:00:00,14.8,115.7,38, , 
1996312N14125,1996,ERNIE,1996-11-14 00:00:00,14.5,115.1,40,35, 
1996312N14125,1996,ERNIE,1996-11-14 03:00:00,14.1,114.5,40, , 
1996312N14125,1996,ERNIE,1996-11-14 06:00:00,13.8,114.0,40,35, 
1996312N14125,1996,ERNIE,1996-11-14 09:00:00,13.5,113.4,40, , 
1996312N14125,1996,ERNIE,1996-11-14 12:00:00,13.1,112.9,40, , 
1996312N14125,1996,ERNIE,1996-11-14 15:00:00,12.7,112.6,38, , 
1996312N14125,1996,ERNIE,1996-11-14 18:00:00,12.4,112.4,35, , 
1996312N14125,1996,ERNIE,1996-11-14 21:00:00,11.9,111.9,35, , 
1996312N14125,1996,ERNIE,1996-11-15 00:00:00,11.4,111.5,35, , 
1996312N14125,1996,ERNIE,1996-11-15 03:00:00,11.1,111.1,35, , 
1996312N14125,1996,ERNIE,1996-11-15 06:00:00,10.9,110.8,35, , 
1996312N14125,1996,ERNIE,1996-11-15 09:00:00,10.7,110.4,35, , 
1996312N14125,1996,ERNIE,1996-11-15 12:00:00,10.6,110.0,35, , 
1996312N14125,1996,ERNIE,1996-11-15 15:00:00,10.4,109.5,33, , 
1996312N14125,1996,ERNIE,1996-11-15 18:00:00,10.2,109.1,30, , 
1996312N14125,1996,ERNIE,1996-11-15 21:00:00,10.0,108.7,30, , 
1996312N14125,1996,ERNIE,1996-11-16 00:00:00,9.8,108.2,30, , 
1996312N14125,1996,ERNIE,1996-11-16 03:00:00,9.7,107.7,30, , 
1996312N14125,1996,ERNIE,1996-11-16 06:00:00,9.7,107.2,30, , 
1996312N14125,1996,ERNIE,1996-11-16 09:00:00,9.7,106.7,30, , 
1996312N14125,1996,ERNIE,1996-11-16 12:00:00,9.6,106.2,30, , 
1996312N14125,1996,ERNIE,1996-11-16 15:00:00,9.4,105.7,28, , 
1996312N14125,1996,ERNIE,1996-11-16 18:00:00,9.4,105.0,25, , 
1996312N14125,1996,ERNIE,1996-11-16 21:00:00,9.4,104.4,25, , 
1996312N14125,1996,ERNIE,1996-11-17 00:00:00,9.5,103.9,25, , 
1996312N14125,1996,ERNIE,1996-11-17 03:00:00,9.5,103.3,25, , 
1996312N14125,1996,ERNIE,1996-11-17 06:00:00,9.6,102.8,25, , 
1996312N14125,1996,ERNIE,1996-11-17 09:00:00,9.7,102.3,25, , 
1996312N14125,1996,ERNIE,1996-11-17 12:00:00,9.8,101.8,25, , 
1996312N14125,1996,ERNIE,1996-11-17 15:00:00,9.9,101.3,25, , 
1996312N14125,1996,ERNIE,1996-11-17 18:00:00,10.1,100.8,25, , 
1996312N14125,1996,ERNIE,1996-11-17 21:00:00,10.2,100.4,25, , 
1996312N14125,1996,ERNIE,1996-11-18 00:00:00,10.4,100.0,25, , 
1996312N14125,1996,ERNIE,1996-11-18 03:00:00,10.6,99.6,23, , 
1996312N14125,1996,ERNIE,1996-11-18 06:00:00,10.7,99.2,20, , 
1996332N09092,1996,UNNAMED,1996-11-26 12:00:00,8.9,92.3,20, , 
1996332N09092,1996,UNNAMED,1996-11-26 15:00:00,9.1,91.8,20, , 
1996332N09092,1996,UNNAMED,1996-11-26 18:00:00,9.2,91.3,20, , 
1996332N09092,1996,UNNAMED,1996-11-26 21:00:00,9.3,90.8,23, , 
1996332N09092,1996,UNNAMED,1996-11-27 00:00:00,9.4,90.3,25, , 
1996332N09092,1996,UNNAMED,1996-11-27 03:00:00,9.5,89.8,25, , 
1996332N09092,1996,UNNAMED,1996-11-27 06:00:00,9.6,89.2,25, , 
1996332N09092,1996,UNNAMED,1996-11-27 09:00:00,9.8,88.6,25, , 
1996332N09092,1996,UNNAMED,1996-11-27 12:00:00,10.0,87.9,25, , 
1996332N09092,1996,UNNAMED,1996-11-27 15:00:00,10.2,87.3,25, , 
1996332N09092,1996,UNNAMED,1996-11-27 18:00:00,10.4,86.8,25, , 
1996332N09092,1996,UNNAMED,1996-11-27 21:00:00,10.7,86.3,28, , 
1996332N09092,1996,UNNAMED,1996-11-28 00:00:00,11.1,85.9,30, , 
1996332N09092,1996,UNNAMED,1996-11-28 03:00:00,11.4,85.7,33,25,25
1996332N09092,1996,UNNAMED,1996-11-28 06:00:00,11.8,85.5,35,25,25
1996332N09092,1996,UNNAMED,1996-11-28 09:00:00,12.2,85.3,35, ,25
1996332N09092,1996,UNNAMED,1996-11-28 12:00:00,12.5,85.2,35,25,25
1996332N09092,1996,UNNAMED,1996-11-28 15:00:00,12.7,85.1,38, ,25
1996332N09092,1996,UNNAMED,1996-11-28 18:00:00,13.0,85.1,40,25,25
1996332N09092,1996,UNNAMED,1996-11-28 21:00:00,13.2,85.0,43, ,25
1996332N09092,1996,UNNAMED,1996-11-29 00:00:00,13.3,85.0,45,25,25
1996332N09092,1996,UNNAMED,1996-11-29 03:00:00,13.2,84.7,45,30,30
1996332N09092,1996,UNNAMED,1996-11-29 06:00:00,13.6,85.0,45,30,30
1996332N09092,1996,UNNAMED,1996-11-29 09:00:00,13.8,85.1,45, ,30
1996332N09092,1996,UNNAMED,1996-11-29 12:00:00,14.1,85.4,45,30,30
1996332N09092,1996,UNNAMED,1996-11-29 15:00:00,14.3,85.8,45, ,30
1996332N09092,1996,UNNAMED,1996-11-29 18:00:00,14.5,86.4,45,30,30
1996332N09092,1996,UNNAMED,1996-11-29 21:00:00,14.7,86.8,45, ,30
1996332N09092,1996,UNNAMED,1996-11-30 00:00:00,14.9,87.2,45,30,30
1996332N09092,1996,UNNAMED,1996-11-30 03:00:00,14.9,87.5,48,30,30
1996332N09092,1996,UNNAMED,1996-11-30 06:00:00,15.2,88.0,50,30,30
1996332N09092,1996,UNNAMED,1996-11-30 09:00:00,15.3,88.3,53, ,28
1996332N09092,1996,UNNAMED,1996-11-30 12:00:00,15.3,88.7,55,25,25
1996332N09092,1996,UNNAMED,1996-11-30 15:00:00,15.1,88.9,55, ,25
1996332N09092,1996,UNNAMED,1996-11-30 18:00:00,14.9,89.1,55,25,25
1996332N09092,1996,UNNAMED,1996-11-30 21:00:00,14.6,89.1,55, ,25
1996332N09092,1996,UNNAMED,1996-12-01 00:00:00,14.4,89.0,55,25,25
1996332N09092,1996,UNNAMED,1996-12-01 03:00:00,14.3,88.9,55,25,25
1996332N09092,1996,UNNAMED,1996-12-01 06:00:00,14.3,88.6,55,25,25
1996332N09092,1996,UNNAMED,1996-12-01 09:00:00,14.2,88.4,55, ,28
1996332N09092,1996,UNNAMED,1996-12-01 12:00:00,14.2,88.3,55,30,30
1996332N09092,1996,UNNAMED,1996-12-01 15:00:00,14.2,88.1,53, ,30
1996332N09092,1996,UNNAMED,1996-12-01 18:00:00,14.2,87.8,50,30,30
1996332N09092,1996,UNNAMED,1996-12-01 21:00:00,14.1,87.4,50, ,33
1996332N09092,1996,UNNAMED,1996-12-02 00:00:00,13.9,87.1,50,35,35
1996332N09092,1996,UNNAMED,1996-12-02 03:00:00,13.9,86.9,48,35,35
1996332N09092,1996,UNNAMED,1996-12-02 06:00:00,13.9,86.8,45,35,35
1996332N09092,1996,UNNAMED,1996-12-02 09:00:00,13.9,86.5,45, ,35
1996332N09092,1996,UNNAMED,1996-12-02 12:00:00,13.9,86.1,45,35,35
1996332N09092,1996,UNNAMED,1996-12-02 15:00:00,14.0,85.8,48, ,35
1996332N09092,1996,UNNAMED,1996-12-02 18:00:00,14.0,85.5,50,35,35
1996332N09092,1996,UNNAMED,1996-12-02 21:00:00,14.0,85.3,53, ,40
1996332N09092,1996,UNNAMED,1996-12-03 00:00:00,14.1,85.0,55,45,45
1996332N09092,1996,UNNAMED,1996-12-03 03:00:00,14.1,84.5,58,55,55
1996332N09092,1996,UNNAMED,1996-12-03 06:00:00,14.3,84.2,60,55,55
1996332N09092,1996,UNNAMED,1996-12-03 09:00:00,14.3,83.9,60, ,60
1996332N09092,1996,UNNAMED,1996-12-03 12:00:00,14.4,83.7,60,65,65
1996332N09092,1996,UNNAMED,1996-12-03 15:00:00,14.4,83.4,58, ,65
1996332N09092,1996,UNNAMED,1996-12-03 18:00:00,14.5,83.2,55,65,65
1996332N09092,1996,UNNAMED,1996-12-03 21:00:00,14.5,83.1,55, ,65
1996332N09092,1996,UNNAMED,1996-12-04 00:00:00,14.6,83.0,55,65,65
1996332N09092,1996,UNNAMED,1996-12-04 03:00:00,14.6,82.5,60,65,65
1996332N09092,1996,UNNAMED,1996-12-04 06:00:00,14.8,82.3,65,65,65
1996332N09092,1996,UNNAMED,1996-12-04 09:00:00,14.9,82.1,70, ,65
1996332N09092,1996,UNNAMED,1996-12-04 12:00:00,14.9,81.9,75,65,65
1996332N09092,1996,UNNAMED,1996-12-04 15:00:00,15.0,81.8,75, ,65
1996332N09092,1996,UNNAMED,1996-12-04 18:00:00,15.0,81.8,75,65,65
1996332N09092,1996,UNNAMED,1996-12-04 21:00:00,14.9,81.7,75, ,60
1996332N09092,1996,UNNAMED,1996-12-05 00:00:00,14.8,81.7,75,55,55
1996332N09092,1996,UNNAMED,1996-12-05 03:00:00,14.5,82.0,70,55,55
1996332N09092,1996,UNNAMED,1996-12-05 06:00:00,14.5,81.8,65,45,45
1996332N09092,1996,UNNAMED,1996-12-05 09:00:00,14.4,81.7,63, ,45
1996332N09092,1996,UNNAMED,1996-12-05 12:00:00,14.3,81.6,60,45,45
1996332N09092,1996,UNNAMED,1996-12-05 15:00:00,14.1,81.5,58, ,45
1996332N09092,1996,UNNAMED,1996-12-05 18:00:00,14.0,81.4,55,45,45
1996332N09092,1996,UNNAMED,1996-12-05 21:00:00,13.9,81.3,55, ,45
1996332N09092,1996,UNNAMED,1996-12-06 00:00:00,13.8,81.1,55,45,45
1996332N09092,1996,UNNAMED,1996-12-06 03:00:00,13.7,81.0,53,45,45
1996332N09092,1996,UNNAMED,1996-12-06 06:00:00,13.5,80.8,50,45,45
1996332N09092,1996,UNNAMED,1996-12-06 09:00:00,13.3,80.6,48, ,45
1996332N09092,1996,UNNAMED,1996-12-06 12:00:00,13.1,80.5,45,45,45
1996332N09092,1996,UNNAMED,1996-12-06 15:00:00,12.7,80.2,40, , 
1996332N09092,1996,UNNAMED,1996-12-06 18:00:00,12.4,79.8,35, , 
1996332N09092,1996,UNNAMED,1996-12-06 21:00:00,12.3,79.3,33, , 
1996332N09092,1996,UNNAMED,1996-12-07 00:00:00,12.2,78.8,30, , 
1996332N09092,1996,UNNAMED,1996-12-07 03:00:00,12.1,78.2,25, , 
1996332N09092,1996,UNNAMED,1996-12-07 06:00:00,12.1,77.5,20, , 
1996332N09092,1996,UNNAMED,1996-12-07 09:00:00,12.0,76.9,18, , 
1996332N09092,1996,UNNAMED,1996-12-07 12:00:00,11.9,76.3,15, , 
1997133N03092,1997,UNNAMED,1997-05-13 00:00:00,3.2,91.9,15, , 
1997133N03092,1997,UNNAMED,1997-05-13 03:00:00,3.2,91.9,15, , 
1997133N03092,1997,UNNAMED,1997-05-13 06:00:00,3.3,91.9,15, , 
1997133N03092,1997,UNNAMED,1997-05-13 09:00:00,3.4,91.9,15, , 
1997133N03092,1997,UNNAMED,1997-05-13 12:00:00,3.5,91.8,15, , 
1997133N03092,1997,UNNAMED,1997-05-13 15:00:00,3.6,91.8,15, , 
1997133N03092,1997,UNNAMED,1997-05-13 18:00:00,3.7,91.7,15, , 
1997133N03092,1997,UNNAMED,1997-05-13 21:00:00,3.8,91.6,18, , 
1997133N03092,1997,UNNAMED,1997-05-14 00:00:00,4.0,91.6,20, , 
1997133N03092,1997,UNNAMED,1997-05-14 03:00:00,4.2,91.6,23, , 
1997133N03092,1997,UNNAMED,1997-05-14 06:00:00,4.4,91.6,25, , 
1997133N03092,1997,UNNAMED,1997-05-14 09:00:00,4.7,91.5,28, , 
1997133N03092,1997,UNNAMED,1997-05-14 12:00:00,5.1,91.4,30, , 
1997133N03092,1997,UNNAMED,1997-05-14 15:00:00,5.6,91.1,33, , 
1997133N03092,1997,UNNAMED,1997-05-14 18:00:00,6.2,90.8,35, , 
1997133N03092,1997,UNNAMED,1997-05-14 21:00:00,6.7,90.6,38, , 
1997133N03092,1997,UNNAMED,1997-05-15 00:00:00,7.2,90.4,40, , 
1997133N03092,1997,UNNAMED,1997-05-15 03:00:00,7.7,90.3,43, , 
1997133N03092,1997,UNNAMED,1997-05-15 06:00:00,7.7,90.3,45,25,25
1997133N03092,1997,UNNAMED,1997-05-15 09:00:00,7.8,90.3,48,25,25
1997133N03092,1997,UNNAMED,1997-05-15 12:00:00,8.0,90.4,50,30,30
1997133N03092,1997,UNNAMED,1997-05-15 15:00:00,8.1,90.4,50, ,30
1997133N03092,1997,UNNAMED,1997-05-15 18:00:00,8.3,90.5,50,30,30
1997133N03092,1997,UNNAMED,1997-05-15 21:00:00,8.5,90.5,50, ,30
1997133N03092,1997,UNNAMED,1997-05-16 00:00:00,8.8,90.6,50,30,30
1997133N03092,1997,UNNAMED,1997-05-16 03:00:00,9.2,90.6,50,35,35
1997133N03092,1997,UNNAMED,1997-05-16 06:00:00,9.5,90.8,50,35,35
1997133N03092,1997,UNNAMED,1997-05-16 09:00:00,9.8,90.8,53,35,35
1997133N03092,1997,UNNAMED,1997-05-16 12:00:00,10.3,91.2,55,35,35
1997133N03092,1997,UNNAMED,1997-05-16 15:00:00,10.7,91.3,58, ,35
1997133N03092,1997,UNNAMED,1997-05-16 18:00:00,11.0,91.4,60,35,35
1997133N03092,1997,UNNAMED,1997-05-16 21:00:00,11.3,91.4,63, ,35
1997133N03092,1997,UNNAMED,1997-05-17 00:00:00,11.8,91.5,65,35,35
1997133N03092,1997,UNNAMED,1997-05-17 03:00:00,12.6,91.4,68,35,35
1997133N03092,1997,UNNAMED,1997-05-17 06:00:00,13.3,91.4,70,45,45
1997133N03092,1997,UNNAMED,1997-05-17 09:00:00,13.8,91.2,73,55,55
1997133N03092,1997,UNNAMED,1997-05-17 12:00:00,14.2,90.9,75,55,55
1997133N03092,1997,UNNAMED,1997-05-17 15:00:00,14.6,90.7,78, ,55
1997133N03092,1997,UNNAMED,1997-05-17 18:00:00,15.1,90.7,80,55,55
1997133N03092,1997,UNNAMED,1997-05-17 21:00:00,15.6,90.7,85, ,55
1997133N03092,1997,UNNAMED,1997-05-18 00:00:00,16.1,90.6,90,55,55
1997133N03092,1997,UNNAMED,1997-05-18 03:00:00,16.6,90.4,93,65,65
1997133N03092,1997,UNNAMED,1997-05-18 06:00:00,17.1,90.4,95,65,65
1997133N03092,1997,UNNAMED,1997-05-18 09:00:00,17.6,90.4,98,65,65
1997133N03092,1997,UNNAMED,1997-05-18 12:00:00,18.2,90.5,100,65,65
1997133N03092,1997,UNNAMED,1997-05-18 15:00:00,18.7,90.4,103, ,71
1997133N03092,1997,UNNAMED,1997-05-18 18:00:00,19.3,90.4,105,77,77
1997133N03092,1997,UNNAMED,1997-05-18 21:00:00,19.7,90.6,108, ,84
1997133N03092,1997,UNNAMED,1997-05-19 00:00:00,20.1,90.8,110,90,90
1997133N03092,1997,UNNAMED,1997-05-19 03:00:00,20.5,91.1,113,90,90
1997133N03092,1997,UNNAMED,1997-05-19 06:00:00,20.8,91.2,115,90,90
1997133N03092,1997,UNNAMED,1997-05-19 09:00:00,21.6,91.4,115,90,90
1997133N03092,1997,UNNAMED,1997-05-19 12:00:00,22.1,91.6,115,90,90
1997133N03092,1997,UNNAMED,1997-05-19 15:00:00,22.6,91.8,103, , 
1997133N03092,1997,UNNAMED,1997-05-19 18:00:00,23.2,92.3,90, , 
1997133N03092,1997,UNNAMED,1997-05-19 21:00:00,24.3,93.3,78, , 
1997133N03092,1997,UNNAMED,1997-05-20 00:00:00,25.5,94.7,65, , 
1997133N03092,1997,UNNAMED,1997-05-20 03:00:00,26.7,96.1,58, , 
1997133N03092,1997,UNNAMED,1997-05-20 06:00:00,27.8,97.5,50, , 
1997177N21090,1997,UNNAMED,1997-06-26 03:00:00,21.0,89.5, ,25,25
1997177N21090,1997,UNNAMED,1997-06-26 06:00:00,21.0,89.0, ,25,25
1997177N21090,1997,UNNAMED,1997-06-26 09:00:00,21.2,88.7, , ,28
1997177N21090,1997,UNNAMED,1997-06-26 12:00:00,21.5,88.5, ,30,30
1997177N21090,1997,UNNAMED,1997-06-26 15:00:00,21.5,88.5, , ,30
1997177N21090,1997,UNNAMED,1997-06-26 18:00:00,21.5,88.5, ,30,30
1997177N21090,1997,UNNAMED,1997-06-26 21:00:00,21.7,88.3, , ,30
1997177N21090,1997,UNNAMED,1997-06-27 00:00:00,22.0,88.0, ,30,30
1997177N21090,1997,UNNAMED,1997-06-27 03:00:00,22.5,87.5, , , 
1997177N21090,1997,UNNAMED,1997-06-27 06:00:00,22.5,87.0, , , 
1997177N21090,1997,UNNAMED,1997-06-27 09:00:00,22.7,86.7, , , 
1997177N21090,1997,UNNAMED,1997-06-27 12:00:00,23.0,86.5, , , 
1997177N21090,1997,UNNAMED,1997-06-27 15:00:00,23.0,86.2, , , 
1997177N21090,1997,UNNAMED,1997-06-27 18:00:00,23.0,86.0, , , 
1997177N21090,1997,UNNAMED,1997-06-27 21:00:00,22.9,86.0, , , 
1997177N21090,1997,UNNAMED,1997-06-28 00:00:00,23.0,86.0, , , 
1997177N21090,1997,UNNAMED,1997-06-28 03:00:00,23.5,86.0, , , 
1997177N21090,1997,UNNAMED,1997-06-28 06:00:00,24.0,85.5, , , 
1997177N21090,1997,UNNAMED,1997-06-28 09:00:00,24.1,85.6, , , 
1997177N21090,1997,UNNAMED,1997-06-28 12:00:00,24.0,86.0, , , 
1997177N21090,1997,UNNAMED,1997-06-28 15:00:00,24.0,86.1, , , 
1997177N21090,1997,UNNAMED,1997-06-28 18:00:00,24.0,86.0, , , 
1997177N21090,1997,UNNAMED,1997-06-28 21:00:00,24.3,85.7, , , 
1997177N21090,1997,UNNAMED,1997-06-29 00:00:00,24.5,85.5, , , 
1997177N21090,1997,UNNAMED,1997-06-29 03:00:00,24.5,85.5, , , 
1997177N21090,1997,UNNAMED,1997-06-29 06:00:00,25.0,85.5, , , 
1997177N21090,1997,UNNAMED,1997-06-29 09:00:00,25.3,85.5, , , 
1997177N21090,1997,UNNAMED,1997-06-29 12:00:00,25.5,85.5, , , 
1997177N21090,1997,UNNAMED,1997-06-29 15:00:00,25.7,85.3, , , 
1997177N21090,1997,UNNAMED,1997-06-29 18:00:00,26.0,85.0, , , 
1997210N21089,1997,UNNAMED,1997-07-29 03:00:00,21.0,89.0, ,25,25
1997210N21089,1997,UNNAMED,1997-07-29 06:00:00,21.0,89.0, ,25,25
1997210N21089,1997,UNNAMED,1997-07-29 09:00:00,21.0,88.3, , ,25
1997210N21089,1997,UNNAMED,1997-07-29 12:00:00,21.0,87.5, ,25,25
1997210N21089,1997,UNNAMED,1997-07-29 15:00:00,21.0,87.4, , ,25
1997210N21089,1997,UNNAMED,1997-07-29 18:00:00,21.0,87.5, ,25,25
1997210N21089,1997,UNNAMED,1997-07-29 21:00:00,21.0,87.5, , ,25
1997210N21089,1997,UNNAMED,1997-07-30 00:00:00,21.0,87.5, ,25,25
1997210N21089,1997,UNNAMED,1997-07-30 03:00:00,21.0,87.5, ,30,30
1997210N21089,1997,UNNAMED,1997-07-30 06:00:00,21.0,87.0, ,30,30
1997210N21089,1997,UNNAMED,1997-07-30 09:00:00,21.2,86.7, , , 
1997210N21089,1997,UNNAMED,1997-07-30 12:00:00,21.5,86.5, , , 
1997210N21089,1997,UNNAMED,1997-07-30 15:00:00,21.5,86.5, , , 
1997210N21089,1997,UNNAMED,1997-07-30 18:00:00,21.5,86.5, , , 
1997210N21089,1997,UNNAMED,1997-07-30 21:00:00,21.4,86.6, , , 
1997210N21089,1997,UNNAMED,1997-07-31 00:00:00,21.5,86.5, , , 
1997210N21089,1997,UNNAMED,1997-07-31 03:00:00,22.0,86.0, , , 
1997210N21089,1997,UNNAMED,1997-07-31 06:00:00,22.0,86.0, , , 
1997210N21089,1997,UNNAMED,1997-07-31 09:00:00,22.2,85.7, , , 
1997210N21089,1997,UNNAMED,1997-07-31 12:00:00,22.5,85.0, , , 
1997210N21089,1997,UNNAMED,1997-07-31 15:00:00,22.7,84.0, , , 
1997210N21089,1997,UNNAMED,1997-07-31 18:00:00,23.0,83.0, , , 
1997210N21089,1997,UNNAMED,1997-07-31 21:00:00,23.5,82.6, , , 
1997210N21089,1997,UNNAMED,1997-08-01 00:00:00,24.0,82.0, , , 
1997210N21089,1997,UNNAMED,1997-08-01 03:00:00,24.5,80.5, , , 
1997210N21089,1997,UNNAMED,1997-08-01 06:00:00,25.0,79.0, , , 
1997210N21089,1997,UNNAMED,1997-08-01 09:00:00,25.5,78.5, , , 
1997210N21089,1997,UNNAMED,1997-08-01 12:00:00,26.0,78.5, , , 
1997210N21089,1997,UNNAMED,1997-08-01 15:00:00,26.1,78.4, , , 
1997210N21089,1997,UNNAMED,1997-08-01 18:00:00,26.0,78.4, , , 
1997210N21089,1997,UNNAMED,1997-08-01 21:00:00,26.0,78.3, , , 
1997210N21089,1997,UNNAMED,1997-08-02 00:00:00,26.5,78.0, , , 
1997210N21089,1997,UNNAMED,1997-08-02 03:00:00,27.5,77.5, , , 
1997210N21089,1997,UNNAMED,1997-08-02 06:00:00,28.0,77.0, , , 
1997216N20091,1997,UNNAMED,1997-08-04 06:00:00,20.0,91.0, ,25,25
1997216N20091,1997,UNNAMED,1997-08-04 09:00:00,21.5,90.0, ,25,25
1997216N20091,1997,UNNAMED,1997-08-04 12:00:00,21.0,89.5, ,25,25
1997216N20091,1997,UNNAMED,1997-08-04 15:00:00,21.1,89.4, , ,25
1997216N20091,1997,UNNAMED,1997-08-04 18:00:00,21.5,89.5, ,25,25
1997216N20091,1997,UNNAMED,1997-08-04 21:00:00,21.4,89.4, , ,25
1997216N20091,1997,UNNAMED,1997-08-05 00:00:00,21.5,89.0, ,25,25
1997216N20091,1997,UNNAMED,1997-08-05 03:00:00,22.0,88.0, ,30,30
1997216N20091,1997,UNNAMED,1997-08-05 06:00:00,22.5,88.0, , , 
1997216N20091,1997,UNNAMED,1997-08-05 09:00:00,22.5,88.0, , , 
1997216N20091,1997,UNNAMED,1997-08-05 12:00:00,22.5,87.5, , , 
1997216N20091,1997,UNNAMED,1997-08-05 15:00:00,22.7,86.3, , , 
1997216N20091,1997,UNNAMED,1997-08-05 18:00:00,23.0,85.0, , , 
1997216N20091,1997,UNNAMED,1997-08-05 21:00:00,23.3,84.3, , , 
1997216N20091,1997,UNNAMED,1997-08-06 00:00:00,23.5,84.0, , , 
1997216N20091,1997,UNNAMED,1997-08-06 03:00:00,23.5,83.8, , , 
1997216N20091,1997,UNNAMED,1997-08-06 06:00:00,24.0,83.0, , , 
1997216N20091,1997,UNNAMED,1997-08-06 09:00:00,24.0,82.5, , , 
1997216N20091,1997,UNNAMED,1997-08-06 12:00:00,24.0,82.0, , , 
1997216N20091,1997,UNNAMED,1997-08-06 15:00:00,24.0,81.7, , , 
1997216N20091,1997,UNNAMED,1997-08-06 18:00:00,24.0,81.5, , , 
1997216N20091,1997,UNNAMED,1997-08-06 21:00:00,23.7,82.1, , , 
1997216N20091,1997,UNNAMED,1997-08-07 00:00:00,24.0,81.5, , , 
1997216N20091,1997,UNNAMED,1997-08-07 03:00:00,25.5,78.5, , , 
1997216N20091,1997,UNNAMED,1997-08-07 06:00:00,25.0,78.5, , , 
1997216N20091,1997,UNNAMED,1997-08-07 09:00:00,25.5,76.5, , , 
1997216N20091,1997,UNNAMED,1997-08-07 12:00:00,26.0,76.0, , , 
1997216N20091,1997,UNNAMED,1997-08-07 15:00:00,26.3,75.2, , , 
1997216N20091,1997,UNNAMED,1997-08-07 18:00:00,26.5,74.0, , , 
1997232N20088,1997,UNNAMED,1997-08-20 03:00:00,20.5,87.5, ,25,25
1997232N20088,1997,UNNAMED,1997-08-20 06:00:00,20.5,87.0, ,30,30
1997232N20088,1997,UNNAMED,1997-08-20 09:00:00,20.5,86.7, , , 
1997232N20088,1997,UNNAMED,1997-08-20 12:00:00,20.5,86.5, , , 
1997232N20088,1997,UNNAMED,1997-08-20 15:00:00,20.8,86.0, , , 
1997232N20088,1997,UNNAMED,1997-08-20 18:00:00,21.0,85.5, , , 
1997232N20088,1997,UNNAMED,1997-08-20 21:00:00,21.0,85.3, , , 
1997232N20088,1997,UNNAMED,1997-08-21 00:00:00,21.0,85.0, , , 
1997232N20088,1997,UNNAMED,1997-08-21 03:00:00,21.0,84.5, , , 
1997232N20088,1997,UNNAMED,1997-08-21 06:00:00,21.0,84.0, , , 
1997232N20088,1997,UNNAMED,1997-08-21 09:00:00,21.0,83.5, , , 
1997232N20088,1997,UNNAMED,1997-08-21 12:00:00,21.0,83.0, , , 
1997232N20088,1997,UNNAMED,1997-08-21 15:00:00,21.2,82.5, , , 
1997232N20088,1997,UNNAMED,1997-08-21 18:00:00,21.5,82.0, , , 
1997232N20088,1997,UNNAMED,1997-08-21 21:00:00,21.5,81.4, , , 
1997232N20088,1997,UNNAMED,1997-08-22 00:00:00,21.5,81.0, , , 
1997232N20088,1997,UNNAMED,1997-08-22 03:00:00,21.5,81.0, , , 
1997232N20088,1997,UNNAMED,1997-08-22 06:00:00,21.5,80.5, , , 
1997232N20088,1997,UNNAMED,1997-08-22 09:00:00,21.7,80.0, , , 
1997232N20088,1997,UNNAMED,1997-08-22 12:00:00,22.0,79.5, , , 
1997232N20088,1997,UNNAMED,1997-08-22 15:00:00,22.2,79.2, , , 
1997232N20088,1997,UNNAMED,1997-08-22 18:00:00,22.5,79.0, , , 
1997232N20088,1997,UNNAMED,1997-08-22 21:00:00,22.8,78.8, , , 
1997232N20088,1997,UNNAMED,1997-08-23 00:00:00,23.0,78.5, , , 
1997232N20088,1997,UNNAMED,1997-08-23 03:00:00,23.0,78.0, , , 
1997232N20088,1997,UNNAMED,1997-08-23 06:00:00,23.0,77.5, , , 
1997232N20088,1997,UNNAMED,1997-08-23 09:00:00,23.2,77.2, , , 
1997232N20088,1997,UNNAMED,1997-08-23 12:00:00,23.5,77.0, , , 
1997232N20088,1997,UNNAMED,1997-08-23 15:00:00,23.7,77.0, , , 
1997232N20088,1997,UNNAMED,1997-08-23 18:00:00,24.0,77.0, , , 
1997232N20088,1997,UNNAMED,1997-08-23 21:00:00,24.3,77.1, , , 
1997232N20088,1997,UNNAMED,1997-08-24 00:00:00,24.5,77.0, , , 
1997232N20088,1997,UNNAMED,1997-08-24 03:00:00,24.5,76.5, , , 
1997232N20088,1997,UNNAMED,1997-08-24 06:00:00,24.5,76.5, , , 
1997232N20088,1997,UNNAMED,1997-08-24 09:00:00,24.7,76.3, , , 
1997232N20088,1997,UNNAMED,1997-08-24 12:00:00,25.0,76.0, , , 
1997232N20088,1997,UNNAMED,1997-08-24 15:00:00,25.2,75.7, , , 
1997232N20088,1997,UNNAMED,1997-08-24 18:00:00,25.5,75.5, , , 
1997232N20088,1997,UNNAMED,1997-08-24 21:00:00,25.8,75.2, , , 
1997232N20088,1997,UNNAMED,1997-08-25 00:00:00,26.0,75.0, , , 
1997232N20088,1997,UNNAMED,1997-08-25 03:00:00,26.0,75.0, , , 
1997232N20088,1997,UNNAMED,1997-08-25 06:00:00,26.0,75.0, , , 
1997232N20088,1997,UNNAMED,1997-08-25 09:00:00,26.2,74.8, , , 
1997232N20088,1997,UNNAMED,1997-08-25 12:00:00,26.5,74.5, , , 
1997232N20088,1997,UNNAMED,1997-08-25 15:00:00,26.8,74.5, , , 
1997232N20088,1997,UNNAMED,1997-08-25 18:00:00,27.0,74.5, , , 
1997232N20088,1997,UNNAMED,1997-08-25 21:00:00,27.0,74.2, , , 
1997232N20088,1997,UNNAMED,1997-08-26 00:00:00,27.0,74.0, , , 
1997232N20088,1997,UNNAMED,1997-08-26 03:00:00,27.0,74.0, , , 
1997232N20088,1997,UNNAMED,1997-08-26 06:00:00,27.0,74.0, , , 
1997232N20088,1997,UNNAMED,1997-08-26 09:00:00,27.1,74.0, , , 
1997232N20088,1997,UNNAMED,1997-08-26 12:00:00,27.5,74.0, , , 
1997232N20088,1997,UNNAMED,1997-08-26 15:00:00,28.2,74.0, , , 
1997232N20088,1997,UNNAMED,1997-08-26 18:00:00,29.0,74.0, , , 
1997232N20088,1997,UNNAMED,1997-08-26 21:00:00,29.8,74.0, , , 
1997232N20088,1997,UNNAMED,1997-08-27 00:00:00,30.6,74.0, , , 
1997232N20088,1997,UNNAMED,1997-08-27 03:00:00,31.0,74.0, , , 
1997232N20088,1997,UNNAMED,1997-08-27 06:00:00,31.0,74.0, , , 
1997240N20087,1997,UNNAMED,1997-08-28 03:00:00,19.5,87.0, ,25,25
1997240N20087,1997,UNNAMED,1997-08-28 06:00:00,19.5,86.0, ,25,25
1997240N20087,1997,UNNAMED,1997-08-28 09:00:00,20.5,85.5, , , 
1997240N20087,1997,UNNAMED,1997-08-28 12:00:00,21.5,85.0, , , 
1997240N20087,1997,UNNAMED,1997-08-28 15:00:00,21.9,84.7, , , 
1997240N20087,1997,UNNAMED,1997-08-28 18:00:00,22.0,84.5, , , 
1997240N20087,1997,UNNAMED,1997-08-28 21:00:00,22.2,84.6, , , 
1997240N20087,1997,UNNAMED,1997-08-29 00:00:00,22.5,84.5, , , 
1997240N20087,1997,UNNAMED,1997-08-29 03:00:00,23.0,84.0, , , 
1997240N20087,1997,UNNAMED,1997-08-29 06:00:00,23.0,83.9, , , 
1997240N20087,1997,UNNAMED,1997-08-29 09:00:00,23.0,84.0, , , 
1997240N20087,1997,UNNAMED,1997-08-29 12:00:00,23.5,84.0, , , 
1997240N20087,1997,UNNAMED,1997-08-29 15:00:00,23.6,84.1, , , 
1997240N20087,1997,UNNAMED,1997-08-29 18:00:00,23.5,84.0, , , 
1997240N20087,1997,UNNAMED,1997-08-29 21:00:00,23.8,83.4, , , 
1997240N20087,1997,UNNAMED,1997-08-30 00:00:00,24.0,83.0, , , 
1997240N20087,1997,UNNAMED,1997-08-30 03:00:00,24.0,83.5, , , 
1997240N20087,1997,UNNAMED,1997-08-30 06:00:00,24.0,83.5, , , 
1997263N14084,1997,UNNAMED,1997-09-19 18:00:00,14.2,84.0,15, , 
1997263N14084,1997,UNNAMED,1997-09-19 21:00:00,13.5,83.9,15, , 
1997263N14084,1997,UNNAMED,1997-09-20 00:00:00,13.1,83.8,15, , 
1997263N14084,1997,UNNAMED,1997-09-20 03:00:00,13.1,83.7,15, , 
1997263N14084,1997,UNNAMED,1997-09-20 06:00:00,13.2,83.7,15, , 
1997263N14084,1997,UNNAMED,1997-09-20 09:00:00,13.2,83.6,15, , 
1997263N14084,1997,UNNAMED,1997-09-20 12:00:00,13.3,83.6,15, , 
1997263N14084,1997,UNNAMED,1997-09-20 15:00:00,13.4,83.5,15, , 
1997263N14084,1997,UNNAMED,1997-09-20 18:00:00,13.4,83.5,15, , 
1997263N14084,1997,UNNAMED,1997-09-20 21:00:00,13.4,83.5,18, , 
1997263N14084,1997,UNNAMED,1997-09-21 00:00:00,13.5,83.5,20, , 
1997263N14084,1997,UNNAMED,1997-09-21 03:00:00,13.6,83.5,20, , 
1997263N14084,1997,UNNAMED,1997-09-21 06:00:00,13.7,83.4,20, , 
1997263N14084,1997,UNNAMED,1997-09-21 09:00:00,13.8,83.4,20, , 
1997263N14084,1997,UNNAMED,1997-09-21 12:00:00,13.9,83.4,20, , 
1997263N14084,1997,UNNAMED,1997-09-21 15:00:00,14.0,83.4,23, , 
1997263N14084,1997,UNNAMED,1997-09-21 18:00:00,14.1,83.3,25, , 
1997263N14084,1997,UNNAMED,1997-09-21 21:00:00,14.2,83.2,25, , 
1997263N14084,1997,UNNAMED,1997-09-22 00:00:00,14.3,83.2,25, , 
1997263N14084,1997,UNNAMED,1997-09-22 03:00:00,14.4,83.1,25, , 
1997263N14084,1997,UNNAMED,1997-09-22 06:00:00,14.5,83.1,25, , 
1997263N14084,1997,UNNAMED,1997-09-22 09:00:00,14.6,83.1,25, , 
1997263N14084,1997,UNNAMED,1997-09-22 12:00:00,14.7,83.1,25, , 
1997263N14084,1997,UNNAMED,1997-09-22 15:00:00,14.9,83.1,25, , 
1997263N14084,1997,UNNAMED,1997-09-22 18:00:00,15.0,83.0,25, , 
1997263N14084,1997,UNNAMED,1997-09-22 21:00:00,15.1,83.0,25, , 
1997263N14084,1997,UNNAMED,1997-09-23 00:00:00,15.2,82.9,25, , 
1997263N14084,1997,UNNAMED,1997-09-23 03:00:00,15.3,82.8,25,25,25
1997263N14084,1997,UNNAMED,1997-09-23 06:00:00,15.5,82.6,25,25,25
1997263N14084,1997,UNNAMED,1997-09-23 09:00:00,15.6,82.5,25,25,25
1997263N14084,1997,UNNAMED,1997-09-23 12:00:00,15.7,82.5,25,30,30
1997263N14084,1997,UNNAMED,1997-09-23 15:00:00,15.7,82.4,25, ,30
1997263N14084,1997,UNNAMED,1997-09-23 18:00:00,15.9,82.4,25,30,30
1997263N14084,1997,UNNAMED,1997-09-23 21:00:00,16.1,82.4,28, ,30
1997263N14084,1997,UNNAMED,1997-09-24 00:00:00,16.3,82.4,30,30,30
1997263N14084,1997,UNNAMED,1997-09-24 03:00:00,16.4,82.4,30,30,30
1997263N14084,1997,UNNAMED,1997-09-24 06:00:00,16.5,82.5,30,30,30
1997263N14084,1997,UNNAMED,1997-09-24 09:00:00,16.6,82.6,30,35,35
1997263N14084,1997,UNNAMED,1997-09-24 12:00:00,16.8,82.8,30,35,35
1997263N14084,1997,UNNAMED,1997-09-24 15:00:00,16.9,82.9,33, ,35
1997263N14084,1997,UNNAMED,1997-09-24 18:00:00,17.0,83.1,35,35,35
1997263N14084,1997,UNNAMED,1997-09-24 21:00:00,17.1,83.4,35, ,35
1997263N14084,1997,UNNAMED,1997-09-25 00:00:00,17.3,83.7,35,35,35
1997263N14084,1997,UNNAMED,1997-09-25 03:00:00,17.4,83.9,35,35,35
1997263N14084,1997,UNNAMED,1997-09-25 06:00:00,17.7,84.2,35,35,35
1997263N14084,1997,UNNAMED,1997-09-25 09:00:00,17.9,84.6,35,35,35
1997263N14084,1997,UNNAMED,1997-09-25 12:00:00,18.1,85.0,35,35,35
1997263N14084,1997,UNNAMED,1997-09-25 15:00:00,18.3,85.4,40, ,35
1997263N14084,1997,UNNAMED,1997-09-25 18:00:00,18.7,85.9,45,35,35
1997263N14084,1997,UNNAMED,1997-09-25 21:00:00,19.0,86.5,50, ,35
1997263N14084,1997,UNNAMED,1997-09-26 00:00:00,19.5,87.1,55,35,35
1997263N14084,1997,UNNAMED,1997-09-26 03:00:00,19.8,87.4,55,35,35
1997263N14084,1997,UNNAMED,1997-09-26 06:00:00,20.3,88.3,55,40,40
1997263N14084,1997,UNNAMED,1997-09-26 09:00:00,20.7,88.6,58,45,45
1997263N14084,1997,UNNAMED,1997-09-26 12:00:00,21.3,89.5,60,45,45
1997263N14084,1997,UNNAMED,1997-09-26 15:00:00,21.6,90.2,63, ,50
1997263N14084,1997,UNNAMED,1997-09-26 18:00:00,21.9,90.7,65,55,55
1997263N14084,1997,UNNAMED,1997-09-26 21:00:00,22.3,91.0,65, , 
1997263N14084,1997,UNNAMED,1997-09-27 00:00:00,22.8,91.4,65, , 
1997263N14084,1997,UNNAMED,1997-09-27 03:00:00,23.3,92.1,65, , 
1997263N14084,1997,UNNAMED,1997-09-27 06:00:00,23.8,92.4,65, , 
1997263N14084,1997,UNNAMED,1997-09-27 09:00:00,24.2,92.8,50, , 
1997263N14084,1997,UNNAMED,1997-09-27 12:00:00,24.6,93.3,35, , 
1997263N14084,1997,UNNAMED,1997-09-27 15:00:00,25.4,93.9,30, , 
1997263N14084,1997,UNNAMED,1997-09-27 18:00:00,26.0,94.4,25, , 
1997298N06140,1997,LINDA,1997-10-25 00:00:00,6.0,140.0,15, , 
1997298N06140,1997,LINDA,1997-10-25 03:00:00,6.1,139.6,15, , 
1997298N06140,1997,LINDA,1997-10-25 06:00:00,6.3,139.1,15, , 
1997298N06140,1997,LINDA,1997-10-25 09:00:00,6.6,138.5,15, , 
1997298N06140,1997,LINDA,1997-10-25 12:00:00,6.9,137.8,15, , 
1997298N06140,1997,LINDA,1997-10-25 15:00:00,7.3,137.2,15, , 
1997298N06140,1997,LINDA,1997-10-25 18:00:00,7.7,136.6,15, , 
1997298N06140,1997,LINDA,1997-10-25 21:00:00,8.0,136.0,15, , 
1997298N06140,1997,LINDA,1997-10-26 00:00:00,8.4,135.5,15, , 
1997298N06140,1997,LINDA,1997-10-26 03:00:00,8.8,135.1,15, , 
1997298N06140,1997,LINDA,1997-10-26 06:00:00,9.2,134.7,15, , 
1997298N06140,1997,LINDA,1997-10-26 09:00:00,9.6,134.2,15, , 
1997298N06140,1997,LINDA,1997-10-26 12:00:00,10.0,133.7,15, , 
1997298N06140,1997,LINDA,1997-10-26 15:00:00,10.4,133.4,15, , 
1997298N06140,1997,LINDA,1997-10-26 18:00:00,10.7,133.1,15, , 
1997298N06140,1997,LINDA,1997-10-26 21:00:00,10.9,132.9,15, , 
1997298N06140,1997,LINDA,1997-10-27 00:00:00,11.0,132.7,15, , 
1997298N06140,1997,LINDA,1997-10-27 03:00:00,11.0,132.4,15, , 
1997298N06140,1997,LINDA,1997-10-27 06:00:00,11.1,132.0,15, , 
1997298N06140,1997,LINDA,1997-10-27 09:00:00,11.3,131.6,15, , 
1997298N06140,1997,LINDA,1997-10-27 12:00:00,11.5,131.3,15, , 
1997298N06140,1997,LINDA,1997-10-27 15:00:00,11.6,131.0,15, , 
1997298N06140,1997,LINDA,1997-10-27 18:00:00,11.6,130.7,15, , 
1997298N06140,1997,LINDA,1997-10-27 21:00:00,11.7,130.3,15, , 
1997298N06140,1997,LINDA,1997-10-28 00:00:00,11.8,129.9,15, , 
1997298N06140,1997,LINDA,1997-10-28 03:00:00,11.8,129.5,15, , 
1997298N06140,1997,LINDA,1997-10-28 06:00:00,11.8,129.2,15, , 
1997298N06140,1997,LINDA,1997-10-28 09:00:00,11.8,128.8,15, , 
1997298N06140,1997,LINDA,1997-10-28 12:00:00,11.8,128.4,15, , 
1997298N06140,1997,LINDA,1997-10-28 15:00:00,11.8,128.0,15, , 
1997298N06140,1997,LINDA,1997-10-28 18:00:00,11.8,127.6,15, , 
1997298N06140,1997,LINDA,1997-10-28 21:00:00,11.7,127.2,15, , 
1997298N06140,1997,LINDA,1997-10-29 00:00:00,11.6,126.9,15, , 
1997298N06140,1997,LINDA,1997-10-29 03:00:00,11.3,126.6,15, , 
1997298N06140,1997,LINDA,1997-10-29 06:00:00,11.0,126.3,15, , 
1997298N06140,1997,LINDA,1997-10-29 09:00:00,10.7,125.9,15, , 
1997298N06140,1997,LINDA,1997-10-29 12:00:00,10.5,125.5,15, , 
1997298N06140,1997,LINDA,1997-10-29 15:00:00,10.2,125.0,15, , 
1997298N06140,1997,LINDA,1997-10-29 18:00:00,9.9,124.5,15, , 
1997298N06140,1997,LINDA,1997-10-29 21:00:00,9.8,123.9,15, , 
1997298N06140,1997,LINDA,1997-10-30 00:00:00,9.8,123.3,15, , 
1997298N06140,1997,LINDA,1997-10-30 03:00:00,9.7,122.7,15, , 
1997298N06140,1997,LINDA,1997-10-30 06:00:00,9.5,122.0,15, , 
1997298N06140,1997,LINDA,1997-10-30 09:00:00,9.4,121.3,15, , 
1997298N06140,1997,LINDA,1997-10-30 12:00:00,9.3,120.6,15, , 
1997298N06140,1997,LINDA,1997-10-30 15:00:00,9.2,120.1,15, , 
1997298N06140,1997,LINDA,1997-10-30 18:00:00,9.0,119.6,15, , 
1997298N06140,1997,LINDA,1997-10-30 21:00:00,8.7,119.0,18, , 
1997298N06140,1997,LINDA,1997-10-31 00:00:00,8.4,118.4,20, , 
1997298N06140,1997,LINDA,1997-10-31 03:00:00,8.3,117.9,23, , 
1997298N06140,1997,LINDA,1997-10-31 06:00:00,8.3,117.3,25, , 
1997298N06140,1997,LINDA,1997-10-31 09:00:00,8.2,116.5,28, , 
1997298N06140,1997,LINDA,1997-10-31 12:00:00,8.2,115.6,30, , 
1997298N06140,1997,LINDA,1997-10-31 15:00:00,8.1,115.1,33, , 
1997298N06140,1997,LINDA,1997-10-31 18:00:00,7.9,114.6,35, , 
1997298N06140,1997,LINDA,1997-10-31 21:00:00,7.8,114.0,38, , 
1997298N06140,1997,LINDA,1997-11-01 00:00:00,7.7,113.4,40, , 
1997298N06140,1997,LINDA,1997-11-01 03:00:00,7.7,112.7,43, , 
1997298N06140,1997,LINDA,1997-11-01 06:00:00,7.9,112.0,45,35, 
1997298N06140,1997,LINDA,1997-11-01 09:00:00,8.1,111.4,48, , 
1997298N06140,1997,LINDA,1997-11-01 12:00:00,8.3,110.7,50,40, 
1997298N06140,1997,LINDA,1997-11-01 15:00:00,8.5,110.0,53, , 
1997298N06140,1997,LINDA,1997-11-01 18:00:00,8.6,109.2,55,45, 
1997298N06140,1997,LINDA,1997-11-01 21:00:00,8.7,108.4,55, , 
1997298N06140,1997,LINDA,1997-11-02 00:00:00,8.8,107.6,55,50, 
1997298N06140,1997,LINDA,1997-11-02 03:00:00,8.8,106.7,55, , 
1997298N06140,1997,LINDA,1997-11-02 06:00:00,8.8,106.0,55,50, 
1997298N06140,1997,LINDA,1997-11-02 09:00:00,8.9,105.3,55, , 
1997298N06140,1997,LINDA,1997-11-02 12:00:00,9.0,104.7,55,50, 
1997298N06140,1997,LINDA,1997-11-02 15:00:00,9.1,104.2,60, , 
1997298N06140,1997,LINDA,1997-11-02 18:00:00,9.3,103.7,65,50, 
1997298N06140,1997,LINDA,1997-11-02 21:00:00,9.5,103.3,65, , 
1997298N06140,1997,LINDA,1997-11-03 00:00:00,9.7,102.8,65,45, 
1997298N06140,1997,LINDA,1997-11-03 03:00:00,10.0,102.3,65, , 
1997298N06140,1997,LINDA,1997-11-03 06:00:00,10.3,101.9,65,45, 
1997298N06140,1997,LINDA,1997-11-03 09:00:00,10.6,101.4,65, , 
1997298N06140,1997,LINDA,1997-11-03 12:00:00,11.0,101.0,65,40, 
1997298N06140,1997,LINDA,1997-11-03 15:00:00,11.4,100.5,58, , 
1997298N06140,1997,LINDA,1997-11-03 18:00:00,11.8,100.0,50,35, 
1997298N06140,1997,LINDA,1997-11-03 21:00:00,12.1,99.4,48, , 
1997298N06140,1997,LINDA,1997-11-04 00:00:00,12.4,98.8,45, , 
1997298N06140,1997,LINDA,1997-11-04 03:00:00,12.6,98.2,45,35,35
1997298N06140,1997,LINDA,1997-11-04 06:00:00,12.9,97.5,45,35,35
1997298N06140,1997,LINDA,1997-11-04 09:00:00,13.0,97.0,45,35,35
1997298N06140,1997,LINDA,1997-11-04 12:00:00,13.3,96.5,45,35,35
1997298N06140,1997,LINDA,1997-11-04 15:00:00,13.6,96.1,45, ,35
1997298N06140,1997,LINDA,1997-11-04 18:00:00,13.7,95.8,45,35,35
1997298N06140,1997,LINDA,1997-11-04 21:00:00,13.8,95.3,48, ,35
1997298N06140,1997,LINDA,1997-11-05 00:00:00,13.9,94.8,50,35,35
1997298N06140,1997,LINDA,1997-11-05 03:00:00,13.9,94.6,50,35,35
1997298N06140,1997,LINDA,1997-11-05 06:00:00,14.0,94.3,50,35,35
1997298N06140,1997,LINDA,1997-11-05 09:00:00,14.1,94.0,50, ,35
1997298N06140,1997,LINDA,1997-11-05 12:00:00,14.3,93.7,50,35,35
1997298N06140,1997,LINDA,1997-11-05 15:00:00,14.3,93.5,50, ,35
1997298N06140,1997,LINDA,1997-11-05 18:00:00,14.4,93.4,50,35,35
1997298N06140,1997,LINDA,1997-11-05 21:00:00,14.5,93.2,50, ,35
1997298N06140,1997,LINDA,1997-11-06 00:00:00,14.6,93.0,50,35,35
1997298N06140,1997,LINDA,1997-11-06 03:00:00,14.8,92.8,50,35,35
1997298N06140,1997,LINDA,1997-11-06 06:00:00,14.8,92.5,50,35,35
1997298N06140,1997,LINDA,1997-11-06 09:00:00,14.9,92.0,58,35,35
1997298N06140,1997,LINDA,1997-11-06 12:00:00,14.9,91.9,65,35,35
1997298N06140,1997,LINDA,1997-11-06 15:00:00,15.0,91.9,65, ,35
1997298N06140,1997,LINDA,1997-11-06 18:00:00,15.1,91.8,65,35,35
1997298N06140,1997,LINDA,1997-11-06 21:00:00,15.2,91.8,65, ,35
1997298N06140,1997,LINDA,1997-11-07 00:00:00,15.2,91.7,65,35,35
1997298N06140,1997,LINDA,1997-11-07 03:00:00,15.2,91.3,63,35,35
1997298N06140,1997,LINDA,1997-11-07 06:00:00,15.2,91.2,60,35,35
1997298N06140,1997,LINDA,1997-11-07 09:00:00,15.2,91.1,58,35,35
1997298N06140,1997,LINDA,1997-11-07 12:00:00,15.2,91.1,55,35,35
1997298N06140,1997,LINDA,1997-11-07 15:00:00,15.1,91.0,55, ,35
1997298N06140,1997,LINDA,1997-11-07 18:00:00,15.1,91.0,55,35,35
1997298N06140,1997,LINDA,1997-11-07 21:00:00,15.1,91.0,55, ,35
1997298N06140,1997,LINDA,1997-11-08 00:00:00,15.1,91.0,55,35,35
1997298N06140,1997,LINDA,1997-11-08 03:00:00,15.1,90.7,53,35,35
1997298N06140,1997,LINDA,1997-11-08 06:00:00,15.1,90.5,50,35,35
1997298N06140,1997,LINDA,1997-11-08 09:00:00,15.1,90.4,48,35,35
1997298N06140,1997,LINDA,1997-11-08 12:00:00,15.1,90.4,45,35,35
1997298N06140,1997,LINDA,1997-11-08 15:00:00,15.1,90.3,43, ,35
1997298N06140,1997,LINDA,1997-11-08 18:00:00,15.2,90.3,40,35,35
1997298N06140,1997,LINDA,1997-11-08 21:00:00,15.2,90.4,38, ,35
1997298N06140,1997,LINDA,1997-11-09 00:00:00,15.3,90.4,35,35,35
1997298N06140,1997,LINDA,1997-11-09 03:00:00,15.3,90.1,33,30,30
1997298N06140,1997,LINDA,1997-11-09 06:00:00,15.4,90.2,30,30,30
1997298N06140,1997,LINDA,1997-11-09 09:00:00,15.4,90.3,28,30,30
1997298N06140,1997,LINDA,1997-11-09 12:00:00,15.5,90.5,25, , 
1997307N08082,1997,UNNAMED,1997-11-02 12:00:00,7.9,81.6,15, , 
1997307N08082,1997,UNNAMED,1997-11-02 15:00:00,7.8,81.5,15, , 
1997307N08082,1997,UNNAMED,1997-11-02 18:00:00,7.7,81.5,15, , 
1997307N08082,1997,UNNAMED,1997-11-02 21:00:00,7.6,81.5,15, , 
1997307N08082,1997,UNNAMED,1997-11-03 00:00:00,7.5,81.4,15, , 
1997307N08082,1997,UNNAMED,1997-11-03 03:00:00,7.4,81.4,15, , 
1997307N08082,1997,UNNAMED,1997-11-03 06:00:00,7.4,81.3,15, , 
1997307N08082,1997,UNNAMED,1997-11-03 09:00:00,7.4,81.3,15, , 
1997307N08082,1997,UNNAMED,1997-11-03 12:00:00,7.3,81.2,15, , 
1997307N08082,1997,UNNAMED,1997-11-03 15:00:00,7.2,81.1,15, , 
1997307N08082,1997,UNNAMED,1997-11-03 18:00:00,7.2,81.1,15, , 
1997307N08082,1997,UNNAMED,1997-11-03 21:00:00,7.2,81.1,15, , 
1997307N08082,1997,UNNAMED,1997-11-04 00:00:00,7.2,81.0,15, , 
1997307N08082,1997,UNNAMED,1997-11-04 03:00:00,7.2,80.9,15, , 
1997307N08082,1997,UNNAMED,1997-11-04 06:00:00,7.2,80.8,15, , 
1997307N08082,1997,UNNAMED,1997-11-04 09:00:00,7.2,80.7,15, , 
1997307N08082,1997,UNNAMED,1997-11-04 12:00:00,7.3,80.7,15, , 
1997307N08082,1997,UNNAMED,1997-11-04 15:00:00,7.3,80.6,15, , 
1997307N08082,1997,UNNAMED,1997-11-04 18:00:00,7.4,80.6,15, , 
1997307N08082,1997,UNNAMED,1997-11-04 21:00:00,7.5,80.6,15, , 
1997307N08082,1997,UNNAMED,1997-11-05 00:00:00,7.6,80.5,15, , 
1997307N08082,1997,UNNAMED,1997-11-05 03:00:00,7.7,80.5,18, , 
1997307N08082,1997,UNNAMED,1997-11-05 06:00:00,7.8,80.4,20, , 
1997307N08082,1997,UNNAMED,1997-11-05 09:00:00,7.9,80.4,20, , 
1997307N08082,1997,UNNAMED,1997-11-05 12:00:00,8.0,80.3,20, , 
1997307N08082,1997,UNNAMED,1997-11-05 15:00:00,8.1,80.2,20, , 
1997307N08082,1997,UNNAMED,1997-11-05 18:00:00,8.2,80.2,20, , 
1997307N08082,1997,UNNAMED,1997-11-05 21:00:00,8.3,80.1,20, , 
1997307N08082,1997,UNNAMED,1997-11-06 00:00:00,8.5,80.1,20, , 
1997307N08082,1997,UNNAMED,1997-11-06 03:00:00,8.8,80.1,20, , 
1997307N08082,1997,UNNAMED,1997-11-06 06:00:00,9.1,80.1,20, , 
1997307N08082,1997,UNNAMED,1997-11-06 09:00:00,9.4,80.1,20, , 
1997307N08082,1997,UNNAMED,1997-11-06 12:00:00,9.7,80.2,20, , 
1997307N08082,1997,UNNAMED,1997-11-06 15:00:00,9.9,80.2,20, , 
1997307N08082,1997,UNNAMED,1997-11-06 18:00:00,10.0,80.2,20, , 
1997307N08082,1997,UNNAMED,1997-11-06 21:00:00,10.1,80.2,20, , 
1997307N08082,1997,UNNAMED,1997-11-07 00:00:00,10.2,80.1,20, , 
1997307N08082,1997,UNNAMED,1997-11-07 03:00:00,10.2,80.0,20, , 
1997307N08082,1997,UNNAMED,1997-11-07 06:00:00,10.2,79.9,20, , 
1997307N08082,1997,UNNAMED,1997-11-07 09:00:00,10.2,79.7,20, , 
1997307N08082,1997,UNNAMED,1997-11-07 12:00:00,10.2,79.5,20, , 
1997307N08082,1997,UNNAMED,1997-11-07 15:00:00,10.2,79.3,20, , 
1997307N08082,1997,UNNAMED,1997-11-07 18:00:00,10.3,79.0,20, , 
1997307N08082,1997,UNNAMED,1997-11-07 21:00:00,10.3,78.6,20, , 
1997307N08082,1997,UNNAMED,1997-11-08 00:00:00,10.3,78.1,20, , 
1997307N08082,1997,UNNAMED,1997-11-08 03:00:00,10.3,77.6,20, , 
1997307N08082,1997,UNNAMED,1997-11-08 06:00:00,10.3,77.1,20, , 
1997307N08082,1997,UNNAMED,1997-11-08 09:00:00,10.3,76.6,23, , 
1997307N08082,1997,UNNAMED,1997-11-08 12:00:00,10.3,76.0,25, , 
1997307N08082,1997,UNNAMED,1997-11-08 15:00:00,10.3,75.5,25, , 
1997307N08082,1997,UNNAMED,1997-11-08 18:00:00,10.3,74.9,25, , 
1997307N08082,1997,UNNAMED,1997-11-08 21:00:00,10.3,74.3,25, , 
1997307N08082,1997,UNNAMED,1997-11-09 00:00:00,10.3,73.7,25, , 
1997307N08082,1997,UNNAMED,1997-11-09 03:00:00,10.5,73.1,25, , 
1997307N08082,1997,UNNAMED,1997-11-09 06:00:00,10.7,72.6,25, , 
1997307N08082,1997,UNNAMED,1997-11-09 09:00:00,10.9,72.1,25, , 
1997307N08082,1997,UNNAMED,1997-11-09 12:00:00,11.0,71.6,25, , 
1997307N08082,1997,UNNAMED,1997-11-09 15:00:00,11.2,71.1,28, , 
1997307N08082,1997,UNNAMED,1997-11-09 18:00:00,11.3,70.6,30, , 
1997307N08082,1997,UNNAMED,1997-11-09 21:00:00,11.4,70.2,30, , 
1997307N08082,1997,UNNAMED,1997-11-10 00:00:00,11.5,69.8,30, , 
1997307N08082,1997,UNNAMED,1997-11-10 03:00:00,11.6,69.4,33, , 
1997307N08082,1997,UNNAMED,1997-11-10 06:00:00,11.7,69.0,35, , 
1997307N08082,1997,UNNAMED,1997-11-10 09:00:00,11.8,68.6,35, , 
1997307N08082,1997,UNNAMED,1997-11-10 12:00:00,11.9,68.2,35, , 
1997307N08082,1997,UNNAMED,1997-11-10 15:00:00,12.0,67.8,40, , 
1997307N08082,1997,UNNAMED,1997-11-10 18:00:00,12.0,67.7,45,25,25
1997307N08082,1997,UNNAMED,1997-11-10 21:00:00,11.9,67.8,48, ,25
1997307N08082,1997,UNNAMED,1997-11-11 00:00:00,11.9,67.7,50,25,25
1997307N08082,1997,UNNAMED,1997-11-11 03:00:00,12.1,67.2,53,30,30
1997307N08082,1997,UNNAMED,1997-11-11 06:00:00,12.4,66.1,55,30,30
1997307N08082,1997,UNNAMED,1997-11-11 09:00:00,12.8,65.6,55, ,30
1997307N08082,1997,UNNAMED,1997-11-11 12:00:00,13.1,65.5,55,30,30
1997307N08082,1997,UNNAMED,1997-11-11 15:00:00,13.2,65.4,55, ,30
1997307N08082,1997,UNNAMED,1997-11-11 18:00:00,13.3,65.3,55,30,30
1997307N08082,1997,UNNAMED,1997-11-11 21:00:00,13.3,65.2,55, ,30
1997307N08082,1997,UNNAMED,1997-11-12 00:00:00,13.4,65.2,55,30,30
1997307N08082,1997,UNNAMED,1997-11-12 03:00:00,13.7,65.3,55,30,30
1997307N08082,1997,UNNAMED,1997-11-12 06:00:00,14.1,65.5,55,30,30
1997307N08082,1997,UNNAMED,1997-11-12 09:00:00,14.2,65.0,55, ,30
1997307N08082,1997,UNNAMED,1997-11-12 12:00:00,14.2,64.4,55,30,30
1997307N08082,1997,UNNAMED,1997-11-12 15:00:00,14.4,64.2,53, ,30
1997307N08082,1997,UNNAMED,1997-11-12 18:00:00,14.6,64.1,50,30,30
1997307N08082,1997,UNNAMED,1997-11-12 21:00:00,14.6,63.7,45, ,30
1997307N08082,1997,UNNAMED,1997-11-13 00:00:00,14.6,63.4,40,30,30
1997307N08082,1997,UNNAMED,1997-11-13 03:00:00,14.6,63.2,38,30,30
1997307N08082,1997,UNNAMED,1997-11-13 06:00:00,14.6,62.7,35,30,30
1997307N08082,1997,UNNAMED,1997-11-13 09:00:00,14.7,62.4,35,25,25
1997307N08082,1997,UNNAMED,1997-11-13 12:00:00,14.5,61.9,35, , 
1997307N08082,1997,UNNAMED,1997-11-13 15:00:00,14.4,61.6,33, , 
1997307N08082,1997,UNNAMED,1997-11-13 18:00:00,14.2,61.2,30, , 
1997307N08082,1997,UNNAMED,1997-11-13 21:00:00,14.0,60.8,30, , 
1997307N08082,1997,UNNAMED,1997-11-14 00:00:00,13.7,60.4,30, , 
1997308N08069,1997,UNNAMED,1997-11-04 00:00:00,7.8,68.7,15, , 
1997308N08069,1997,UNNAMED,1997-11-04 03:00:00,7.8,68.5,15, , 
1997308N08069,1997,UNNAMED,1997-11-04 06:00:00,7.8,68.3,15, , 
1997308N08069,1997,UNNAMED,1997-11-04 09:00:00,7.8,68.1,15, , 
1997308N08069,1997,UNNAMED,1997-11-04 12:00:00,7.9,67.9,15, , 
1997308N08069,1997,UNNAMED,1997-11-04 15:00:00,8.0,67.7,15, , 
1997308N08069,1997,UNNAMED,1997-11-04 18:00:00,8.0,67.6,15, , 
1997308N08069,1997,UNNAMED,1997-11-04 21:00:00,8.0,67.5,15, , 
1997308N08069,1997,UNNAMED,1997-11-05 00:00:00,8.0,67.3,15, , 
1997308N08069,1997,UNNAMED,1997-11-05 03:00:00,8.0,67.1,15, , 
1997308N08069,1997,UNNAMED,1997-11-05 06:00:00,8.1,66.8,15, , 
1997308N08069,1997,UNNAMED,1997-11-05 09:00:00,8.2,66.4,15, , 
1997308N08069,1997,UNNAMED,1997-11-05 12:00:00,8.3,66.0,15, , 
1997308N08069,1997,UNNAMED,1997-11-05 15:00:00,8.4,65.6,15, , 
1997308N08069,1997,UNNAMED,1997-11-05 18:00:00,8.5,65.2,15, , 
1997308N08069,1997,UNNAMED,1997-11-05 21:00:00,8.7,64.9,15, , 
1997308N08069,1997,UNNAMED,1997-11-06 00:00:00,8.9,64.5,15, , 
1997308N08069,1997,UNNAMED,1997-11-06 03:00:00,9.0,64.1,15, , 
1997308N08069,1997,UNNAMED,1997-11-06 06:00:00,9.1,63.6,15, , 
1997308N08069,1997,UNNAMED,1997-11-06 09:00:00,9.1,63.1,15, , 
1997308N08069,1997,UNNAMED,1997-11-06 12:00:00,9.2,62.6,15, , 
1997308N08069,1997,UNNAMED,1997-11-06 15:00:00,9.3,62.0,15, , 
1997308N08069,1997,UNNAMED,1997-11-06 18:00:00,9.4,61.3,15, , 
1997308N08069,1997,UNNAMED,1997-11-06 21:00:00,9.5,60.8,18, , 
1997308N08069,1997,UNNAMED,1997-11-07 00:00:00,9.5,60.3,20, , 
1997308N08069,1997,UNNAMED,1997-11-07 03:00:00,9.5,59.8,23, , 
1997308N08069,1997,UNNAMED,1997-11-07 06:00:00,9.5,59.3,25, , 
1997308N08069,1997,UNNAMED,1997-11-07 09:00:00,9.6,58.8,25, , 
1997308N08069,1997,UNNAMED,1997-11-07 12:00:00,9.8,58.2,25, , 
1997308N08069,1997,UNNAMED,1997-11-07 15:00:00,10.0,57.4,28, , 
1997308N08069,1997,UNNAMED,1997-11-07 18:00:00,10.1,56.6,30, , 
1997308N08069,1997,UNNAMED,1997-11-07 21:00:00,10.2,56.0,33, , 
1997308N08069,1997,UNNAMED,1997-11-08 00:00:00,10.2,55.5,35, , 
1997308N08069,1997,UNNAMED,1997-11-08 03:00:00,10.2,55.0,35, , 
1997308N08069,1997,UNNAMED,1997-11-08 06:00:00,10.3,54.6,35, , 
1997308N08069,1997,UNNAMED,1997-11-08 09:00:00,10.4,54.1,35, , 
1997308N08069,1997,UNNAMED,1997-11-08 12:00:00,10.5,53.6,35, , 
1997308N08069,1997,UNNAMED,1997-11-08 15:00:00,10.5,53.1,33, , 
1997308N08069,1997,UNNAMED,1997-11-08 18:00:00,10.6,52.7,30, , 
1997308N08069,1997,UNNAMED,1997-11-08 21:00:00,10.7,52.2,30, , 
1997308N08069,1997,UNNAMED,1997-11-09 00:00:00,10.9,51.7,30, , 
1997308N08069,1997,UNNAMED,1997-11-09 03:00:00,11.1,51.3,33, , 
1997308N08069,1997,UNNAMED,1997-11-09 06:00:00,11.2,51.1,35, , 
1997308N08069,1997,UNNAMED,1997-11-09 09:00:00,11.3,51.0,35, , 
1997308N08069,1997,UNNAMED,1997-11-09 12:00:00,11.4,50.9,35, , 
1997308N08069,1997,UNNAMED,1997-11-09 15:00:00,11.5,50.8,28, , 
1997308N08069,1997,UNNAMED,1997-11-09 18:00:00,11.7,50.8,20, , 
1997308N08069,1997,UNNAMED,1997-11-09 21:00:00,11.8,50.8,20, , 
1997308N08069,1997,UNNAMED,1997-11-10 00:00:00,11.9,50.7,20, , 
1997308N08069,1997,UNNAMED,1997-11-10 03:00:00,12.1,50.6,20, , 
1997308N08069,1997,UNNAMED,1997-11-10 06:00:00,12.3,50.5,20, , 
1998133N04086,1998,UNNAMED,1998-05-13 00:00:00,4.0,85.5,15, , 
1998133N04086,1998,UNNAMED,1998-05-13 03:00:00,4.6,85.8,18, , 
1998133N04086,1998,UNNAMED,1998-05-13 06:00:00,5.2,86.0,20, , 
1998133N04086,1998,UNNAMED,1998-05-13 09:00:00,5.7,86.2,20, , 
1998133N04086,1998,UNNAMED,1998-05-13 12:00:00,6.2,86.4,20, , 
1998133N04086,1998,UNNAMED,1998-05-13 15:00:00,6.8,86.6,20, , 
1998133N04086,1998,UNNAMED,1998-05-13 18:00:00,7.3,86.7,20, , 
1998133N04086,1998,UNNAMED,1998-05-13 21:00:00,7.8,86.7,20, , 
1998133N04086,1998,UNNAMED,1998-05-14 00:00:00,8.2,86.6,20, , 
1998133N04086,1998,UNNAMED,1998-05-14 03:00:00,8.6,86.4,20, , 
1998133N04086,1998,UNNAMED,1998-05-14 06:00:00,8.9,86.1,20, , 
1998133N04086,1998,UNNAMED,1998-05-14 09:00:00,9.1,85.7,20, , 
1998133N04086,1998,UNNAMED,1998-05-14 12:00:00,9.3,85.3,20, , 
1998133N04086,1998,UNNAMED,1998-05-14 15:00:00,9.4,84.8,20, , 
1998133N04086,1998,UNNAMED,1998-05-14 18:00:00,9.4,84.4,20, , 
1998133N04086,1998,UNNAMED,1998-05-14 21:00:00,9.4,84.0,20, , 
1998133N04086,1998,UNNAMED,1998-05-15 00:00:00,9.5,83.6,20, , 
1998133N04086,1998,UNNAMED,1998-05-15 03:00:00,9.6,83.1,20, , 
1998133N04086,1998,UNNAMED,1998-05-15 06:00:00,9.7,82.5,20, , 
1998133N04086,1998,UNNAMED,1998-05-15 09:00:00,9.8,82.0,20, , 
1998133N04086,1998,UNNAMED,1998-05-15 12:00:00,9.9,81.5,20, , 
1998133N04086,1998,UNNAMED,1998-05-15 15:00:00,10.0,81.0,23, , 
1998133N04086,1998,UNNAMED,1998-05-15 18:00:00,10.1,80.6,25, , 
1998133N04086,1998,UNNAMED,1998-05-15 21:00:00,10.3,80.4,25, , 
1998133N04086,1998,UNNAMED,1998-05-16 00:00:00,10.5,80.3,25, , 
1998133N04086,1998,UNNAMED,1998-05-16 03:00:00,10.7,80.3,25, , 
1998133N04086,1998,UNNAMED,1998-05-16 06:00:00,11.0,80.5,25, , 
1998133N04086,1998,UNNAMED,1998-05-16 09:00:00,11.2,81.1,25, , 
1998133N04086,1998,UNNAMED,1998-05-16 12:00:00,11.4,81.9,25, , 
1998133N04086,1998,UNNAMED,1998-05-16 15:00:00,11.8,82.7,25, , 
1998133N04086,1998,UNNAMED,1998-05-16 18:00:00,12.2,83.6,25, , 
1998133N04086,1998,UNNAMED,1998-05-16 21:00:00,12.6,84.3,25, , 
1998133N04086,1998,UNNAMED,1998-05-17 00:00:00,12.9,85.0,25, , 
1998133N04086,1998,UNNAMED,1998-05-17 03:00:00,13.3,85.7,25, , 
1998133N04086,1998,UNNAMED,1998-05-17 06:00:00,13.6,86.3,25, , 
1998133N04086,1998,UNNAMED,1998-05-17 09:00:00,13.9,86.8,25, , 
1998133N04086,1998,UNNAMED,1998-05-17 12:00:00,14.2,87.3,25,25,25
1998133N04086,1998,UNNAMED,1998-05-17 15:00:00,14.5,87.7,25, ,25
1998133N04086,1998,UNNAMED,1998-05-17 18:00:00,14.7,88.0,25,25,25
1998133N04086,1998,UNNAMED,1998-05-17 21:00:00,14.9,88.3,25, ,25
1998133N04086,1998,UNNAMED,1998-05-18 00:00:00,15.1,88.5,25,25,25
1998133N04086,1998,UNNAMED,1998-05-18 03:00:00,15.5,88.6,28,25,25
1998133N04086,1998,UNNAMED,1998-05-18 06:00:00,16.0,88.7,30,30,30
1998133N04086,1998,UNNAMED,1998-05-18 09:00:00,16.5,89.1,30,35,35
1998133N04086,1998,UNNAMED,1998-05-18 12:00:00,17.0,89.4,30,35,35
1998133N04086,1998,UNNAMED,1998-05-18 15:00:00,17.5,89.5,33, ,35
1998133N04086,1998,UNNAMED,1998-05-18 18:00:00,18.0,89.6,35,35,35
1998133N04086,1998,UNNAMED,1998-05-18 21:00:00,18.5,89.7,38, ,35
1998133N04086,1998,UNNAMED,1998-05-19 00:00:00,19.1,90.0,40,35,35
1998133N04086,1998,UNNAMED,1998-05-19 03:00:00,19.6,90.4,43,35,35
1998133N04086,1998,UNNAMED,1998-05-19 06:00:00,20.1,90.5,45,55,55
1998133N04086,1998,UNNAMED,1998-05-19 09:00:00,20.5,90.5,50, ,55
1998133N04086,1998,UNNAMED,1998-05-19 12:00:00,20.7,90.7,55,55,55
1998133N04086,1998,UNNAMED,1998-05-19 15:00:00,20.9,90.8,58, ,58
1998133N04086,1998,UNNAMED,1998-05-19 18:00:00,21.2,91.1,60,60,60
1998133N04086,1998,UNNAMED,1998-05-19 21:00:00,21.4,91.2,65, ,60
1998133N04086,1998,UNNAMED,1998-05-20 00:00:00,21.7,91.5,70,60,60
1998133N04086,1998,UNNAMED,1998-05-20 03:00:00,22.1,92.1,65, , 
1998133N04086,1998,UNNAMED,1998-05-20 06:00:00,22.5,92.4,60, , 
1998133N04086,1998,UNNAMED,1998-05-20 09:00:00,23.1,92.6,50, , 
1998133N04086,1998,UNNAMED,1998-05-20 12:00:00,23.7,92.8,40, , 
1998133N04086,1998,UNNAMED,1998-05-20 15:00:00,24.1,93.4,33, , 
1998133N04086,1998,UNNAMED,1998-05-20 18:00:00,24.3,93.8,25, , 
1998147N11061,1998,UNNAMED,1998-05-27 06:00:00,11.2,61.4,30, , 
1998147N11061,1998,UNNAMED,1998-05-27 09:00:00,11.6,61.1,30, , 
1998147N11061,1998,UNNAMED,1998-05-27 12:00:00,11.9,60.9,30, , 
1998147N11061,1998,UNNAMED,1998-05-27 15:00:00,12.2,60.7,30, , 
1998147N11061,1998,UNNAMED,1998-05-27 18:00:00,12.5,60.6,30, , 
1998147N11061,1998,UNNAMED,1998-05-27 21:00:00,12.6,60.5,33, , 
1998147N11061,1998,UNNAMED,1998-05-28 00:00:00,12.8,60.4,35, , 
1998147N11061,1998,UNNAMED,1998-05-28 03:00:00,13.1,60.1,35, , 
1998147N11061,1998,UNNAMED,1998-05-28 06:00:00,13.4,59.7,35, , 
1998147N11061,1998,UNNAMED,1998-05-28 09:00:00,13.5,59.5,35, , 
1998147N11061,1998,UNNAMED,1998-05-28 12:00:00,13.6,59.3,35, , 
1998147N11061,1998,UNNAMED,1998-05-28 15:00:00,13.7,59.2,33, , 
1998147N11061,1998,UNNAMED,1998-05-28 18:00:00,13.9,59.1,30, , 
1998147N11061,1998,UNNAMED,1998-05-28 21:00:00,14.1,59.0,30, , 
1998147N11061,1998,UNNAMED,1998-05-29 00:00:00,14.3,59.0,30, , 
1998152N11075,1998,UNNAMED,1998-06-01 06:00:00,10.6,74.7,25, , 
1998152N11075,1998,UNNAMED,1998-06-01 09:00:00,10.7,74.5,28, , 
1998152N11075,1998,UNNAMED,1998-06-01 12:00:00,10.7,74.4,30, , 
1998152N11075,1998,UNNAMED,1998-06-01 15:00:00,10.7,74.3,33, , 
1998152N11075,1998,UNNAMED,1998-06-01 18:00:00,10.7,74.2,35, , 
1998152N11075,1998,UNNAMED,1998-06-01 21:00:00,10.8,74.1,35, , 
1998152N11075,1998,UNNAMED,1998-06-02 00:00:00,10.8,73.9,35, , 
1998152N11075,1998,UNNAMED,1998-06-02 03:00:00,10.8,73.8,35, , 
1998152N11075,1998,UNNAMED,1998-06-02 06:00:00,10.8,73.7,35, , 
1998152N11075,1998,UNNAMED,1998-06-02 09:00:00,10.8,73.6,35, , 
1998152N11075,1998,UNNAMED,1998-06-02 12:00:00,10.8,73.4,35, , 
1998152N11075,1998,UNNAMED,1998-06-02 15:00:00,10.8,73.2,35, , 
1998152N11075,1998,UNNAMED,1998-06-02 18:00:00,10.8,73.0,35, , 
1998152N11075,1998,UNNAMED,1998-06-02 21:00:00,10.8,72.9,35, , 
1998152N11075,1998,UNNAMED,1998-06-03 00:00:00,10.9,72.7,35, , 
1998152N11075,1998,UNNAMED,1998-06-03 03:00:00,11.0,72.5,35, , 
1998152N11075,1998,UNNAMED,1998-06-03 06:00:00,11.0,72.3,35, , 
1998152N11075,1998,UNNAMED,1998-06-03 09:00:00,11.0,72.1,33, , 
1998152N11075,1998,UNNAMED,1998-06-03 12:00:00,11.0,72.0,30, , 
1998152N11075,1998,UNNAMED,1998-06-03 15:00:00,11.0,71.9,30, , 
1998152N11075,1998,UNNAMED,1998-06-03 18:00:00,11.1,71.8,30, , 
1998152N11075,1998,UNNAMED,1998-06-03 21:00:00,11.1,71.7,30, , 
1998152N11075,1998,UNNAMED,1998-06-04 00:00:00,11.2,71.6,30, , 
1998152N11075,1998,UNNAMED,1998-06-04 03:00:00,11.2,71.5,30, , 
1998152N11075,1998,UNNAMED,1998-06-04 06:00:00,11.1,71.0,30,25,25
1998152N11075,1998,UNNAMED,1998-06-04 09:00:00,11.2,70.6,30, ,28
1998152N11075,1998,UNNAMED,1998-06-04 12:00:00,11.2,70.3,30,30,30
1998152N11075,1998,UNNAMED,1998-06-04 15:00:00,11.2,70.0,30, , 
1998152N11075,1998,UNNAMED,1998-06-04 18:00:00,11.2,70.0,30, , 
1998152N11075,1998,UNNAMED,1998-06-04 21:00:00,11.2,70.1,33, , 
1998152N11075,1998,UNNAMED,1998-06-05 00:00:00,11.2,70.2,35, , 
1998152N11075,1998,UNNAMED,1998-06-05 03:00:00,11.3,70.3,38,30,30
1998152N11075,1998,UNNAMED,1998-06-05 06:00:00,11.6,70.5,40,30,30
1998152N11075,1998,UNNAMED,1998-06-05 09:00:00,12.2,70.2,45,35,35
1998152N11075,1998,UNNAMED,1998-06-05 12:00:00,12.0,70.1,50,35,35
1998152N11075,1998,UNNAMED,1998-06-05 15:00:00,11.9,69.8,50, ,35
1998152N11075,1998,UNNAMED,1998-06-05 18:00:00,12.0,69.6,50,35,35
1998152N11075,1998,UNNAMED,1998-06-05 21:00:00,12.2,69.4,53, ,35
1998152N11075,1998,UNNAMED,1998-06-06 00:00:00,12.4,69.3,55,35,35
1998152N11075,1998,UNNAMED,1998-06-06 03:00:00,12.4,69.2,63,45,45
1998152N11075,1998,UNNAMED,1998-06-06 06:00:00,12.5,69.2,70,55,55
1998152N11075,1998,UNNAMED,1998-06-06 09:00:00,12.7,69.1,70, ,55
1998152N11075,1998,UNNAMED,1998-06-06 12:00:00,13.1,69.0,70,55,55
1998152N11075,1998,UNNAMED,1998-06-06 15:00:00,13.3,68.7,70, ,55
1998152N11075,1998,UNNAMED,1998-06-06 18:00:00,13.6,68.5,70,55,55
1998152N11075,1998,UNNAMED,1998-06-06 21:00:00,13.8,68.3,73, ,55
1998152N11075,1998,UNNAMED,1998-06-07 00:00:00,14.2,68.1,75,55,55
1998152N11075,1998,UNNAMED,1998-06-07 03:00:00,14.6,68.0,75,55,55
1998152N11075,1998,UNNAMED,1998-06-07 06:00:00,15.0,68.0,75,55,55
1998152N11075,1998,UNNAMED,1998-06-07 09:00:00,15.4,67.9,78,65,65
1998152N11075,1998,UNNAMED,1998-06-07 12:00:00,15.9,67.9,80,80,80
1998152N11075,1998,UNNAMED,1998-06-07 15:00:00,16.2,67.8,85, ,80
1998152N11075,1998,UNNAMED,1998-06-07 18:00:00,16.6,67.9,90,80,80
1998152N11075,1998,UNNAMED,1998-06-07 21:00:00,17.0,67.9,93, ,80
1998152N11075,1998,UNNAMED,1998-06-08 00:00:00,17.6,67.9,95,80,80
1998152N11075,1998,UNNAMED,1998-06-08 03:00:00,18.1,67.6,98,80,80
1998152N11075,1998,UNNAMED,1998-06-08 06:00:00,18.6,67.9,100,90,90
1998152N11075,1998,UNNAMED,1998-06-08 09:00:00,19.1,67.9,98, ,90
1998152N11075,1998,UNNAMED,1998-06-08 12:00:00,19.6,67.9,95,90,90
1998152N11075,1998,UNNAMED,1998-06-08 15:00:00,20.0,68.1,95, ,85
1998152N11075,1998,UNNAMED,1998-06-08 18:00:00,20.5,68.4,95,80,80
1998152N11075,1998,UNNAMED,1998-06-08 21:00:00,21.0,68.6,100, ,80
1998152N11075,1998,UNNAMED,1998-06-09 00:00:00,21.5,69.0,105,80,80
1998152N11075,1998,UNNAMED,1998-06-09 03:00:00,22.1,69.5,93, , 
1998152N11075,1998,UNNAMED,1998-06-09 06:00:00,22.6,69.7,80, , 
1998152N11075,1998,UNNAMED,1998-06-09 09:00:00,23.1,70.1,70, , 
1998152N11075,1998,UNNAMED,1998-06-09 12:00:00,23.6,70.6,60, , 
1998152N11075,1998,UNNAMED,1998-06-09 15:00:00,24.0,71.0, , , 
1998152N11075,1998,UNNAMED,1998-06-09 18:00:00,24.5,71.5, , , 
1998152N11075,1998,UNNAMED,1998-06-09 21:00:00,25.3,72.3, , , 
1998152N11075,1998,UNNAMED,1998-06-10 00:00:00,26.0,73.0, , , 
1998152N11075,1998,UNNAMED,1998-06-10 03:00:00,26.5,73.5, , , 
1998152N11075,1998,UNNAMED,1998-06-10 06:00:00,27.0,74.0, , , 
1998152N11075,1998,UNNAMED,1998-06-10 09:00:00,27.5,75.0, , , 
1998165N18088,1998,UNNAMED,1998-06-13 15:00:00,17.5,87.5, ,25,25
1998165N18088,1998,UNNAMED,1998-06-13 18:00:00,17.5,86.0, ,30,30
1998165N18088,1998,UNNAMED,1998-06-13 21:00:00,17.5,85.3, , ,30
1998165N18088,1998,UNNAMED,1998-06-14 00:00:00,17.5,85.0, ,30,30
1998165N18088,1998,UNNAMED,1998-06-14 03:00:00,17.5,84.5, ,30,30
1998165N18088,1998,UNNAMED,1998-06-14 06:00:00,17.5,83.5, ,30,30
1998165N18088,1998,UNNAMED,1998-06-14 09:00:00,17.4,83.2, , ,30
1998165N18088,1998,UNNAMED,1998-06-14 12:00:00,17.5,83.0, ,30,30
1998165N18088,1998,UNNAMED,1998-06-14 15:00:00,17.9,82.3, , , 
1998165N18088,1998,UNNAMED,1998-06-14 18:00:00,18.5,81.5, , , 
1998165N18088,1998,UNNAMED,1998-06-14 21:00:00,19.0,81.0, , , 
1998165N18088,1998,UNNAMED,1998-06-15 00:00:00,19.5,80.5, , , 
1998165N18088,1998,UNNAMED,1998-06-15 03:00:00,20.0,80.0, , , 
1998272N18068,1998,UNNAMED,1998-09-28 18:00:00,18.4,67.7,25, , 
1998272N18068,1998,UNNAMED,1998-09-28 21:00:00,18.4,67.6,25, , 
1998272N18068,1998,UNNAMED,1998-09-29 00:00:00,18.4,67.5,25, , 
1998272N18068,1998,UNNAMED,1998-09-29 03:00:00,18.4,67.4,25, , 
1998272N18068,1998,UNNAMED,1998-09-29 06:00:00,18.4,67.3,25, , 
1998272N18068,1998,UNNAMED,1998-09-29 09:00:00,18.4,67.1,25, , 
1998272N18068,1998,UNNAMED,1998-09-29 12:00:00,18.3,66.8,25, , 
1998272N18068,1998,UNNAMED,1998-09-29 15:00:00,18.2,66.6,28, , 
1998272N18068,1998,UNNAMED,1998-09-29 18:00:00,18.2,66.4,30, , 
1998272N18068,1998,UNNAMED,1998-09-29 21:00:00,18.2,66.1,33, , 
1998272N18068,1998,UNNAMED,1998-09-30 00:00:00,18.2,65.7,35, , 
1998272N18068,1998,UNNAMED,1998-09-30 03:00:00,18.2,65.2,35, , 
1998272N18068,1998,UNNAMED,1998-09-30 06:00:00,18.2,64.8,35, , 
1998272N18068,1998,UNNAMED,1998-09-30 09:00:00,18.2,64.5,35, , 
1998272N18068,1998,UNNAMED,1998-09-30 12:00:00,18.1,64.2,35, , 
1998272N18068,1998,UNNAMED,1998-09-30 15:00:00,18.0,63.9,33, , 
1998272N18068,1998,UNNAMED,1998-09-30 18:00:00,17.9,63.6,30, , 
1998272N18068,1998,UNNAMED,1998-09-30 21:00:00,17.8,63.4,30, , 
1998272N18068,1998,UNNAMED,1998-10-01 00:00:00,17.7,63.2,30, , 
1998280N14069,1998,UNNAMED,1998-10-06 12:00:00,14.0,69.0, ,25,25
1998280N14069,1998,UNNAMED,1998-10-06 15:00:00,14.0,69.0, , ,25
1998280N14069,1998,UNNAMED,1998-10-06 18:00:00,14.0,69.0, ,25,25
1998280N14069,1998,UNNAMED,1998-10-06 21:00:00,14.0,69.0, , ,25
1998280N14069,1998,UNNAMED,1998-10-07 00:00:00,14.0,69.0, ,25,25
1998280N14069,1998,UNNAMED,1998-10-07 03:00:00,14.0,69.0, ,25,25
1998280N14069,1998,UNNAMED,1998-10-07 06:00:00,14.0,68.0, ,25,25
1998280N14069,1998,UNNAMED,1998-10-07 09:00:00,14.0,67.8, , ,25
1998280N14069,1998,UNNAMED,1998-10-07 12:00:00,14.0,68.0, ,25,25
1998280N14069,1998,UNNAMED,1998-10-07 15:00:00,14.0,67.8, , ,25
1998280N14069,1998,UNNAMED,1998-10-07 18:00:00,14.0,67.5, ,25,25
1998280N14069,1998,UNNAMED,1998-10-07 21:00:00,14.0,67.2, , ,28
1998280N14069,1998,UNNAMED,1998-10-08 00:00:00,14.0,67.0, ,30,30
1998280N14069,1998,UNNAMED,1998-10-08 03:00:00,14.0,67.0, ,30,30
1998280N14069,1998,UNNAMED,1998-10-08 06:00:00,14.0,67.0, ,30,30
1998280N14069,1998,UNNAMED,1998-10-08 09:00:00,13.9,66.6, , ,30
1998280N14069,1998,UNNAMED,1998-10-08 12:00:00,14.0,66.0, ,30,30
1998280N14069,1998,UNNAMED,1998-10-08 15:00:00,14.5,65.8, , ,30
1998280N14069,1998,UNNAMED,1998-10-08 18:00:00,15.0,65.5, ,30,30
1998280N14069,1998,UNNAMED,1998-10-08 21:00:00,15.1,64.9, , ,30
1998280N14069,1998,UNNAMED,1998-10-09 00:00:00,15.0,64.5, ,30,30
1998280N14069,1998,UNNAMED,1998-10-09 03:00:00,15.0,64.5, ,30,30
1998280N14069,1998,UNNAMED,1998-10-09 06:00:00,15.0,64.0, ,30,30
1998280N14069,1998,UNNAMED,1998-10-09 09:00:00,15.0,63.7, , ,28
1998280N14069,1998,UNNAMED,1998-10-09 12:00:00,15.0,63.5, ,25,25
1998285N14068,1998,UNNAMED,1998-10-11 12:00:00,14.0,67.5, ,25,25
1998285N14068,1998,UNNAMED,1998-10-11 15:00:00,14.6,67.0, , ,25
1998285N14068,1998,UNNAMED,1998-10-11 18:00:00,15.0,66.5, ,25,25
1998285N14068,1998,UNNAMED,1998-10-11 21:00:00,15.2,66.1, , ,25
1998285N14068,1998,UNNAMED,1998-10-12 00:00:00,15.0,66.0, ,25,25
1998285N14068,1998,UNNAMED,1998-10-12 03:00:00,14.5,66.5, ,25,25
1998285N14068,1998,UNNAMED,1998-10-12 06:00:00,14.0,66.0, ,25,25
1998285N14068,1998,UNNAMED,1998-10-12 09:00:00,14.5,66.5, ,30,30
1998285N14068,1998,UNNAMED,1998-10-12 12:00:00,15.0,66.0, ,30,30
1998285N14068,1998,UNNAMED,1998-10-12 15:00:00,15.1,65.7, , ,30
1998285N14068,1998,UNNAMED,1998-10-12 18:00:00,15.0,65.5, ,30,30
1998285N14068,1998,UNNAMED,1998-10-12 21:00:00,14.9,65.6, , ,30
1998285N14068,1998,UNNAMED,1998-10-13 00:00:00,15.0,65.5, ,30,30
1998285N14068,1998,UNNAMED,1998-10-13 03:00:00,15.5,65.0, ,30,30
1998285N14068,1998,UNNAMED,1998-10-13 06:00:00,15.5,64.5, ,30,30
1998285N14068,1998,UNNAMED,1998-10-13 09:00:00,15.7,64.2, , ,28
1998285N14068,1998,UNNAMED,1998-10-13 12:00:00,16.0,64.0, ,25,25
1998285N14068,1998,UNNAMED,1998-10-13 15:00:00,16.0,64.0, , ,25
1998285N14068,1998,UNNAMED,1998-10-13 18:00:00,16.0,64.0, ,25,25
1998285N14068,1998,UNNAMED,1998-10-13 21:00:00,16.2,63.8, , ,25
1998285N14068,1998,UNNAMED,1998-10-14 00:00:00,16.5,63.5, ,25,25
1998285N14068,1998,UNNAMED,1998-10-14 03:00:00,17.0,63.0, ,25,25
1998285N14068,1998,UNNAMED,1998-10-14 06:00:00,17.0,62.5, ,25,25
1998285N14068,1998,UNNAMED,1998-10-14 09:00:00,17.3,62.2, , ,25
1998285N14068,1998,UNNAMED,1998-10-14 12:00:00,17.5,62.0, ,25,25
1998285N14068,1998,UNNAMED,1998-10-14 15:00:00,17.0,61.3, , ,25
1998285N14068,1998,UNNAMED,1998-10-14 18:00:00,16.5,61.0, ,25,25
1998285N14068,1998,UNNAMED,1998-10-14 21:00:00,16.5,61.6, , ,25
1998285N14068,1998,UNNAMED,1998-10-15 00:00:00,16.6,62.4,20,25,25
1998285N14068,1998,UNNAMED,1998-10-15 03:00:00,16.4,62.9,23,25,25
1998285N14068,1998,UNNAMED,1998-10-15 06:00:00,16.5,63.3,25,25,25
1998285N14068,1998,UNNAMED,1998-10-15 09:00:00,16.7,63.6,25, ,28
1998285N14068,1998,UNNAMED,1998-10-15 12:00:00,16.8,63.9,25,30,30
1998285N14068,1998,UNNAMED,1998-10-15 15:00:00,16.8,64.1,25, ,30
1998285N14068,1998,UNNAMED,1998-10-15 18:00:00,16.8,64.4,25,30,30
1998285N14068,1998,UNNAMED,1998-10-15 21:00:00,16.9,64.7,30, ,30
1998285N14068,1998,UNNAMED,1998-10-16 00:00:00,17.1,65.1,35,30,30
1998285N14068,1998,UNNAMED,1998-10-16 03:00:00,17.2,65.4,35,30,30
1998285N14068,1998,UNNAMED,1998-10-16 06:00:00,18.1,66.6,35,30,30
1998285N14068,1998,UNNAMED,1998-10-16 09:00:00,18.5,67.5,35, ,33
1998285N14068,1998,UNNAMED,1998-10-16 12:00:00,18.7,68.3,35,35,35
1998285N14068,1998,UNNAMED,1998-10-16 15:00:00,19.2,68.8,35, ,35
1998285N14068,1998,UNNAMED,1998-10-16 18:00:00,19.7,69.3,35,35,35
1998285N14068,1998,UNNAMED,1998-10-16 21:00:00,19.9,69.2,35, ,35
1998285N14068,1998,UNNAMED,1998-10-17 00:00:00,20.3,69.5,35,35,35
1998285N14068,1998,UNNAMED,1998-10-17 03:00:00,20.9,70.1,35, , 
1998285N14068,1998,UNNAMED,1998-10-17 06:00:00,20.7,69.5,35, , 
1998285N14068,1998,UNNAMED,1998-10-17 09:00:00,20.9,69.6,33, , 
1998285N14068,1998,UNNAMED,1998-10-17 12:00:00,21.1,69.7,30, , 
1998285N14068,1998,UNNAMED,1998-10-17 15:00:00,21.4,69.9,28, , 
1998285N14068,1998,UNNAMED,1998-10-17 18:00:00,21.6,70.2,25, , 
1998285N14068,1998,UNNAMED,1998-10-17 21:00:00,21.7,70.5,25, , 
1998285N14068,1998,UNNAMED,1998-10-18 00:00:00,21.8,70.7,25, , 
1998287N16083,1998,UNNAMED,1998-10-13 12:00:00,15.5,82.5, ,25,25
1998287N16083,1998,UNNAMED,1998-10-13 15:00:00,15.5,82.2, , ,28
1998287N16083,1998,UNNAMED,1998-10-13 18:00:00,15.5,82.0, ,30,30
1998287N16083,1998,UNNAMED,1998-10-13 21:00:00,15.5,82.0, , ,30
1998287N16083,1998,UNNAMED,1998-10-14 00:00:00,15.5,82.0, ,30,30
1998287N16083,1998,UNNAMED,1998-10-14 03:00:00,15.5,82.0, ,30,30
1998287N16083,1998,UNNAMED,1998-10-14 06:00:00,15.5,82.0, ,30,30
1998287N16083,1998,UNNAMED,1998-10-14 09:00:00,15.7,81.8, , ,30
1998287N16083,1998,UNNAMED,1998-10-14 12:00:00,16.0,81.5, ,30,30
1998287N16083,1998,UNNAMED,1998-10-14 15:00:00,16.5,81.5, , , 
1998287N16083,1998,UNNAMED,1998-10-14 18:00:00,17.0,81.5, , , 
1998287N16083,1998,UNNAMED,1998-10-14 21:00:00,17.5,81.3, , , 
1998287N16083,1998,UNNAMED,1998-10-15 00:00:00,18.0,81.0, , , 
1998299N11090,1998,UNNAMED,1998-10-26 09:00:00,11.0,90.0, ,25,25
1998299N11090,1998,UNNAMED,1998-10-26 12:00:00,11.5,88.5, ,25,25
1998299N11090,1998,UNNAMED,1998-10-26 15:00:00,11.8,88.0, , ,25
1998299N11090,1998,UNNAMED,1998-10-26 18:00:00,12.0,88.0, ,25,25
1998299N11090,1998,UNNAMED,1998-10-26 21:00:00,12.0,88.0, , ,25
1998299N11090,1998,UNNAMED,1998-10-27 00:00:00,12.0,88.0, ,25,25
1998299N11090,1998,UNNAMED,1998-10-27 03:00:00,12.0,88.0, ,25,25
1998299N11090,1998,UNNAMED,1998-10-27 06:00:00,12.5,87.0, ,25,25
1998299N11090,1998,UNNAMED,1998-10-27 09:00:00,12.8,86.9, , ,28
1998299N11090,1998,UNNAMED,1998-10-27 12:00:00,13.0,87.0, ,30,30
1998299N11090,1998,UNNAMED,1998-10-27 15:00:00,13.0,86.5, , ,30
1998299N11090,1998,UNNAMED,1998-10-27 18:00:00,13.0,86.0, ,30,30
1998299N11090,1998,UNNAMED,1998-10-27 21:00:00,13.0,85.8, , ,30
1998299N11090,1998,UNNAMED,1998-10-28 00:00:00,13.0,85.5, ,30,30
1998299N11090,1998,UNNAMED,1998-10-28 03:00:00,13.0,85.0, ,30,30
1998299N11090,1998,UNNAMED,1998-10-28 06:00:00,13.0,84.5, ,30,30
1998299N11090,1998,UNNAMED,1998-10-28 09:00:00,13.0,84.2, , ,30
1998299N11090,1998,UNNAMED,1998-10-28 12:00:00,13.0,84.0, ,30,30
1998299N11090,1998,UNNAMED,1998-10-28 15:00:00,13.0,83.8, , ,30
1998299N11090,1998,UNNAMED,1998-10-28 18:00:00,13.0,83.5, ,30,30
1998299N11090,1998,UNNAMED,1998-10-28 21:00:00,12.9,83.2, , ,30
1998299N11090,1998,UNNAMED,1998-10-29 00:00:00,13.0,83.0, ,30,30
1998299N11090,1998,UNNAMED,1998-10-29 03:00:00,13.5,83.0, ,30,30
1998299N11090,1998,UNNAMED,1998-10-29 06:00:00,13.8,83.0, ,30,30
1998299N11090,1998,UNNAMED,1998-10-29 09:00:00,14.0,82.5, ,25,25
1998317N11087,1998,UNNAMED,1998-11-13 00:00:00,11.4,87.3,20, , 
1998317N11087,1998,UNNAMED,1998-11-13 03:00:00,11.5,87.4,23, , 
1998317N11087,1998,UNNAMED,1998-11-13 06:00:00,11.7,87.5,25, , 
1998317N11087,1998,UNNAMED,1998-11-13 09:00:00,11.9,87.5,25, , 
1998317N11087,1998,UNNAMED,1998-11-13 12:00:00,12.3,87.4,25,25,25
1998317N11087,1998,UNNAMED,1998-11-13 15:00:00,12.5,87.3,28, , 
1998317N11087,1998,UNNAMED,1998-11-13 18:00:00,12.7,87.2,30, , 
1998317N11087,1998,UNNAMED,1998-11-13 21:00:00,12.9,87.0,35, , 
1998317N11087,1998,UNNAMED,1998-11-14 00:00:00,13.2,86.7,40, , 
1998317N11087,1998,UNNAMED,1998-11-14 03:00:00,13.7,86.3,48,30,30
1998317N11087,1998,UNNAMED,1998-11-14 06:00:00,14.2,85.9,55,30,30
1998317N11087,1998,UNNAMED,1998-11-14 09:00:00,14.4,85.7,60,35,35
1998317N11087,1998,UNNAMED,1998-11-14 12:00:00,14.8,85.3,65,45,45
1998317N11087,1998,UNNAMED,1998-11-14 15:00:00,15.1,85.0,68, ,50
1998317N11087,1998,UNNAMED,1998-11-14 18:00:00,15.3,84.8,70,55,55
1998317N11087,1998,UNNAMED,1998-11-14 21:00:00,15.5,84.5,70, ,55
1998317N11087,1998,UNNAMED,1998-11-15 00:00:00,15.8,84.2,70,55,55
1998317N11087,1998,UNNAMED,1998-11-15 03:00:00,16.2,83.8,73,65,65
1998317N11087,1998,UNNAMED,1998-11-15 06:00:00,16.7,83.4,75,77,77
1998317N11087,1998,UNNAMED,1998-11-15 09:00:00,17.1,83.2,80,65,65
1998317N11087,1998,UNNAMED,1998-11-15 12:00:00,17.7,82.9,85, , 
1998317N11087,1998,UNNAMED,1998-11-15 15:00:00,18.5,82.5,80, , 
1998317N11087,1998,UNNAMED,1998-11-15 18:00:00,19.5,82.2,75, , 
1998317N11087,1998,UNNAMED,1998-11-15 21:00:00,20.1,82.0,63, , 
1998317N11087,1998,UNNAMED,1998-11-16 00:00:00,20.6,82.0,50, , 
1998317N11087,1998,UNNAMED,1998-11-16 03:00:00,20.5,82.0, , , 
1998317N11087,1998,UNNAMED,1998-11-16 06:00:00,21.0,83.0, , , 
1998320N10102,1998,UNNAMED,1998-11-16 00:00:00,10.1,102.3,25, , 
1998320N10102,1998,UNNAMED,1998-11-16 03:00:00,10.2,101.8,25, , 
1998320N10102,1998,UNNAMED,1998-11-16 06:00:00,10.2,101.3,25, , 
1998320N10102,1998,UNNAMED,1998-11-16 09:00:00,10.2,100.9,25, , 
1998320N10102,1998,UNNAMED,1998-11-16 12:00:00,10.2,100.6,25, , 
1998320N10102,1998,UNNAMED,1998-11-16 15:00:00,10.2,100.3,25, , 
1998320N10102,1998,UNNAMED,1998-11-16 18:00:00,10.3,99.9,25, , 
1998320N10102,1998,UNNAMED,1998-11-16 21:00:00,10.3,99.5,25, , 
1998320N10102,1998,UNNAMED,1998-11-17 00:00:00,10.3,99.0,25, , 
1998320N10102,1998,UNNAMED,1998-11-17 03:00:00,10.4,98.5,25, , 
1998320N10102,1998,UNNAMED,1998-11-17 06:00:00,10.4,98.0,25, , 
1998320N10102,1998,UNNAMED,1998-11-17 09:00:00,10.4,97.6,25, , 
1998320N10102,1998,UNNAMED,1998-11-17 12:00:00,10.4,97.2,25, , 
1998320N10102,1998,UNNAMED,1998-11-17 15:00:00,10.4,96.8,25, , 
1998320N10102,1998,UNNAMED,1998-11-17 18:00:00,10.4,96.4,25, , 
1998320N10102,1998,UNNAMED,1998-11-17 21:00:00,10.4,95.9,25, , 
1998320N10102,1998,UNNAMED,1998-11-18 00:00:00,10.4,95.5,25, , 
1998320N10102,1998,UNNAMED,1998-11-18 03:00:00,10.4,95.1,25, , 
1998320N10102,1998,UNNAMED,1998-11-18 06:00:00,10.5,94.7,25, , 
1998320N10102,1998,UNNAMED,1998-11-18 09:00:00,10.5,94.4,25, , 
1998320N10102,1998,UNNAMED,1998-11-18 12:00:00,10.6,94.1,25, , 
1998320N10102,1998,UNNAMED,1998-11-18 15:00:00,10.8,93.7,25, , 
1998320N10102,1998,UNNAMED,1998-11-18 18:00:00,11.0,93.4,25, , 
1998320N10102,1998,UNNAMED,1998-11-18 21:00:00,11.2,93.1,25, , 
1998320N10102,1998,UNNAMED,1998-11-19 00:00:00,11.4,92.9,25, , 
1998320N10102,1998,UNNAMED,1998-11-19 03:00:00,11.7,92.6,25,25,25
1998320N10102,1998,UNNAMED,1998-11-19 06:00:00,11.9,92.3,25,25,25
1998320N10102,1998,UNNAMED,1998-11-19 09:00:00,12.2,91.9,25, ,28
1998320N10102,1998,UNNAMED,1998-11-19 12:00:00,12.5,91.4,25,30,30
1998320N10102,1998,UNNAMED,1998-11-19 15:00:00,12.7,91.1,25,30,30
1998320N10102,1998,UNNAMED,1998-11-19 18:00:00,12.9,90.6,25,30,30
1998320N10102,1998,UNNAMED,1998-11-19 21:00:00,13.4,89.8,30, ,30
1998320N10102,1998,UNNAMED,1998-11-20 00:00:00,14.0,89.0,35,30,30
1998320N10102,1998,UNNAMED,1998-11-20 03:00:00,14.5,88.5,45,35,35
1998320N10102,1998,UNNAMED,1998-11-20 06:00:00,15.0,88.1,55,35,35
1998320N10102,1998,UNNAMED,1998-11-20 09:00:00,15.4,88.0,55,35,35
1998320N10102,1998,UNNAMED,1998-11-20 12:00:00,15.6,88.0,55,45,45
1998320N10102,1998,UNNAMED,1998-11-20 15:00:00,15.9,87.9,55, ,45
1998320N10102,1998,UNNAMED,1998-11-20 18:00:00,16.2,87.9,55,45,45
1998320N10102,1998,UNNAMED,1998-11-20 21:00:00,16.4,87.7,55, ,45
1998320N10102,1998,UNNAMED,1998-11-21 00:00:00,16.7,87.6,55,45,45
1998320N10102,1998,UNNAMED,1998-11-21 03:00:00,17.1,87.4,58,55,55
1998320N10102,1998,UNNAMED,1998-11-21 06:00:00,17.6,87.4,60,55,55
1998320N10102,1998,UNNAMED,1998-11-21 09:00:00,18.1,87.3,63,55,55
1998320N10102,1998,UNNAMED,1998-11-21 12:00:00,18.9,87.4,65,65,65
1998320N10102,1998,UNNAMED,1998-11-21 15:00:00,19.2,87.4,65, ,65
1998320N10102,1998,UNNAMED,1998-11-21 18:00:00,19.5,87.5,65,65,65
1998320N10102,1998,UNNAMED,1998-11-21 21:00:00,19.7,87.6,70, ,65
1998320N10102,1998,UNNAMED,1998-11-22 00:00:00,20.1,87.9,75,65,65
1998320N10102,1998,UNNAMED,1998-11-22 03:00:00,20.7,88.2,65,60,60
1998320N10102,1998,UNNAMED,1998-11-22 06:00:00,21.1,88.6,55,55,55
1998320N10102,1998,UNNAMED,1998-11-22 09:00:00,21.5,89.0,48, , 
1998320N10102,1998,UNNAMED,1998-11-22 12:00:00,21.9,89.5,40, , 
1998320N10102,1998,UNNAMED,1998-11-22 15:00:00,22.1,89.9,38, , 
1998320N10102,1998,UNNAMED,1998-11-22 18:00:00,22.4,90.3,35, , 
1998320N10102,1998,UNNAMED,1998-11-22 21:00:00,22.7,90.5,35, , 
1998320N10102,1998,UNNAMED,1998-11-23 00:00:00,22.9,90.7,35, , 
1998320N10102,1998,UNNAMED,1998-11-23 03:00:00,23.0,90.5, , , 
1998343N08114,1998,GIL,1998-12-08 12:00:00,7.6,113.9,20, , 
1998343N08114,1998,GIL,1998-12-08 15:00:00,7.6,113.4,20, , 
1998343N08114,1998,GIL,1998-12-08 18:00:00,7.6,112.7,20, , 
1998343N08114,1998,GIL,1998-12-08 21:00:00,7.6,112.1,23, , 
1998343N08114,1998,GIL,1998-12-09 00:00:00,7.3,111.5,25, , 
1998343N08114,1998,GIL,1998-12-09 03:00:00,7.2,111.0,25, , 
1998343N08114,1998,GIL,1998-12-09 06:00:00,7.2,110.6,25, , 
1998343N08114,1998,GIL,1998-12-09 09:00:00,7.2,110.1,25, , 
1998343N08114,1998,GIL,1998-12-09 12:00:00,7.3,109.6,25, , 
1998343N08114,1998,GIL,1998-12-09 15:00:00,7.4,109.1,28, , 
1998343N08114,1998,GIL,1998-12-09 18:00:00,7.5,108.7,30,35, 
1998343N08114,1998,GIL,1998-12-09 21:00:00,7.6,108.3,30, , 
1998343N08114,1998,GIL,1998-12-10 00:00:00,7.7,108.0,30,40, 
1998343N08114,1998,GIL,1998-12-10 03:00:00,7.9,107.6,30, , 
1998343N08114,1998,GIL,1998-12-10 06:00:00,8.0,107.2,30,40, 
1998343N08114,1998,GIL,1998-12-10 09:00:00,8.1,106.7,30, , 
1998343N08114,1998,GIL,1998-12-10 12:00:00,8.1,106.3,30,40, 
1998343N08114,1998,GIL,1998-12-10 15:00:00,8.1,106.1,33, , 
1998343N08114,1998,GIL,1998-12-10 18:00:00,8.1,105.8,35,35, 
1998343N08114,1998,GIL,1998-12-10 21:00:00,8.1,105.4,35, , 
1998343N08114,1998,GIL,1998-12-11 00:00:00,8.1,105.0,35,35, 
1998343N08114,1998,GIL,1998-12-11 03:00:00,8.2,104.5,35, , 
1998343N08114,1998,GIL,1998-12-11 06:00:00,8.3,104.1,35, , 
1998343N08114,1998,GIL,1998-12-11 09:00:00,8.3,103.6,35, , 
1998343N08114,1998,GIL,1998-12-11 12:00:00,8.3,103.1,35, , 
1998343N08114,1998,GIL,1998-12-11 15:00:00,8.3,102.5,35, , 
1998343N08114,1998,GIL,1998-12-11 18:00:00,8.3,102.1,35, , 
1998343N08114,1998,GIL,1998-12-11 21:00:00,8.3,101.7,35, , 
1998343N08114,1998,GIL,1998-12-12 00:00:00,8.3,101.4,35, , 
1998343N08114,1998,GIL,1998-12-12 03:00:00,8.2,101.3,35, , 
1998343N08114,1998,GIL,1998-12-12 06:00:00,8.0,100.9,35, , 
1998343N08114,1998,GIL,1998-12-12 09:00:00,7.9,100.6,33, , 
1998343N08114,1998,GIL,1998-12-12 12:00:00,7.8,100.3,30, , 
1998343N08114,1998,GIL,1998-12-12 15:00:00,7.8,100.1,28, , 
1998343N08114,1998,GIL,1998-12-12 18:00:00,7.8,99.9,25, , 
1998343N08114,1998,GIL,1998-12-12 21:00:00,7.9,99.8,23, , 
1998343N08114,1998,GIL,1998-12-13 00:00:00,8.0,99.8,20, , 
1998346N10072,1998,UNNAMED,1998-12-11 18:00:00,10.3,71.9,20, , 
1998346N10072,1998,UNNAMED,1998-12-11 21:00:00,10.3,71.3,23, , 
1998346N10072,1998,UNNAMED,1998-12-12 00:00:00,10.3,70.8,25, , 
1998346N10072,1998,UNNAMED,1998-12-12 03:00:00,10.3,70.3,25, , 
1998346N10072,1998,UNNAMED,1998-12-12 06:00:00,10.3,69.9,25, , 
1998346N10072,1998,UNNAMED,1998-12-12 09:00:00,10.3,69.6,25, , 
1998346N10072,1998,UNNAMED,1998-12-12 12:00:00,10.3,69.3,25, , 
1998346N10072,1998,UNNAMED,1998-12-12 15:00:00,10.3,69.1,28, , 
1998346N10072,1998,UNNAMED,1998-12-12 18:00:00,10.4,68.9,30, , 
1998346N10072,1998,UNNAMED,1998-12-12 21:00:00,10.4,68.8,33, , 
1998346N10072,1998,UNNAMED,1998-12-13 00:00:00,10.6,68.6,35,25,25
1998346N10072,1998,UNNAMED,1998-12-13 03:00:00,10.8,68.4,40,30,30
1998346N10072,1998,UNNAMED,1998-12-13 06:00:00,11.0,68.2,45,35,35
1998346N10072,1998,UNNAMED,1998-12-13 09:00:00,11.2,67.9,45,35,35
1998346N10072,1998,UNNAMED,1998-12-13 12:00:00,11.5,67.6,45,35,35
1998346N10072,1998,UNNAMED,1998-12-13 15:00:00,11.8,67.4,48, ,35
1998346N10072,1998,UNNAMED,1998-12-13 18:00:00,12.1,67.4,50,35,35
1998346N10072,1998,UNNAMED,1998-12-13 21:00:00,12.2,67.4,53, ,35
1998346N10072,1998,UNNAMED,1998-12-14 00:00:00,12.4,67.4,55,35,35
1998346N10072,1998,UNNAMED,1998-12-14 03:00:00,12.8,67.3,58,45,45
1998346N10072,1998,UNNAMED,1998-12-14 06:00:00,13.1,67.2,60,45,45
1998346N10072,1998,UNNAMED,1998-12-14 09:00:00,13.5,67.0,60,55,55
1998346N10072,1998,UNNAMED,1998-12-14 12:00:00,14.0,66.9,60,55,55
1998346N10072,1998,UNNAMED,1998-12-14 15:00:00,14.5,66.8,60, ,55
1998346N10072,1998,UNNAMED,1998-12-14 18:00:00,14.9,66.8,60,55,55
1998346N10072,1998,UNNAMED,1998-12-14 21:00:00,15.2,66.8,60, ,55
1998346N10072,1998,UNNAMED,1998-12-15 00:00:00,15.6,66.6,60,55,55
1998346N10072,1998,UNNAMED,1998-12-15 03:00:00,16.3,66.0,63,55,55
1998346N10072,1998,UNNAMED,1998-12-15 06:00:00,16.7,65.7,65,55,55
1998346N10072,1998,UNNAMED,1998-12-15 09:00:00,16.7,65.4,65,55,55
1998346N10072,1998,UNNAMED,1998-12-15 12:00:00,17.1,65.0,65,55,55
1998346N10072,1998,UNNAMED,1998-12-15 15:00:00,17.3,64.6,65, ,55
1998346N10072,1998,UNNAMED,1998-12-15 18:00:00,17.4,64.3,65,55,55
1998346N10072,1998,UNNAMED,1998-12-15 21:00:00,17.6,64.0,55, ,55
1998346N10072,1998,UNNAMED,1998-12-16 00:00:00,17.8,63.5,45,55,55
1998346N10072,1998,UNNAMED,1998-12-16 03:00:00,18.0,62.7,43,45,45
1998346N10072,1998,UNNAMED,1998-12-16 06:00:00,18.3,62.0,40,35,35
1998346N10072,1998,UNNAMED,1998-12-16 09:00:00,18.2,61.4,40,30,30
1998346N10072,1998,UNNAMED,1998-12-16 12:00:00,18.5,60.7,40,25,25
1998346N10072,1998,UNNAMED,1998-12-16 15:00:00,18.7,60.1,40, ,25
1998346N10072,1998,UNNAMED,1998-12-16 18:00:00,18.8,59.8,40,25,25
1998346N10072,1998,UNNAMED,1998-12-16 21:00:00,18.8,59.3,38, ,25
1998346N10072,1998,UNNAMED,1998-12-17 00:00:00,18.7,58.9,35,25,25
1998346N10072,1998,UNNAMED,1998-12-17 03:00:00,18.7,58.3,35,25,25
1998346N10072,1998,UNNAMED,1998-12-17 06:00:00,18.7,57.4,35, , 
1998346N10072,1998,UNNAMED,1998-12-17 09:00:00,19.1,56.8,33, , 
1998346N10072,1998,UNNAMED,1998-12-17 12:00:00,19.5,56.3,30, , 
1998346N10072,1998,UNNAMED,1998-12-17 15:00:00,20.0,55.9,28, , 
1998346N10072,1998,UNNAMED,1998-12-17 18:00:00,20.4,55.5,25, , 
1999031N08092,1999,UNNAMED,1999-01-30 12:00:00,7.7,92.0,20, , 
1999031N08092,1999,UNNAMED,1999-01-30 15:00:00,7.8,91.9,23, , 
1999031N08092,1999,UNNAMED,1999-01-30 18:00:00,8.0,91.8,25, , 
1999031N08092,1999,UNNAMED,1999-01-30 21:00:00,8.2,91.5,25, , 
1999031N08092,1999,UNNAMED,1999-01-31 00:00:00,8.3,91.2,25, , 
1999031N08092,1999,UNNAMED,1999-01-31 03:00:00,8.4,90.9,25, , 
1999031N08092,1999,UNNAMED,1999-01-31 06:00:00,8.4,90.6,25, , 
1999031N08092,1999,UNNAMED,1999-01-31 09:00:00,8.4,90.3,25, , 
1999031N08092,1999,UNNAMED,1999-01-31 12:00:00,8.4,90.0,25, , 
1999031N08092,1999,UNNAMED,1999-01-31 15:00:00,8.4,89.6,25, , 
1999031N08092,1999,UNNAMED,1999-01-31 18:00:00,8.3,89.2,25, , 
1999031N08092,1999,UNNAMED,1999-01-31 21:00:00,8.2,88.8,25, , 
1999031N08092,1999,UNNAMED,1999-02-01 00:00:00,8.1,88.5,25, , 
1999031N08092,1999,UNNAMED,1999-02-01 03:00:00,8.3,88.3,25,25,25
1999031N08092,1999,UNNAMED,1999-02-01 06:00:00,8.4,88.0,25, ,25
1999031N08092,1999,UNNAMED,1999-02-01 09:00:00,8.5,87.8,25, ,25
1999031N08092,1999,UNNAMED,1999-02-01 12:00:00,8.6,87.5,25,25,25
1999031N08092,1999,UNNAMED,1999-02-01 15:00:00,8.7,87.2,25, , 
1999031N08092,1999,UNNAMED,1999-02-01 18:00:00,8.9,86.8,25, , 
1999031N08092,1999,UNNAMED,1999-02-01 21:00:00,9.1,86.5,25, , 
1999031N08092,1999,UNNAMED,1999-02-02 00:00:00,9.3,86.1,25, , 
1999031N08092,1999,UNNAMED,1999-02-02 03:00:00,9.4,85.7,30,25,25
1999031N08092,1999,UNNAMED,1999-02-02 06:00:00,9.6,85.4,35,30,30
1999031N08092,1999,UNNAMED,1999-02-02 09:00:00,9.7,85.3,35,30,30
1999031N08092,1999,UNNAMED,1999-02-02 12:00:00,10.0,85.0,35,30,30
1999031N08092,1999,UNNAMED,1999-02-02 15:00:00,10.4,84.8,35, ,33
1999031N08092,1999,UNNAMED,1999-02-02 18:00:00,10.7,84.9,35,35,35
1999031N08092,1999,UNNAMED,1999-02-02 21:00:00,10.9,85.1,35, ,43
1999031N08092,1999,UNNAMED,1999-02-03 00:00:00,11.1,85.3,35,50,50
1999031N08092,1999,UNNAMED,1999-02-03 03:00:00,11.1,85.3,38,50,50
1999031N08092,1999,UNNAMED,1999-02-03 06:00:00,11.4,85.3,40,35,35
1999031N08092,1999,UNNAMED,1999-02-03 09:00:00,11.5,85.2,40,30,30
1999031N08092,1999,UNNAMED,1999-02-03 12:00:00,11.4,85.3,40,25,25
1999031N08092,1999,UNNAMED,1999-02-03 15:00:00,11.4,85.1,38, ,25
1999031N08092,1999,UNNAMED,1999-02-03 18:00:00,11.3,84.7,35,25,25
1999031N08092,1999,UNNAMED,1999-02-03 21:00:00,11.2,84.3,35, , 
1999031N08092,1999,UNNAMED,1999-02-04 00:00:00,11.3,84.2,35, , 
1999031N08092,1999,UNNAMED,1999-02-04 03:00:00,11.4,84.1,35, , 
1999031N08092,1999,UNNAMED,1999-02-04 06:00:00,11.5,84.1,35, , 
1999031N08092,1999,UNNAMED,1999-02-04 09:00:00,11.7,84.0,30, , 
1999031N08092,1999,UNNAMED,1999-02-04 12:00:00,11.8,84.0,25, , 
1999031N08092,1999,UNNAMED,1999-02-04 15:00:00,11.9,84.0,28, , 
1999031N08092,1999,UNNAMED,1999-02-04 18:00:00,12.0,84.0,30, , 
1999135N12073,1999,UNNAMED,1999-05-15 00:00:00,12.0,72.5,25, , 
1999135N12073,1999,UNNAMED,1999-05-15 03:00:00,12.1,72.5,25, , 
1999135N12073,1999,UNNAMED,1999-05-15 06:00:00,12.1,72.5,25, , 
1999135N12073,1999,UNNAMED,1999-05-15 09:00:00,12.2,72.5,25, , 
1999135N12073,1999,UNNAMED,1999-05-15 12:00:00,12.2,72.5,25, , 
1999135N12073,1999,UNNAMED,1999-05-15 15:00:00,12.2,72.5,25, , 
1999135N12073,1999,UNNAMED,1999-05-15 18:00:00,12.3,72.5,25, , 
1999135N12073,1999,UNNAMED,1999-05-15 21:00:00,12.3,72.5,28, , 
1999135N12073,1999,UNNAMED,1999-05-16 00:00:00,12.4,72.4,30, , 
1999135N12073,1999,UNNAMED,1999-05-16 03:00:00,12.5,72.3,30, , 
1999135N12073,1999,UNNAMED,1999-05-16 06:00:00,12.6,72.2,30, , 
1999135N12073,1999,UNNAMED,1999-05-16 09:00:00,12.8,72.0,33, , 
1999135N12073,1999,UNNAMED,1999-05-16 12:00:00,13.0,71.8,35,25,25
1999135N12073,1999,UNNAMED,1999-05-16 15:00:00,13.2,71.5,35,25,25
1999135N12073,1999,UNNAMED,1999-05-16 18:00:00,13.4,71.3,35,25,25
1999135N12073,1999,UNNAMED,1999-05-16 21:00:00,13.6,71.1,40,30,30
1999135N12073,1999,UNNAMED,1999-05-17 00:00:00,14.0,70.7,45,30,30
1999135N12073,1999,UNNAMED,1999-05-17 03:00:00,14.7,70.2,55,35,35
1999135N12073,1999,UNNAMED,1999-05-17 06:00:00,15.1,69.9,65,45,45
1999135N12073,1999,UNNAMED,1999-05-17 09:00:00,15.2,69.4,68,55,55
1999135N12073,1999,UNNAMED,1999-05-17 12:00:00,15.4,69.3,70,64,64
1999135N12073,1999,UNNAMED,1999-05-17 15:00:00,15.7,68.9,80,64,64
1999135N12073,1999,UNNAMED,1999-05-17 18:00:00,16.2,68.6,90,64,64
1999135N12073,1999,UNNAMED,1999-05-17 21:00:00,16.3,68.4,90,64,64
1999135N12073,1999,UNNAMED,1999-05-18 00:00:00,16.8,68.3,90,80,80
1999135N12073,1999,UNNAMED,1999-05-18 03:00:00,17.3,67.7,93,80,80
1999135N12073,1999,UNNAMED,1999-05-18 06:00:00,18.0,67.6,95,90,90
1999135N12073,1999,UNNAMED,1999-05-18 09:00:00,18.1,67.5,98,90,90
1999135N12073,1999,UNNAMED,1999-05-18 12:00:00,18.7,67.4,100,105,105
1999135N12073,1999,UNNAMED,1999-05-18 15:00:00,18.9,67.4,103,105,105
1999135N12073,1999,UNNAMED,1999-05-18 18:00:00,19.3,67.4,105,105,105
1999135N12073,1999,UNNAMED,1999-05-18 21:00:00,20.0,67.3,108,105,105
1999135N12073,1999,UNNAMED,1999-05-19 00:00:00,20.4,67.3,110,105,105
1999135N12073,1999,UNNAMED,1999-05-19 03:00:00,20.9,67.3,110,105,105
1999135N12073,1999,UNNAMED,1999-05-19 06:00:00,21.1,67.3,110,105,105
1999135N12073,1999,UNNAMED,1999-05-19 09:00:00,21.2,67.3,110,105,105
1999135N12073,1999,UNNAMED,1999-05-19 12:00:00,21.7,67.4,110,105,105
1999135N12073,1999,UNNAMED,1999-05-19 15:00:00,22.1,67.5,110,105,105
1999135N12073,1999,UNNAMED,1999-05-19 18:00:00,22.5,67.6,110,105,105
1999135N12073,1999,UNNAMED,1999-05-19 21:00:00,22.9,67.6,110,105,105
1999135N12073,1999,UNNAMED,1999-05-20 00:00:00,23.2,67.7,110,105,105
1999135N12073,1999,UNNAMED,1999-05-20 03:00:00,23.4,68.3,110,105,105
1999135N12073,1999,UNNAMED,1999-05-20 06:00:00,23.7,68.4,110,105,105
1999135N12073,1999,UNNAMED,1999-05-20 09:00:00,24.0,68.2,105, , 
1999135N12073,1999,UNNAMED,1999-05-20 12:00:00,24.3,68.2,100, , 
1999135N12073,1999,UNNAMED,1999-05-20 15:00:00,24.4,68.4,100, , 
1999135N12073,1999,UNNAMED,1999-05-20 18:00:00,24.6,68.7,100, , 
1999135N12073,1999,UNNAMED,1999-05-20 21:00:00,24.7,68.9,95, , 
1999135N12073,1999,UNNAMED,1999-05-21 00:00:00,24.9,69.1,90, , 
1999135N12073,1999,UNNAMED,1999-05-21 03:00:00,24.9,69.2,78, , 
1999135N12073,1999,UNNAMED,1999-05-21 06:00:00,25.0,69.6,65, , 
1999135N12073,1999,UNNAMED,1999-05-21 09:00:00,25.2,69.9,60, , 
1999135N12073,1999,UNNAMED,1999-05-21 12:00:00,25.5,70.1,55, , 
1999135N12073,1999,UNNAMED,1999-05-21 15:00:00,25.8,70.3,55, , 
1999135N12073,1999,UNNAMED,1999-05-21 18:00:00,26.0,70.5,55, , 
1999135N12073,1999,UNNAMED,1999-05-21 21:00:00,26.2,70.8, , , 
1999135N12073,1999,UNNAMED,1999-05-22 00:00:00,26.5,71.0, , , 
1999135N12073,1999,UNNAMED,1999-05-22 03:00:00,27.0,71.0, , , 
1999135N12073,1999,UNNAMED,1999-05-22 06:00:00,27.3,72.0, , , 
1999135N12073,1999,UNNAMED,1999-05-22 09:00:00,27.4,72.3, , , 
1999135N12073,1999,UNNAMED,1999-05-22 12:00:00,27.5,72.0, , , 
1999159N18091,1999,UNNAMED,1999-06-08 06:00:00,18.5,91.4,20, , 
1999159N18091,1999,UNNAMED,1999-06-08 09:00:00,18.5,91.3,23, , 
1999159N18091,1999,UNNAMED,1999-06-08 12:00:00,18.5,91.2,25, , 
1999159N18091,1999,UNNAMED,1999-06-08 15:00:00,18.5,91.1,25, , 
1999159N18091,1999,UNNAMED,1999-06-08 18:00:00,18.5,91.0,25, , 
1999159N18091,1999,UNNAMED,1999-06-08 21:00:00,18.5,90.9,25, , 
1999159N18091,1999,UNNAMED,1999-06-09 00:00:00,18.6,90.9,25, , 
1999159N18091,1999,UNNAMED,1999-06-09 03:00:00,18.7,90.8,25, , 
1999159N18091,1999,UNNAMED,1999-06-09 06:00:00,18.9,90.7,25, , 
1999159N18091,1999,UNNAMED,1999-06-09 09:00:00,19.1,90.6,25, , 
1999159N18091,1999,UNNAMED,1999-06-09 12:00:00,19.3,90.5,25, , 
1999159N18091,1999,UNNAMED,1999-06-09 15:00:00,19.6,90.4,25, , 
1999159N18091,1999,UNNAMED,1999-06-09 18:00:00,19.9,90.3,25, , 
1999159N18091,1999,UNNAMED,1999-06-09 21:00:00,20.1,90.2,25, , 
1999159N18091,1999,UNNAMED,1999-06-10 00:00:00,20.3,90.0,25, , 
1999159N18091,1999,UNNAMED,1999-06-10 03:00:00,20.5,89.8,25, , 
1999159N18091,1999,UNNAMED,1999-06-10 06:00:00,20.7,89.5,25, , 
1999159N18091,1999,UNNAMED,1999-06-10 09:00:00,20.9,89.0,30, , 
1999159N18091,1999,UNNAMED,1999-06-10 12:00:00,21.1,88.4,35, , 
1999159N18091,1999,UNNAMED,1999-06-10 15:00:00,21.6,87.8,35, , 
1999159N18091,1999,UNNAMED,1999-06-10 18:00:00,22.1,87.2,35, , 
1999159N18091,1999,UNNAMED,1999-06-10 21:00:00,22.5,86.4,30, , 
1999159N18091,1999,UNNAMED,1999-06-11 00:00:00,22.9,85.8,25, , 
1999159N18091,1999,UNNAMED,1999-06-11 03:00:00,23.2,85.5,23, , 
1999159N18091,1999,UNNAMED,1999-06-11 06:00:00,23.5,85.3,20, , 
1999159N18091,1999,UNNAMED,1999-06-11 09:00:00,23.8,85.0,20, , 
1999159N18091,1999,UNNAMED,1999-06-11 12:00:00,24.2,84.8,20, , 
1999159N18091,1999,UNNAMED,1999-06-11 15:00:00,24.6,84.6,20, , 
1999159N18091,1999,UNNAMED,1999-06-11 18:00:00,25.0,84.4,20, , 
1999168N19086,1999,UNNAMED,1999-06-17 03:00:00,18.5,86.0, ,25,25
1999168N19086,1999,UNNAMED,1999-06-17 06:00:00,18.5,86.0, ,30,30
1999168N19086,1999,UNNAMED,1999-06-17 09:00:00,18.7,85.6, , ,30
1999168N19086,1999,UNNAMED,1999-06-17 12:00:00,19.0,85.0, ,30,30
1999168N19086,1999,UNNAMED,1999-06-17 15:00:00,19.3,84.7, , ,30
1999168N19086,1999,UNNAMED,1999-06-17 18:00:00,19.5,84.5, ,30,30
1999168N19086,1999,UNNAMED,1999-06-17 21:00:00,19.3,84.6, , , 
1999168N19086,1999,UNNAMED,1999-06-18 00:00:00,19.5,84.0, , , 
1999168N19086,1999,UNNAMED,1999-06-18 03:00:00,20.5,82.0, , , 
1999168N19086,1999,UNNAMED,1999-06-18 06:00:00,21.0,81.0, , , 
1999168N19086,1999,UNNAMED,1999-06-18 09:00:00,21.0,79.0, , , 
1999208N21089,1999,UNNAMED,1999-07-27 03:00:00,21.0,89.0, ,20,20
1999208N21089,1999,UNNAMED,1999-07-27 06:00:00,21.0,88.5, ,20,20
1999208N21089,1999,UNNAMED,1999-07-27 09:00:00,21.5,88.5, , ,23
1999208N21089,1999,UNNAMED,1999-07-27 12:00:00,22.0,88.5, ,25,25
1999208N21089,1999,UNNAMED,1999-07-27 15:00:00,22.0,88.0, , ,25
1999208N21089,1999,UNNAMED,1999-07-27 18:00:00,22.0,87.5, ,25,25
1999208N21089,1999,UNNAMED,1999-07-27 21:00:00,22.2,87.3, , ,25
1999208N21089,1999,UNNAMED,1999-07-28 00:00:00,22.5,87.0, ,25,25
1999208N21089,1999,UNNAMED,1999-07-28 03:00:00,23.0,86.5, , , 
1999208N21089,1999,UNNAMED,1999-07-28 06:00:00,23.0,84.5, , , 
1999208N21089,1999,UNNAMED,1999-07-28 09:00:00,23.2,84.2, , , 
1999208N21089,1999,UNNAMED,1999-07-28 12:00:00,23.5,84.5, , , 
1999208N21089,1999,UNNAMED,1999-07-28 15:00:00,23.5,84.1, , , 
1999208N21089,1999,UNNAMED,1999-07-28 18:00:00,23.5,83.5, , , 
1999208N21089,1999,UNNAMED,1999-07-28 21:00:00,23.7,82.8, , , 
1999208N21089,1999,UNNAMED,1999-07-29 00:00:00,24.0,82.0, , , 
1999208N21089,1999,UNNAMED,1999-07-29 03:00:00,24.5,81.0, , , 
1999208N21089,1999,UNNAMED,1999-07-29 06:00:00,25.0,80.0, , , 
1999219N21089,1999,UNNAMED,1999-08-06 12:00:00,21.0,88.5, ,20,20
1999219N21089,1999,UNNAMED,1999-08-06 15:00:00,20.9,88.5, , ,20
1999219N21089,1999,UNNAMED,1999-08-06 18:00:00,21.0,88.5, ,20,20
1999219N21089,1999,UNNAMED,1999-08-06 21:00:00,21.5,88.4, , ,20
1999219N21089,1999,UNNAMED,1999-08-07 00:00:00,22.1,88.1, , ,20
1999219N21089,1999,UNNAMED,1999-08-07 03:00:00,22.5,87.5, ,20,20
1999219N21089,1999,UNNAMED,1999-08-07 06:00:00,22.5,86.5, ,20,20
1999219N21089,1999,UNNAMED,1999-08-07 09:00:00,22.5,86.1, , ,20
1999219N21089,1999,UNNAMED,1999-08-07 12:00:00,22.5,86.0, ,20,20
1999219N21089,1999,UNNAMED,1999-08-07 15:00:00,22.5,86.0, , ,20
1999219N21089,1999,UNNAMED,1999-08-07 18:00:00,22.5,86.0, ,20,20
1999219N21089,1999,UNNAMED,1999-08-07 21:00:00,22.5,85.9, , ,20
1999219N21089,1999,UNNAMED,1999-08-08 00:00:00,22.5,85.6, , ,20
1999219N21089,1999,UNNAMED,1999-08-08 03:00:00,22.5,85.0, ,20,20
1999219N21089,1999,UNNAMED,1999-08-08 06:00:00,22.5,84.0, ,20,20
1999219N21089,1999,UNNAMED,1999-08-08 09:00:00,22.5,83.3, , ,20
1999219N21089,1999,UNNAMED,1999-08-08 12:00:00,22.5,83.0, ,20,20
1999219N21089,1999,UNNAMED,1999-08-08 15:00:00,22.4,83.0, , ,20
1999219N21089,1999,UNNAMED,1999-08-08 18:00:00,22.5,83.0, ,20,20
1999219N21089,1999,UNNAMED,1999-08-08 21:00:00,22.9,82.4, , ,20
1999219N21089,1999,UNNAMED,1999-08-09 00:00:00,23.5,81.5, ,20,20
1999288N15093,1999,UNNAMED,1999-10-15 00:00:00,14.5,92.7,20, , 
1999288N15093,1999,UNNAMED,1999-10-15 03:00:00,14.4,92.2,23,20,20
1999288N15093,1999,UNNAMED,1999-10-15 06:00:00,14.7,91.4,25,20,20
1999288N15093,1999,UNNAMED,1999-10-15 09:00:00,15.0,90.7,28, ,20
1999288N15093,1999,UNNAMED,1999-10-15 12:00:00,15.2,90.1,30,20,20
1999288N15093,1999,UNNAMED,1999-10-15 15:00:00,15.4,89.7,38, ,20
1999288N15093,1999,UNNAMED,1999-10-15 18:00:00,15.5,89.4,45,20,20
1999288N15093,1999,UNNAMED,1999-10-15 21:00:00,15.6,88.9,45,25,25
1999288N15093,1999,UNNAMED,1999-10-16 00:00:00,15.9,88.4,45,30,30
1999288N15093,1999,UNNAMED,1999-10-16 03:00:00,16.2,88.2,50,35,35
1999288N15093,1999,UNNAMED,1999-10-16 06:00:00,16.6,87.7,55,35,35
1999288N15093,1999,UNNAMED,1999-10-16 09:00:00,16.9,87.2,60,45,45
1999288N15093,1999,UNNAMED,1999-10-16 12:00:00,17.3,86.5,65,45,45
1999288N15093,1999,UNNAMED,1999-10-16 15:00:00,17.5,86.1,73,55,55
1999288N15093,1999,UNNAMED,1999-10-16 18:00:00,17.6,85.9,80,55,55
1999288N15093,1999,UNNAMED,1999-10-16 21:00:00,17.7,85.8,100,55,55
1999288N15093,1999,UNNAMED,1999-10-17 00:00:00,17.7,85.7,120,65,65
1999288N15093,1999,UNNAMED,1999-10-17 03:00:00,17.9,85.3,120,80,80
1999288N15093,1999,UNNAMED,1999-10-17 06:00:00,18.0,85.0,120,80,80
1999288N15093,1999,UNNAMED,1999-10-17 09:00:00,18.4,84.9,120,80,80
1999288N15093,1999,UNNAMED,1999-10-17 12:00:00,18.8,84.9,120,80,80
1999288N15093,1999,UNNAMED,1999-10-17 15:00:00,18.9,84.8,105,80,80
1999288N15093,1999,UNNAMED,1999-10-17 18:00:00,19.2,84.9,90,90,90
1999288N15093,1999,UNNAMED,1999-10-17 21:00:00,19.4,84.8,90, , 
1999288N15093,1999,UNNAMED,1999-10-18 00:00:00,19.8,84.8,90, , 
1999288N15093,1999,UNNAMED,1999-10-18 03:00:00,20.5,84.8,78, , 
1999288N15093,1999,UNNAMED,1999-10-18 06:00:00,20.8,84.8,65, , 
1999288N15093,1999,UNNAMED,1999-10-18 09:00:00,20.9,84.9,53, , 
1999288N15093,1999,UNNAMED,1999-10-18 12:00:00,21.7,86.1,40, , 
1999288N15093,1999,UNNAMED,1999-10-18 15:00:00,21.0,86.5, , , 
1999288N15093,1999,UNNAMED,1999-10-18 18:00:00,22.5,86.5, , , 
1999288N15093,1999,UNNAMED,1999-10-18 21:00:00,23.0,86.5, , , 
1999288N15093,1999,UNNAMED,1999-10-19 00:00:00,23.0,86.5, , , 
1999288N15093,1999,UNNAMED,1999-10-19 03:00:00,23.5,86.5, , , 
1999298N12099,1999,UNNAMED,1999-10-25 00:00:00,11.5,99.2,25, , 
1999298N12099,1999,UNNAMED,1999-10-25 03:00:00,11.7,98.5,25, , 
1999298N12099,1999,UNNAMED,1999-10-25 06:00:00,12.0,98.1,25,25,25
1999298N12099,1999,UNNAMED,1999-10-25 09:00:00,12.4,97.7,25,25,25
1999298N12099,1999,UNNAMED,1999-10-25 12:00:00,12.6,97.4,25,25,25
1999298N12099,1999,UNNAMED,1999-10-25 15:00:00,12.7,97.3,25, ,25
1999298N12099,1999,UNNAMED,1999-10-25 18:00:00,12.9,97.2,25,25,25
1999298N12099,1999,UNNAMED,1999-10-25 21:00:00,13.3,96.7,30, ,28
1999298N12099,1999,UNNAMED,1999-10-26 00:00:00,13.7,96.0,35,30,30
1999298N12099,1999,UNNAMED,1999-10-26 03:00:00,13.8,95.4,35,35,35
1999298N12099,1999,UNNAMED,1999-10-26 06:00:00,13.9,95.0,35,35,35
1999298N12099,1999,UNNAMED,1999-10-26 09:00:00,14.3,94.5,40,35,35
1999298N12099,1999,UNNAMED,1999-10-26 12:00:00,14.8,94.0,45,45,45
1999298N12099,1999,UNNAMED,1999-10-26 15:00:00,15.2,93.5,48,45,45
1999298N12099,1999,UNNAMED,1999-10-26 18:00:00,15.3,93.3,50,45,45
1999298N12099,1999,UNNAMED,1999-10-26 21:00:00,15.4,92.8,58,45,45
1999298N12099,1999,UNNAMED,1999-10-27 00:00:00,15.8,92.7,65,45,45
1999298N12099,1999,UNNAMED,1999-10-27 03:00:00,16.1,91.9,70,55,55
1999298N12099,1999,UNNAMED,1999-10-27 06:00:00,16.5,91.5,75,55,55
1999298N12099,1999,UNNAMED,1999-10-27 09:00:00,16.5,91.1,83,55,55
1999298N12099,1999,UNNAMED,1999-10-27 12:00:00,16.9,90.7,90,55,55
1999298N12099,1999,UNNAMED,1999-10-27 15:00:00,16.9,90.5,93,65,65
1999298N12099,1999,UNNAMED,1999-10-27 18:00:00,17.0,90.4,95,65,65
1999298N12099,1999,UNNAMED,1999-10-27 21:00:00,17.1,89.8,98,65,65
1999298N12099,1999,UNNAMED,1999-10-28 00:00:00,17.6,89.6,100,65,65
1999298N12099,1999,UNNAMED,1999-10-28 03:00:00,17.9,88.8,108,77,77
1999298N12099,1999,UNNAMED,1999-10-28 06:00:00,18.1,88.4,115,90,90
1999298N12099,1999,UNNAMED,1999-10-28 09:00:00,18.4,88.0,125,102,102
1999298N12099,1999,UNNAMED,1999-10-28 12:00:00,18.6,87.9,135,115,115
1999298N12099,1999,UNNAMED,1999-10-28 15:00:00,18.9,87.5,138,127,127
1999298N12099,1999,UNNAMED,1999-10-28 18:00:00,19.2,87.1,140,140,140
1999298N12099,1999,UNNAMED,1999-10-28 21:00:00,19.3,87.1,140,140,140
1999298N12099,1999,UNNAMED,1999-10-29 00:00:00,19.6,86.9,140,140,140
1999298N12099,1999,UNNAMED,1999-10-29 03:00:00,19.9,86.6,138,140,140
1999298N12099,1999,UNNAMED,1999-10-29 06:00:00,20.2,86.2,135,140,140
1999298N12099,1999,UNNAMED,1999-10-29 09:00:00,20.4,86.0,125, , 
1999298N12099,1999,UNNAMED,1999-10-29 12:00:00,20.4,86.0,115, , 
1999298N12099,1999,UNNAMED,1999-10-29 15:00:00,20.5,86.0,108, , 
1999298N12099,1999,UNNAMED,1999-10-29 18:00:00,20.6,86.0,100, , 
1999298N12099,1999,UNNAMED,1999-10-29 21:00:00,20.6,86.0,90, , 
1999298N12099,1999,UNNAMED,1999-10-30 00:00:00,20.6,86.0,80, , 
1999298N12099,1999,UNNAMED,1999-10-30 03:00:00,20.5,85.9,68, , 
1999298N12099,1999,UNNAMED,1999-10-30 06:00:00,20.5,85.9,55, , 
1999298N12099,1999,UNNAMED,1999-10-30 09:00:00,20.4,85.9,50, , 
1999298N12099,1999,UNNAMED,1999-10-30 12:00:00,20.4,85.9,45, , 
1999298N12099,1999,UNNAMED,1999-10-30 15:00:00,20.4,85.9,45, , 
1999298N12099,1999,UNNAMED,1999-10-30 18:00:00,20.3,86.0,45, , 
1999298N12099,1999,UNNAMED,1999-10-30 21:00:00,20.2,85.9,43, , 
1999298N12099,1999,UNNAMED,1999-10-31 00:00:00,20.1,85.9,40, , 
1999298N12099,1999,UNNAMED,1999-10-31 03:00:00,20.0,86.1,40, , 
1999298N12099,1999,UNNAMED,1999-10-31 06:00:00,19.6,85.9,40, , 
1999298N12099,1999,UNNAMED,1999-10-31 09:00:00,19.4,85.9,38, , 
1999298N12099,1999,UNNAMED,1999-10-31 12:00:00,19.2,85.8,35, , 
1999298N12099,1999,UNNAMED,1999-10-31 15:00:00,19.1,85.7,35, , 
1999298N12099,1999,UNNAMED,1999-10-31 18:00:00,19.0,85.6,35, , 
1999298N12099,1999,UNNAMED,1999-10-31 21:00:00,19.0,85.6,33, , 
1999298N12099,1999,UNNAMED,1999-11-01 00:00:00,18.9,85.5,30, , 
1999298N12099,1999,UNNAMED,1999-11-01 03:00:00,18.8,85.4,28, , 
1999298N12099,1999,UNNAMED,1999-11-01 06:00:00,18.6,85.3,25, , 
1999298N12099,1999,UNNAMED,1999-11-01 09:00:00,18.3,85.2,25, , 
1999298N12099,1999,UNNAMED,1999-11-01 12:00:00,17.9,85.1,25, , 
1999298N12099,1999,UNNAMED,1999-11-01 15:00:00,17.5,85.0,25, , 
1999298N12099,1999,UNNAMED,1999-11-01 18:00:00,17.0,84.9,25, , 
1999298N12099,1999,UNNAMED,1999-11-01 21:00:00,16.5,84.8,25, , 
1999298N12099,1999,UNNAMED,1999-11-02 00:00:00,16.1,84.8,25, , 
1999298N12099,1999,UNNAMED,1999-11-02 03:00:00,15.9,84.8,23, , 
1999298N12099,1999,UNNAMED,1999-11-02 06:00:00,15.9,84.7,20, , 
1999298N12099,1999,UNNAMED,1999-11-02 09:00:00,15.8,84.6,18, , 
1999298N12099,1999,UNNAMED,1999-11-02 12:00:00,15.8,84.5,15, , 
1999298N12099,1999,UNNAMED,1999-11-02 15:00:00,15.7,84.3,15, , 
1999298N12099,1999,UNNAMED,1999-11-02 18:00:00,15.7,84.1,15, , 
1999298N12099,1999,UNNAMED,1999-11-02 21:00:00,15.7,83.9,15, , 
1999298N12099,1999,UNNAMED,1999-11-03 00:00:00,15.8,83.7,15, , 
1999298N12099,1999,UNNAMED,1999-11-03 03:00:00,15.9,83.5,15, , 
1999298N12099,1999,UNNAMED,1999-11-03 06:00:00,16.0,83.3,15, , 
1999334N11118,1999,UNNAMED,1999-11-29 12:00:00,10.5,117.5,15, , 
1999334N11118,1999,UNNAMED,1999-11-29 15:00:00,10.6,117.0,15, , 
1999334N11118,1999,UNNAMED,1999-11-29 18:00:00,10.8,116.5,15, , 
1999334N11118,1999,UNNAMED,1999-11-29 21:00:00,11.0,115.8,15, , 
1999334N11118,1999,UNNAMED,1999-11-30 00:00:00,11.3,115.1,15, , 
1999334N11118,1999,UNNAMED,1999-11-30 03:00:00,11.5,114.4,18, , 
1999334N11118,1999,UNNAMED,1999-11-30 06:00:00,11.7,113.8,20, , 
1999334N11118,1999,UNNAMED,1999-11-30 09:00:00,11.7,113.3,20, , 
1999334N11118,1999,UNNAMED,1999-11-30 12:00:00,11.7,112.8,20, , 
1999334N11118,1999,UNNAMED,1999-11-30 15:00:00,11.6,112.4,20, , 
1999334N11118,1999,UNNAMED,1999-11-30 18:00:00,11.5,112.0,20, , 
1999334N11118,1999,UNNAMED,1999-11-30 21:00:00,11.4,111.6,25, , 
1999334N11118,1999,UNNAMED,1999-12-01 00:00:00,11.2,111.2,30, , 
1999334N11118,1999,UNNAMED,1999-12-01 03:00:00,11.0,110.9,30, , 
1999334N11118,1999,UNNAMED,1999-12-01 06:00:00,10.7,110.5,30, , 
1999334N11118,1999,UNNAMED,1999-12-01 09:00:00,10.3,110.1,30, , 
1999334N11118,1999,UNNAMED,1999-12-01 12:00:00,9.8,109.7,30, , 
1999334N11118,1999,UNNAMED,1999-12-01 15:00:00,9.2,109.3,28, , 
1999334N11118,1999,UNNAMED,1999-12-01 18:00:00,8.5,108.9,25, , 
1999334N11118,1999,UNNAMED,1999-12-01 21:00:00,7.8,108.5,25, , 
1999334N11118,1999,UNNAMED,1999-12-02 00:00:00,7.3,108.0,25, , 
1999334N11118,1999,UNNAMED,1999-12-02 03:00:00,6.9,107.5,25, , 
1999334N11118,1999,UNNAMED,1999-12-02 06:00:00,6.7,107.0,25, , 
1999334N11118,1999,UNNAMED,1999-12-02 09:00:00,6.7,106.5,25, , 
1999334N11118,1999,UNNAMED,1999-12-02 12:00:00,6.8,106.0,25, , 
1999334N11118,1999,UNNAMED,1999-12-02 15:00:00,6.9,105.6,25, , 
1999334N11118,1999,UNNAMED,1999-12-02 18:00:00,7.0,105.2,25, , 
1999334N11118,1999,UNNAMED,1999-12-02 21:00:00,7.1,104.9,28, , 
1999334N11118,1999,UNNAMED,1999-12-03 00:00:00,7.2,104.6,30, , 
1999334N11118,1999,UNNAMED,1999-12-03 03:00:00,7.3,104.3,30, , 
1999334N11118,1999,UNNAMED,1999-12-03 06:00:00,7.4,103.9,30, , 
1999334N11118,1999,UNNAMED,1999-12-03 09:00:00,7.6,103.4,28, , 
1999334N11118,1999,UNNAMED,1999-12-03 12:00:00,7.8,102.8,25, , 
1999334N11118,1999,UNNAMED,1999-12-03 15:00:00,8.0,102.1,25, , 
1999334N11118,1999,UNNAMED,1999-12-03 18:00:00,8.2,101.5,25, , 
1999334N11118,1999,UNNAMED,1999-12-03 21:00:00,8.5,101.0,25, , 
1999334N11118,1999,UNNAMED,1999-12-04 00:00:00,8.8,100.5,25, , 
1999334N11118,1999,UNNAMED,1999-12-04 03:00:00,9.2,100.0,25, , 
1999334N11118,1999,UNNAMED,1999-12-04 06:00:00,9.6,99.7,25, , 
1999334N11118,1999,UNNAMED,1999-12-04 09:00:00,9.7,99.5,25, , 
1999334N11118,1999,UNNAMED,1999-12-04 12:00:00,9.8,99.4,25, , 
1999334N11118,1999,UNNAMED,1999-12-04 15:00:00,9.9,99.3,25, , 
1999334N11118,1999,UNNAMED,1999-12-04 18:00:00,10.1,99.1,25, , 
1999334N11118,1999,UNNAMED,1999-12-04 21:00:00,10.4,98.8,23, , 
1999334N11118,1999,UNNAMED,1999-12-05 00:00:00,10.8,98.3,20, , 
1999334N11118,1999,UNNAMED,1999-12-05 03:00:00,11.3,97.7,20, , 
1999334N11118,1999,UNNAMED,1999-12-05 06:00:00,11.9,97.1,20, , 
1999342N10089,1999,UNNAMED,1999-12-08 06:00:00,9.5,88.5, ,15,15
1999342N10089,1999,UNNAMED,1999-12-08 09:00:00,9.5,88.0, ,15,15
1999342N10089,1999,UNNAMED,1999-12-08 11:30:00,10.5,87.5, ,25,25
1999342N10089,1999,UNNAMED,1999-12-08 12:00:00,10.6,87.5, , ,25
1999342N10089,1999,UNNAMED,1999-12-08 15:00:00,10.5,87.5, ,25,25
1999342N10089,1999,UNNAMED,1999-12-08 18:00:00,10.5,87.0, ,25,25
1999342N10089,1999,UNNAMED,1999-12-08 21:00:00,10.5,87.0, ,25,25
1999342N10089,1999,UNNAMED,1999-12-09 00:00:00,10.5,86.3, , ,25
1999342N10089,1999,UNNAMED,1999-12-09 03:00:00,10.5,85.5, ,25,25
1999342N10089,1999,UNNAMED,1999-12-09 06:00:00,10.5,85.0, ,25,25
1999342N10089,1999,UNNAMED,1999-12-09 09:00:00,10.5,85.0, ,25,25
1999342N10089,1999,UNNAMED,1999-12-09 12:00:00,10.5,85.0, ,25,25
1999342N10089,1999,UNNAMED,1999-12-09 15:00:00,10.5,85.0, , ,25
1999342N10089,1999,UNNAMED,1999-12-09 18:00:00,10.5,85.0, ,25,25
1999342N10089,1999,UNNAMED,1999-12-09 21:00:00,10.5,85.0, ,25,25
1999342N10089,1999,UNNAMED,1999-12-10 00:00:00,11.0,84.5, ,25,25
1999342N10089,1999,UNNAMED,1999-12-10 03:00:00,11.0,84.5, ,25,25
1999342N10089,1999,UNNAMED,1999-12-10 06:00:00,11.0,84.0, ,25,25
1999342N10089,1999,UNNAMED,1999-12-10 09:00:00,11.0,84.0, ,25,25
2000088N08090,2000,UNNAMED,2000-03-27 12:00:00,7.5,90.0, ,25,25
2000088N08090,2000,UNNAMED,2000-03-27 15:00:00,8.0,89.4, , ,25
2000088N08090,2000,UNNAMED,2000-03-27 18:00:00,8.5,89.0, ,25,25
2000088N08090,2000,UNNAMED,2000-03-27 21:00:00,9.0,89.0, , ,25
2000088N08090,2000,UNNAMED,2000-03-28 00:00:00,9.5,89.0, ,25,25
2000088N08090,2000,UNNAMED,2000-03-28 03:00:00,10.0,88.5, ,25,25
2000088N08090,2000,UNNAMED,2000-03-28 06:00:00,10.7,88.2, , ,25
2000088N08090,2000,UNNAMED,2000-03-28 09:00:00,11.5,88.0, , ,25
2000088N08090,2000,UNNAMED,2000-03-28 12:00:00,12.0,88.0, ,25,25
2000088N08090,2000,UNNAMED,2000-03-28 15:00:00,12.0,88.0, , ,25
2000088N08090,2000,UNNAMED,2000-03-28 18:00:00,12.0,88.0, ,25,25
2000088N08090,2000,UNNAMED,2000-03-28 21:00:00,12.2,88.0, , ,25
2000088N08090,2000,UNNAMED,2000-03-29 00:00:00,12.5,88.0, ,25,25
2000088N08090,2000,UNNAMED,2000-03-29 03:00:00,13.0,88.0, ,30,30
2000088N08090,2000,UNNAMED,2000-03-29 06:00:00,13.5,88.0, ,30,30
2000088N08090,2000,UNNAMED,2000-03-29 09:00:00,13.7,88.2, , ,33
2000088N08090,2000,UNNAMED,2000-03-29 12:00:00,14.0,88.5, ,35,35
2000088N08090,2000,UNNAMED,2000-03-29 15:00:00,14.5,89.0, ,35,35
2000088N08090,2000,UNNAMED,2000-03-29 18:00:00,15.0,89.5, ,35,35
2000088N08090,2000,UNNAMED,2000-03-29 21:00:00,15.0,89.5, ,45,45
2000088N08090,2000,UNNAMED,2000-03-30 00:00:00,15.0,89.5, ,45,45
2000088N08090,2000,UNNAMED,2000-03-30 03:00:00,15.5,90.0, ,45,45
2000088N08090,2000,UNNAMED,2000-03-30 06:00:00,15.5,90.0, ,35,35
2000088N08090,2000,UNNAMED,2000-03-30 09:00:00,15.0,90.0, ,30,30
2000088N08090,2000,UNNAMED,2000-03-30 12:00:00,16.0,90.5, ,25,25
2000236N17084,2000,UNNAMED,2000-08-23 03:00:00,16.5,83.5, ,25,25
2000236N17084,2000,UNNAMED,2000-08-23 06:00:00,16.5,83.0, ,25,25
2000236N17084,2000,UNNAMED,2000-08-23 09:00:00,16.4,82.7, , ,25
2000236N17084,2000,UNNAMED,2000-08-23 12:00:00,16.5,82.5, ,25,25
2000236N17084,2000,UNNAMED,2000-08-23 15:00:00,17.0,82.4, , ,25
2000236N17084,2000,UNNAMED,2000-08-23 18:00:00,17.5,82.0, ,25,25
2000236N17084,2000,UNNAMED,2000-08-23 21:00:00,17.8,81.0, , ,25
2000236N17084,2000,UNNAMED,2000-08-24 00:00:00,18.0,79.5, ,25,25
2000289N15089,2000,UNNAMED,2000-10-14 18:00:00,14.7,89.0,25, , 
2000289N15089,2000,UNNAMED,2000-10-14 21:00:00,14.7,88.7,25, , 
2000289N15089,2000,UNNAMED,2000-10-15 00:00:00,14.6,88.4,25,25,25
2000289N15089,2000,UNNAMED,2000-10-15 03:00:00,14.5,88.2,25,25,25
2000289N15089,2000,UNNAMED,2000-10-15 06:00:00,14.5,87.8,25,25,25
2000289N15089,2000,UNNAMED,2000-10-15 09:00:00,14.5,87.4,25, ,25
2000289N15089,2000,UNNAMED,2000-10-15 12:00:00,14.5,87.1,25,25,25
2000289N15089,2000,UNNAMED,2000-10-15 15:00:00,14.4,86.7,25, ,28
2000289N15089,2000,UNNAMED,2000-10-15 18:00:00,14.4,86.5,25,30,30
2000289N15089,2000,UNNAMED,2000-10-15 21:00:00,14.4,86.3,30, ,30
2000289N15089,2000,UNNAMED,2000-10-16 00:00:00,14.4,86.2,35,30,30
2000289N15089,2000,UNNAMED,2000-10-16 03:00:00,14.3,85.9,35,30,30
2000289N15089,2000,UNNAMED,2000-10-16 06:00:00,14.3,85.5,35,30,30
2000289N15089,2000,UNNAMED,2000-10-16 09:00:00,14.3,85.2,35, ,30
2000289N15089,2000,UNNAMED,2000-10-16 12:00:00,14.3,85.1,35,30,30
2000289N15089,2000,UNNAMED,2000-10-16 15:00:00,14.1,85.0,35, ,30
2000289N15089,2000,UNNAMED,2000-10-16 18:00:00,14.0,84.9,35,30,30
2000289N15089,2000,UNNAMED,2000-10-16 21:00:00,14.0,84.7,35, ,33
2000289N15089,2000,UNNAMED,2000-10-17 00:00:00,14.0,84.5,35,35,35
2000289N15089,2000,UNNAMED,2000-10-17 03:00:00,14.0,84.4,35,35,35
2000289N15089,2000,UNNAMED,2000-10-17 06:00:00,14.0,84.3,35,35,35
2000289N15089,2000,UNNAMED,2000-10-17 09:00:00,14.0,84.0,33,35,35
2000289N15089,2000,UNNAMED,2000-10-17 12:00:00,14.1,84.0,30,35,35
2000289N15089,2000,UNNAMED,2000-10-17 15:00:00,14.1,83.9,30,35,35
2000289N15089,2000,UNNAMED,2000-10-17 18:00:00,14.2,83.9,30,35,35
2000289N15089,2000,UNNAMED,2000-10-17 21:00:00,14.2,83.8,30,35,35
2000289N15089,2000,UNNAMED,2000-10-18 00:00:00,14.6,83.5,30,35,35
2000289N15089,2000,UNNAMED,2000-10-18 03:00:00,14.4,83.4,30,30,30
2000289N15089,2000,UNNAMED,2000-10-18 06:00:00,14.4,83.3,30,30,30
2000289N15089,2000,UNNAMED,2000-10-18 09:00:00,14.5,83.1,28, ,30
2000289N15089,2000,UNNAMED,2000-10-18 12:00:00,14.5,82.9,25,30,30
2000289N15089,2000,UNNAMED,2000-10-18 15:00:00,14.6,82.6,25, ,28
2000289N15089,2000,UNNAMED,2000-10-18 18:00:00,14.7,82.4,25,25,25
2000289N15089,2000,UNNAMED,2000-10-18 21:00:00,14.6,82.3, , ,25
2000289N15089,2000,UNNAMED,2000-10-19 00:00:00,14.5,82.1, , ,25
2000289N15089,2000,UNNAMED,2000-10-19 03:00:00,14.5,82.0, ,25,25
2000289N15089,2000,UNNAMED,2000-10-19 06:00:00,14.5,82.0, ,25,25
2000299N13093,2000,UNNAMED,2000-10-25 09:00:00,13.5,93.0, ,25,25
2000299N13093,2000,UNNAMED,2000-10-25 12:00:00,14.0,92.5, ,25,25
2000299N13093,2000,UNNAMED,2000-10-25 15:00:00,14.3,92.2, , ,25
2000299N13093,2000,UNNAMED,2000-10-25 18:00:00,14.8,91.6,25,25,25
2000299N13093,2000,UNNAMED,2000-10-25 21:00:00,15.2,91.1,25, ,25
2000299N13093,2000,UNNAMED,2000-10-26 00:00:00,15.6,90.6,25,25,25
2000299N13093,2000,UNNAMED,2000-10-26 03:00:00,15.9,89.7,28,25,25
2000299N13093,2000,UNNAMED,2000-10-26 06:00:00,16.4,89.5,30,25,25
2000299N13093,2000,UNNAMED,2000-10-26 09:00:00,16.5,89.1,30, ,25
2000299N13093,2000,UNNAMED,2000-10-26 12:00:00,16.5,88.7,30,25,25
2000299N13093,2000,UNNAMED,2000-10-26 15:00:00,16.7,88.5,30, ,25
2000299N13093,2000,UNNAMED,2000-10-26 18:00:00,17.0,88.4,30,25,25
2000299N13093,2000,UNNAMED,2000-10-26 21:00:00,17.3,88.2,30, ,25
2000299N13093,2000,UNNAMED,2000-10-27 00:00:00,17.7,88.1,30,25,25
2000299N13093,2000,UNNAMED,2000-10-27 03:00:00,18.2,88.2,30,30,30
2000299N13093,2000,UNNAMED,2000-10-27 06:00:00,18.7,88.3,30,30,30
2000299N13093,2000,UNNAMED,2000-10-27 09:00:00,18.9,88.3,30, ,30
2000299N13093,2000,UNNAMED,2000-10-27 12:00:00,19.3,88.4,30,30,30
2000299N13093,2000,UNNAMED,2000-10-27 15:00:00,19.8,88.4,33, ,33
2000299N13093,2000,UNNAMED,2000-10-27 18:00:00,20.4,88.5,35,35,35
2000299N13093,2000,UNNAMED,2000-10-27 21:00:00,21.0,88.5,35,35,35
2000299N13093,2000,UNNAMED,2000-10-28 00:00:00,21.6,89.0,35,35,35
2000299N13093,2000,UNNAMED,2000-10-28 03:00:00,22.5,89.1,28,30,30
2000299N13093,2000,UNNAMED,2000-10-28 06:00:00,23.1,89.6,20,30,30
2000299N13093,2000,UNNAMED,2000-10-28 09:00:00,23.3,89.9, , ,28
2000299N13093,2000,UNNAMED,2000-10-28 12:00:00,23.5,90.5, ,25,25
2000299N13093,2000,UNNAMED,2000-10-28 15:00:00,23.8,91.7, , ,25
2000299N13093,2000,UNNAMED,2000-10-28 18:00:00,24.0,93.0, ,25,25
2000299N13093,2000,UNNAMED,2000-10-28 21:00:00,24.0,93.7, , ,25
2000299N13093,2000,UNNAMED,2000-10-29 00:00:00,24.0,94.0, ,25,25
2000331N09092,2000,UNNAMED,2000-11-26 03:00:00,8.5,91.5, ,25,25
2000331N09092,2000,UNNAMED,2000-11-26 06:00:00,9.3,90.8,30,25,25
2000331N09092,2000,UNNAMED,2000-11-26 09:00:00,9.3,90.9,33,25,25
2000331N09092,2000,UNNAMED,2000-11-26 12:00:00,9.7,89.8,35,25,25
2000331N09092,2000,UNNAMED,2000-11-26 15:00:00,9.8,89.9,35,30,30
2000331N09092,2000,UNNAMED,2000-11-26 18:00:00,9.9,89.6,35,30,30
2000331N09092,2000,UNNAMED,2000-11-26 21:00:00,10.1,88.9,35, ,30
2000331N09092,2000,UNNAMED,2000-11-27 00:00:00,10.4,88.1,35,30,30
2000331N09092,2000,UNNAMED,2000-11-27 03:00:00,10.8,87.5,40,30,30
2000331N09092,2000,UNNAMED,2000-11-27 06:00:00,10.9,87.0,45,30,30
2000331N09092,2000,UNNAMED,2000-11-27 09:00:00,10.9,86.4,45,35,35
2000331N09092,2000,UNNAMED,2000-11-27 12:00:00,11.0,85.9,45,45,45
2000331N09092,2000,UNNAMED,2000-11-27 15:00:00,11.0,85.3,48,45,45
2000331N09092,2000,UNNAMED,2000-11-27 18:00:00,11.1,84.8,50,45,45
2000331N09092,2000,UNNAMED,2000-11-27 21:00:00,11.2,84.3,53,45,45
2000331N09092,2000,UNNAMED,2000-11-28 00:00:00,11.5,83.8,55,55,55
2000331N09092,2000,UNNAMED,2000-11-28 03:00:00,11.6,83.3,55,55,55
2000331N09092,2000,UNNAMED,2000-11-28 06:00:00,11.5,82.8,55,65,65
2000331N09092,2000,UNNAMED,2000-11-28 09:00:00,11.5,82.3,60,65,65
2000331N09092,2000,UNNAMED,2000-11-28 12:00:00,11.5,82.0,65,77,77
2000331N09092,2000,UNNAMED,2000-11-28 15:00:00,11.5,81.7,65,90,90
2000331N09092,2000,UNNAMED,2000-11-28 18:00:00,11.5,81.5,65,102,102
2000331N09092,2000,UNNAMED,2000-11-28 21:00:00,11.5,81.1,65,102,102
2000331N09092,2000,UNNAMED,2000-11-29 00:00:00,11.5,80.9,65,90,90
2000331N09092,2000,UNNAMED,2000-11-29 03:00:00,11.5,80.5,65,90,90
2000331N09092,2000,UNNAMED,2000-11-29 06:00:00,11.6,80.4,65,77,77
2000331N09092,2000,UNNAMED,2000-11-29 09:00:00,11.6,80.0,65,77,77
2000331N09092,2000,UNNAMED,2000-11-29 12:00:00,11.6,79.9,65,55,55
2000331N09092,2000,UNNAMED,2000-11-29 15:00:00,11.4,79.3,60, ,50
2000331N09092,2000,UNNAMED,2000-11-29 18:00:00,11.3,78.6,55,45,45
2000331N09092,2000,UNNAMED,2000-11-29 21:00:00,11.3,78.3,50, ,40
2000331N09092,2000,UNNAMED,2000-11-30 00:00:00,11.4,78.1,45, ,35
2000331N09092,2000,UNNAMED,2000-11-30 03:00:00,11.4,77.7,40,30,30
2000331N09092,2000,UNNAMED,2000-11-30 06:00:00,11.4,77.2,35,25,25
2000331N09092,2000,UNNAMED,2000-11-30 09:00:00,11.5,76.9,33, , 
2000331N09092,2000,UNNAMED,2000-11-30 12:00:00,11.5,76.5,30, , 
2000331N09092,2000,UNNAMED,2000-11-30 15:00:00,11.5,76.1,28, , 
2000331N09092,2000,UNNAMED,2000-11-30 18:00:00,11.5,75.7,25, , 
2000331N09092,2000,UNNAMED,2000-11-30 21:00:00,11.5,75.4,28, , 
2000331N09092,2000,UNNAMED,2000-12-01 00:00:00,11.5,75.1,30, , 
2000331N09092,2000,UNNAMED,2000-12-01 03:00:00,11.5,74.7,30, , 
2000331N09092,2000,UNNAMED,2000-12-01 06:00:00,11.6,74.4,30, , 
2000331N09092,2000,UNNAMED,2000-12-01 09:00:00,11.6,74.1,28, , 
2000331N09092,2000,UNNAMED,2000-12-01 12:00:00,11.7,73.9,25, , 
2000331N09092,2000,UNNAMED,2000-12-01 15:00:00,11.7,73.6,28, , 
2000331N09092,2000,UNNAMED,2000-12-01 18:00:00,11.8,73.2,30, , 
2000331N09092,2000,UNNAMED,2000-12-01 21:00:00,11.9,72.8,30, , 
2000331N09092,2000,UNNAMED,2000-12-02 00:00:00,11.9,72.2,30, , 
2000331N09092,2000,UNNAMED,2000-12-02 03:00:00,11.9,71.3,30, , 
2000331N09092,2000,UNNAMED,2000-12-02 06:00:00,11.8,70.4,30, , 
2000331N09092,2000,UNNAMED,2000-12-02 09:00:00,11.7,70.0,30, , 
2000331N09092,2000,UNNAMED,2000-12-02 12:00:00,11.7,69.8,30, , 
2000331N09092,2000,UNNAMED,2000-12-02 15:00:00,11.7,69.4,30, , 
2000331N09092,2000,UNNAMED,2000-12-02 18:00:00,11.6,69.0,30, , 
2000331N09092,2000,UNNAMED,2000-12-02 21:00:00,11.4,68.8,30, , 
2000331N09092,2000,UNNAMED,2000-12-03 00:00:00,11.3,68.5,30, , 
2000331N09092,2000,UNNAMED,2000-12-03 03:00:00,11.2,67.7,33, , 
2000331N09092,2000,UNNAMED,2000-12-03 06:00:00,11.2,66.8,35, , 
2000331N09092,2000,UNNAMED,2000-12-03 09:00:00,11.2,66.2,35, , 
2000331N09092,2000,UNNAMED,2000-12-03 12:00:00,11.2,65.7,35, , 
2000331N09092,2000,UNNAMED,2000-12-03 15:00:00,11.0,65.1,33, , 
2000331N09092,2000,UNNAMED,2000-12-03 18:00:00,10.8,64.4,30, , 
2000331N09092,2000,UNNAMED,2000-12-03 21:00:00,10.9,63.8,30, , 
2000331N09092,2000,UNNAMED,2000-12-04 00:00:00,11.0,63.2,30, , 
2000331N09092,2000,UNNAMED,2000-12-04 03:00:00,10.7,62.6,30, , 
2000331N09092,2000,UNNAMED,2000-12-04 06:00:00,10.3,61.9,30, , 
2000331N09092,2000,UNNAMED,2000-12-04 09:00:00,10.1,61.2,28, , 
2000331N09092,2000,UNNAMED,2000-12-04 12:00:00,9.9,60.6,25, , 
2000331N09092,2000,UNNAMED,2000-12-04 15:00:00,9.7,60.0,25, , 
2000331N09092,2000,UNNAMED,2000-12-04 18:00:00,9.6,59.4,25, , 
2000331N09092,2000,UNNAMED,2000-12-04 21:00:00,9.5,58.9,25, , 
2000331N09092,2000,UNNAMED,2000-12-05 00:00:00,9.5,58.4,25, , 
2000331N09092,2000,UNNAMED,2000-12-05 03:00:00,9.4,57.9,25, , 
2000331N09092,2000,UNNAMED,2000-12-05 06:00:00,9.3,57.5,25, , 
2000331N09092,2000,UNNAMED,2000-12-05 09:00:00,9.2,57.1,25, , 
2000331N09092,2000,UNNAMED,2000-12-05 12:00:00,9.1,56.6,25, , 
2000331N09092,2000,UNNAMED,2000-12-05 15:00:00,8.9,56.1,25, , 
2000331N09092,2000,UNNAMED,2000-12-05 18:00:00,8.6,55.6,25, , 
2000331N09092,2000,UNNAMED,2000-12-05 21:00:00,8.3,55.0,25, , 
2000331N09092,2000,UNNAMED,2000-12-06 00:00:00,8.0,54.5,25, , 
2000358N08086,2000,UNNAMED,2000-12-23 03:00:00,8.0,86.0, ,25,25
2000358N08086,2000,UNNAMED,2000-12-23 06:00:00,7.8,85.8,30,25,25
2000358N08086,2000,UNNAMED,2000-12-23 09:00:00,7.8,85.4,30, ,25
2000358N08086,2000,UNNAMED,2000-12-23 12:00:00,7.8,85.0,30,25,25
2000358N08086,2000,UNNAMED,2000-12-23 15:00:00,7.8,84.8,30, ,25
2000358N08086,2000,UNNAMED,2000-12-23 18:00:00,7.9,84.6,30,25,25
2000358N08086,2000,UNNAMED,2000-12-23 21:00:00,7.8,84.3,30, ,28
2000358N08086,2000,UNNAMED,2000-12-24 00:00:00,7.9,84.2,30,30,30
2000358N08086,2000,UNNAMED,2000-12-24 03:00:00,8.2,84.1,30,30,30
2000358N08086,2000,UNNAMED,2000-12-24 06:00:00,8.2,84.1,30,30,30
2000358N08086,2000,UNNAMED,2000-12-24 09:00:00,8.2,83.9,30, ,30
2000358N08086,2000,UNNAMED,2000-12-24 12:00:00,8.2,83.7,30,30,30
2000358N08086,2000,UNNAMED,2000-12-24 15:00:00,8.2,83.7,33, ,30
2000358N08086,2000,UNNAMED,2000-12-24 18:00:00,8.3,83.7,35,30,30
2000358N08086,2000,UNNAMED,2000-12-24 21:00:00,8.3,83.5,38, ,30
2000358N08086,2000,UNNAMED,2000-12-25 00:00:00,8.3,83.4,40,30,30
2000358N08086,2000,UNNAMED,2000-12-25 03:00:00,8.3,83.3,43,35,35
2000358N08086,2000,UNNAMED,2000-12-25 06:00:00,8.4,83.3,45,45,45
2000358N08086,2000,UNNAMED,2000-12-25 09:00:00,8.4,83.3,48, ,50
2000358N08086,2000,UNNAMED,2000-12-25 12:00:00,8.4,83.2,50,55,55
2000358N08086,2000,UNNAMED,2000-12-25 15:00:00,8.4,83.1,53, ,60
2000358N08086,2000,UNNAMED,2000-12-25 18:00:00,8.5,83.0,55,65,65
2000358N08086,2000,UNNAMED,2000-12-25 21:00:00,8.5,82.7,58, ,65
2000358N08086,2000,UNNAMED,2000-12-26 00:00:00,8.6,82.4,60,65,65
2000358N08086,2000,UNNAMED,2000-12-26 03:00:00,8.6,82.3,60,65,65
2000358N08086,2000,UNNAMED,2000-12-26 06:00:00,8.6,81.9,60,77,77
2000358N08086,2000,UNNAMED,2000-12-26 09:00:00,8.5,81.5,63,77,77
2000358N08086,2000,UNNAMED,2000-12-26 12:00:00,8.5,81.0,65,90,90
2000358N08086,2000,UNNAMED,2000-12-26 15:00:00,8.5,80.8,63,90,90
2000358N08086,2000,UNNAMED,2000-12-26 18:00:00,8.4,80.7,60,77,77
2000358N08086,2000,UNNAMED,2000-12-26 21:00:00,8.3,80.5,60,77,77
2000358N08086,2000,UNNAMED,2000-12-27 00:00:00,8.3,80.4,60,77,77
2000358N08086,2000,UNNAMED,2000-12-27 03:00:00,8.3,79.7,58,77,77
2000358N08086,2000,UNNAMED,2000-12-27 06:00:00,8.3,79.4,55,77,77
2000358N08086,2000,UNNAMED,2000-12-27 09:00:00,8.3,79.0,53,77,77
2000358N08086,2000,UNNAMED,2000-12-27 12:00:00,8.3,78.7,50,65,65
2000358N08086,2000,UNNAMED,2000-12-27 15:00:00,8.3,78.6,48,55,55
2000358N08086,2000,UNNAMED,2000-12-27 18:00:00,8.4,78.5,45,55,55
2000358N08086,2000,UNNAMED,2000-12-27 21:00:00,8.4,78.1,43,55,55
2000358N08086,2000,UNNAMED,2000-12-28 00:00:00,8.4,77.8,40,35,35
2000358N08086,2000,UNNAMED,2000-12-28 03:00:00,8.4,77.7,35,35,35
2000358N08086,2000,UNNAMED,2000-12-28 06:00:00,8.5,77.3,30,30,30
2000358N08086,2000,UNNAMED,2000-12-28 09:00:00,8.7,77.0,30, ,28
2000358N08086,2000,UNNAMED,2000-12-28 12:00:00,8.9,76.7,30,25,25
2000358N08086,2000,UNNAMED,2000-12-28 15:00:00,9.2,76.3, , , 
2000358N08086,2000,UNNAMED,2000-12-28 18:00:00,9.2,76.0, , , 
2000358N08086,2000,UNNAMED,2000-12-28 21:00:00,9.1,75.8, , , 
2000358N08086,2000,UNNAMED,2000-12-29 00:00:00,9.0,75.5, , , 
2001141N14068,2001,UNNAMED,2001-05-21 06:00:00,13.7,68.1,25, , 
2001141N14068,2001,UNNAMED,2001-05-21 09:00:00,13.7,68.5,28, , 
2001141N14068,2001,UNNAMED,2001-05-21 12:00:00,13.7,69.0,30,25,25
2001141N14068,2001,UNNAMED,2001-05-21 15:00:00,13.6,69.5,33, ,25
2001141N14068,2001,UNNAMED,2001-05-21 18:00:00,13.6,69.9,35,25,25
2001141N14068,2001,UNNAMED,2001-05-21 21:00:00,13.6,70.1,40,30,30
2001141N14068,2001,UNNAMED,2001-05-22 00:00:00,13.9,70.8,45,30,30
2001141N14068,2001,UNNAMED,2001-05-22 03:00:00,14.0,71.2,53,40,40
2001141N14068,2001,UNNAMED,2001-05-22 06:00:00,14.1,71.4,60,45,45
2001141N14068,2001,UNNAMED,2001-05-22 09:00:00,14.1,71.5,63,45,45
2001141N14068,2001,UNNAMED,2001-05-22 12:00:00,14.3,71.6,65,45,45
2001141N14068,2001,UNNAMED,2001-05-22 15:00:00,14.3,71.6,68,55,55
2001141N14068,2001,UNNAMED,2001-05-22 18:00:00,14.4,71.6,70,55,55
2001141N14068,2001,UNNAMED,2001-05-22 21:00:00,14.8,71.5,73,65,65
2001141N14068,2001,UNNAMED,2001-05-23 00:00:00,15.0,71.5,75,65,65
2001141N14068,2001,UNNAMED,2001-05-23 03:00:00,15.3,71.3,78,77,77
2001141N14068,2001,UNNAMED,2001-05-23 06:00:00,15.6,71.0,80,90,90
2001141N14068,2001,UNNAMED,2001-05-23 09:00:00,15.9,70.8,83,90,90
2001141N14068,2001,UNNAMED,2001-05-23 12:00:00,16.0,70.5,85,90,90
2001141N14068,2001,UNNAMED,2001-05-23 15:00:00,16.1,70.4,90,90,90
2001141N14068,2001,UNNAMED,2001-05-23 18:00:00,16.2,70.4,95,90,90
2001141N14068,2001,UNNAMED,2001-05-23 21:00:00,16.3,70.0,98,90,90
2001141N14068,2001,UNNAMED,2001-05-24 00:00:00,16.4,69.7,100,90,90
2001141N14068,2001,UNNAMED,2001-05-24 03:00:00,16.6,69.5,105,102,102
2001141N14068,2001,UNNAMED,2001-05-24 06:00:00,16.9,69.0,110,102,102
2001141N14068,2001,UNNAMED,2001-05-24 09:00:00,16.9,68.5,110,115,115
2001141N14068,2001,UNNAMED,2001-05-24 12:00:00,16.9,68.4,110,115,115
2001141N14068,2001,UNNAMED,2001-05-24 15:00:00,16.9,68.3,105,115,115
2001141N14068,2001,UNNAMED,2001-05-24 18:00:00,17.0,68.3,100,115,115
2001141N14068,2001,UNNAMED,2001-05-24 21:00:00,17.0,68.0,95,115,115
2001141N14068,2001,UNNAMED,2001-05-25 00:00:00,17.0,67.8,90,115,115
2001141N14068,2001,UNNAMED,2001-05-25 03:00:00,17.1,68.0,90,102,102
2001141N14068,2001,UNNAMED,2001-05-25 06:00:00,17.1,67.9,90,90,90
2001141N14068,2001,UNNAMED,2001-05-25 09:00:00,17.1,67.8,85,90,90
2001141N14068,2001,UNNAMED,2001-05-25 12:00:00,17.2,67.6,80,77,77
2001141N14068,2001,UNNAMED,2001-05-25 15:00:00,17.1,67.8,78,77,77
2001141N14068,2001,UNNAMED,2001-05-25 18:00:00,17.1,67.9,75,77,77
2001141N14068,2001,UNNAMED,2001-05-25 21:00:00,17.0,67.7,70,77,77
2001141N14068,2001,UNNAMED,2001-05-26 00:00:00,17.3,67.7,65,65,65
2001141N14068,2001,UNNAMED,2001-05-26 03:00:00,17.3,67.7,63,55,55
2001141N14068,2001,UNNAMED,2001-05-26 06:00:00,17.4,67.7,60,55,55
2001141N14068,2001,UNNAMED,2001-05-26 09:00:00,17.4,67.6,58,55,55
2001141N14068,2001,UNNAMED,2001-05-26 12:00:00,17.6,67.7,55,55,55
2001141N14068,2001,UNNAMED,2001-05-26 15:00:00,17.7,67.6,53,55,55
2001141N14068,2001,UNNAMED,2001-05-26 18:00:00,17.8,67.6,50,55,55
2001141N14068,2001,UNNAMED,2001-05-26 21:00:00,18.1,67.6,50,55,55
2001141N14068,2001,UNNAMED,2001-05-27 00:00:00,18.2,67.6,50,55,55
2001141N14068,2001,UNNAMED,2001-05-27 03:00:00,18.2,67.5,48,45,45
2001141N14068,2001,UNNAMED,2001-05-27 06:00:00,18.3,67.6,45,45,45
2001141N14068,2001,UNNAMED,2001-05-27 09:00:00,18.4,67.5,45,45,45
2001141N14068,2001,UNNAMED,2001-05-27 12:00:00,19.0,67.6,45,45,45
2001141N14068,2001,UNNAMED,2001-05-27 15:00:00,19.1,67.8,43,35,35
2001141N14068,2001,UNNAMED,2001-05-27 18:00:00,19.3,67.9,40,35,35
2001141N14068,2001,UNNAMED,2001-05-27 21:00:00,19.6,67.8,40,35,35
2001141N14068,2001,UNNAMED,2001-05-28 00:00:00,19.7,67.9,40,35,35
2001141N14068,2001,UNNAMED,2001-05-28 03:00:00,20.0,68.0,35,35,35
2001141N14068,2001,UNNAMED,2001-05-28 06:00:00,20.1,68.1,30,35,35
2001141N14068,2001,UNNAMED,2001-05-28 09:00:00,20.3,68.2,30,35,35
2001141N14068,2001,UNNAMED,2001-05-28 12:00:00,21.0,68.5,30,30,30
2001141N14068,2001,UNNAMED,2001-05-28 15:00:00,21.2,68.3,28,30,30
2001141N14068,2001,UNNAMED,2001-05-28 18:00:00,21.7,68.4,25,25,25
2001141N14068,2001,UNNAMED,2001-05-28 21:00:00,21.9,68.2,25,25,25
2001141N14068,2001,UNNAMED,2001-05-29 00:00:00,22.1,68.0,25,25,25
2001141N14068,2001,UNNAMED,2001-05-29 03:00:00,22.5,67.9,23, , 
2001141N14068,2001,UNNAMED,2001-05-29 06:00:00,22.8,68.2,20, , 
2001141N14068,2001,UNNAMED,2001-05-29 09:00:00,23.1,68.5,38, , 
2001141N14068,2001,UNNAMED,2001-05-29 12:00:00,23.4,68.8,55, , 
2001163N20087,2001,UNNAMED,2001-06-12 03:00:00,19.5,87.0, ,25,25
2001163N20087,2001,UNNAMED,2001-06-12 06:00:00,19.6,86.8, , ,25
2001163N20087,2001,UNNAMED,2001-06-12 09:00:00,19.8,86.7, , ,25
2001163N20087,2001,UNNAMED,2001-06-12 12:00:00,20.0,86.5, ,25,25
2001163N20087,2001,UNNAMED,2001-06-12 15:00:00,20.2,86.3, , , 
2001163N20087,2001,UNNAMED,2001-06-12 18:00:00,20.5,86.1, , , 
2001163N20087,2001,UNNAMED,2001-06-12 21:00:00,20.7,85.9, , , 
2001163N20087,2001,UNNAMED,2001-06-13 00:00:00,20.9,85.7, , , 
2001163N20087,2001,UNNAMED,2001-06-13 03:00:00,21.0,85.5, ,25,25
2001163N20087,2001,UNNAMED,2001-06-13 06:00:00,20.9,85.3, , ,25
2001163N20087,2001,UNNAMED,2001-06-13 09:00:00,21.0,85.0, ,25,25
2001163N20087,2001,UNNAMED,2001-06-13 12:00:00,21.5,84.5, , , 
2001267N17070,2001,UNNAMED,2001-09-24 00:00:00,16.6,69.8,25, , 
2001267N17070,2001,UNNAMED,2001-09-24 03:00:00,16.6,69.7,25, , 
2001267N17070,2001,UNNAMED,2001-09-24 06:00:00,16.7,69.5,25, , 
2001267N17070,2001,UNNAMED,2001-09-24 09:00:00,16.8,69.4,25,25,25
2001267N17070,2001,UNNAMED,2001-09-24 12:00:00,16.9,69.3,25,25,25
2001267N17070,2001,UNNAMED,2001-09-24 15:00:00,16.9,69.1,25, ,28
2001267N17070,2001,UNNAMED,2001-09-24 18:00:00,16.9,69.0,25,30,30
2001267N17070,2001,UNNAMED,2001-09-24 21:00:00,16.9,68.9,28, ,30
2001267N17070,2001,UNNAMED,2001-09-25 00:00:00,17.0,68.9,30,30,30
2001267N17070,2001,UNNAMED,2001-09-25 03:00:00,17.0,68.5,30,30,30
2001267N17070,2001,UNNAMED,2001-09-25 06:00:00,17.1,68.2,30,30,30
2001267N17070,2001,UNNAMED,2001-09-25 09:00:00,17.1,68.1,28,30,30
2001267N17070,2001,UNNAMED,2001-09-25 12:00:00,17.2,68.1,25,35,35
2001267N17070,2001,UNNAMED,2001-09-25 15:00:00,17.2,68.0,28,35,35
2001267N17070,2001,UNNAMED,2001-09-25 18:00:00,17.3,67.9,30,35,35
2001267N17070,2001,UNNAMED,2001-09-25 21:00:00,17.3,68.2,30,35,35
2001267N17070,2001,UNNAMED,2001-09-26 00:00:00,17.4,67.6,30,35,35
2001267N17070,2001,UNNAMED,2001-09-26 03:00:00,18.0,67.2,33,35,35
2001267N17070,2001,UNNAMED,2001-09-26 06:00:00,17.9,66.8,35,35,35
2001267N17070,2001,UNNAMED,2001-09-26 09:00:00,18.2,66.4,35,35,35
2001267N17070,2001,UNNAMED,2001-09-26 12:00:00,18.4,66.0,35,35,35
2001267N17070,2001,UNNAMED,2001-09-26 15:00:00,18.6,65.8,35,35,35
2001267N17070,2001,UNNAMED,2001-09-26 18:00:00,18.6,65.3,35,35,35
2001267N17070,2001,UNNAMED,2001-09-26 21:00:00,18.6,65.1,35,35,35
2001267N17070,2001,UNNAMED,2001-09-27 00:00:00,18.7,64.7,35,35,35
2001267N17070,2001,UNNAMED,2001-09-27 03:00:00,18.7,64.0,33,35,35
2001267N17070,2001,UNNAMED,2001-09-27 06:00:00,18.7,63.8,30,35,35
2001267N17070,2001,UNNAMED,2001-09-27 09:00:00,18.7,63.5,30, ,33
2001267N17070,2001,UNNAMED,2001-09-27 12:00:00,18.8,63.3,30,30,30
2001267N17070,2001,UNNAMED,2001-09-27 15:00:00,18.8,63.0,30, ,30
2001267N17070,2001,UNNAMED,2001-09-27 18:00:00,18.9,62.7,30,30,30
2001267N17070,2001,UNNAMED,2001-09-27 21:00:00,19.0,62.3,25,25,25
2001267N17070,2001,UNNAMED,2001-09-28 00:00:00,19.2,62.0,20, , 
2001267N17070,2001,UNNAMED,2001-09-28 03:00:00,19.2,61.7,20, , 
2001267N17070,2001,UNNAMED,2001-09-28 06:00:00,19.2,61.5,20, , 
2001267N17070,2001,UNNAMED,2001-09-28 09:00:00,19.3,61.3,20, , 
2001267N17070,2001,UNNAMED,2001-09-28 12:00:00,19.4,61.1,20, , 
2001281N18071,2001,UNNAMED,2001-10-08 06:00:00,17.7,70.8,25, , 
2001281N18071,2001,UNNAMED,2001-10-08 09:00:00,17.8,70.5,25, , 
2001281N18071,2001,UNNAMED,2001-10-08 12:00:00,17.9,70.2,25, , 
2001281N18071,2001,UNNAMED,2001-10-08 15:00:00,18.0,70.0,25, , 
2001281N18071,2001,UNNAMED,2001-10-08 18:00:00,18.1,69.8,25, , 
2001281N18071,2001,UNNAMED,2001-10-08 21:00:00,18.2,69.9,25,25,25
2001281N18071,2001,UNNAMED,2001-10-09 00:00:00,18.4,69.8,25,25,25
2001281N18071,2001,UNNAMED,2001-10-09 03:00:00,18.5,69.7,28,30,30
2001281N18071,2001,UNNAMED,2001-10-09 06:00:00,18.6,69.2,30,30,30
2001281N18071,2001,UNNAMED,2001-10-09 09:00:00,18.8,68.8,33,35,35
2001281N18071,2001,UNNAMED,2001-10-09 12:00:00,18.8,68.4,35,30,30
2001281N18071,2001,UNNAMED,2001-10-09 15:00:00,18.7,68.3,33,35,35
2001281N18071,2001,UNNAMED,2001-10-09 18:00:00,18.7,68.0,30,35,35
2001281N18071,2001,UNNAMED,2001-10-09 21:00:00,18.6,67.9,30,35,35
2001281N18071,2001,UNNAMED,2001-10-10 00:00:00,18.5,67.8,30,35,35
2001281N18071,2001,UNNAMED,2001-10-10 03:00:00,18.3,67.8,28,30,30
2001281N18071,2001,UNNAMED,2001-10-10 06:00:00,18.2,67.8,25,30,30
2001281N18071,2001,UNNAMED,2001-10-10 09:00:00,18.1,67.7,23,25,25
2001281N18071,2001,UNNAMED,2001-10-10 12:00:00,18.1,67.7,20, , 
2001281N18071,2001,UNNAMED,2001-10-10 15:00:00,18.4,67.6,23, , 
2001281N18071,2001,UNNAMED,2001-10-10 18:00:00,18.6,67.5,25, , 
2001281N18071,2001,UNNAMED,2001-10-10 21:00:00,18.6,67.3,25, , 
2001281N18071,2001,UNNAMED,2001-10-11 00:00:00,18.6,67.0,25, , 
2001281N18071,2001,UNNAMED,2001-10-11 03:00:00,18.7,66.7,25, , 
2001281N18071,2001,UNNAMED,2001-10-11 06:00:00,18.7,66.4,25, , 
2001281N18071,2001,UNNAMED,2001-10-11 09:00:00,18.7,66.2,20, , 
2001281N18071,2001,UNNAMED,2001-10-11 12:00:00,18.7,66.1,15, , 
2001281N18071,2001,UNNAMED,2001-10-11 15:00:00,18.7,66.1,18, , 
2001281N18071,2001,UNNAMED,2001-10-11 18:00:00,18.8,66.1,20, , 
2001281N18071,2001,UNNAMED,2001-10-11 21:00:00,18.9,66.1,20, , 
2001281N18071,2001,UNNAMED,2001-10-12 00:00:00,18.9,66.2,20, , 
2001281N18071,2001,UNNAMED,2001-10-12 03:00:00,18.9,66.3,20, , 
2001281N18071,2001,UNNAMED,2001-10-12 06:00:00,19.0,66.3,20, , 
2001281N18071,2001,UNNAMED,2001-10-12 09:00:00,19.1,66.3,20, , 
2001281N18071,2001,UNNAMED,2001-10-12 12:00:00,19.3,66.3,20, , 
2001281N18071,2001,UNNAMED,2001-10-12 15:00:00,19.5,66.3,20, , 
2001281N18071,2001,UNNAMED,2001-10-12 18:00:00,19.6,66.2,20, , 
2001281N18071,2001,UNNAMED,2001-10-12 21:00:00,19.7,66.1,20, , 
2001281N18071,2001,UNNAMED,2001-10-13 00:00:00,19.8,65.8,20, , 
2001281N18071,2001,UNNAMED,2001-10-13 03:00:00,19.9,65.4,20, , 
2001281N18071,2001,UNNAMED,2001-10-13 06:00:00,20.0,65.0,20, , 
2001288N13084,2001,UNNAMED,2001-10-14 12:00:00,13.5,84.0, ,25,25
2001288N13084,2001,UNNAMED,2001-10-14 15:00:00,13.5,83.4, , ,25
2001288N13084,2001,UNNAMED,2001-10-14 18:00:00,13.5,83.0, ,25,25
2001288N13084,2001,UNNAMED,2001-10-14 21:00:00,13.5,83.0, , ,25
2001288N13084,2001,UNNAMED,2001-10-15 00:00:00,13.5,83.0, ,25,25
2001288N13084,2001,UNNAMED,2001-10-15 03:00:00,13.5,82.5, ,25,25
2001288N13084,2001,UNNAMED,2001-10-15 06:00:00,13.5,82.0, ,25,25
2001288N13084,2001,UNNAMED,2001-10-15 09:00:00,13.5,81.5, ,30,30
2001288N13084,2001,UNNAMED,2001-10-15 12:00:00,13.7,81.0, ,35,35
2001288N13084,2001,UNNAMED,2001-10-15 15:00:00,14.0,80.5, ,35,35
2001288N13084,2001,UNNAMED,2001-10-15 18:00:00,14.0,80.0, ,35,35
2001288N13084,2001,UNNAMED,2001-10-15 21:00:00,14.0,80.0, ,35,35
2001288N13084,2001,UNNAMED,2001-10-16 00:00:00,14.0,79.5, ,35,35
2001288N13084,2001,UNNAMED,2001-10-16 03:00:00,14.0,79.5, ,35,35
2001288N13084,2001,UNNAMED,2001-10-16 06:00:00,14.0,79.5, ,35,35
2001288N13084,2001,UNNAMED,2001-10-16 09:00:00,14.5,79.5, ,35,35
2001288N13084,2001,UNNAMED,2001-10-16 12:00:00,14.5,79.5, ,30,30
2001288N13084,2001,UNNAMED,2001-10-16 15:00:00,14.7,79.3, , ,28
2001288N13084,2001,UNNAMED,2001-10-16 18:00:00,15.0,79.0, ,25,25
2001313N12084,2001,UNNAMED,2001-11-09 00:00:00,12.0,83.6,25, , 
2001313N12084,2001,UNNAMED,2001-11-09 03:00:00,12.5,83.3,25, , 
2001313N12084,2001,UNNAMED,2001-11-09 06:00:00,12.9,83.0,25, , 
2001313N12084,2001,UNNAMED,2001-11-09 09:00:00,13.1,82.8,25, , 
2001313N12084,2001,UNNAMED,2001-11-09 12:00:00,13.2,82.7,25, , 
2001313N12084,2001,UNNAMED,2001-11-09 15:00:00,13.4,82.5,25, , 
2001313N12084,2001,UNNAMED,2001-11-09 18:00:00,13.6,82.4,25, , 
2001313N12084,2001,UNNAMED,2001-11-09 21:00:00,13.7,82.3,25, , 
2001313N12084,2001,UNNAMED,2001-11-10 00:00:00,13.8,82.2,25, , 
2001313N12084,2001,UNNAMED,2001-11-10 03:00:00,13.9,82.1,25, , 
2001313N12084,2001,UNNAMED,2001-11-10 06:00:00,14.1,82.1,25, , 
2001313N12084,2001,UNNAMED,2001-11-10 09:00:00,14.2,82.1,28, , 
2001313N12084,2001,UNNAMED,2001-11-10 12:00:00,14.4,82.1,30, , 
2001313N12084,2001,UNNAMED,2001-11-10 15:00:00,14.6,82.1,30, , 
2001313N12084,2001,UNNAMED,2001-11-10 18:00:00,14.8,82.2,30, , 
2001313N12084,2001,UNNAMED,2001-11-10 21:00:00,15.0,82.4,30, , 
2001313N12084,2001,UNNAMED,2001-11-11 00:00:00,15.1,82.7,30, , 
2001313N12084,2001,UNNAMED,2001-11-11 03:00:00,15.3,83.0,30,25,25
2001313N12084,2001,UNNAMED,2001-11-11 06:00:00,15.4,83.4,30,25,25
2001313N12084,2001,UNNAMED,2001-11-11 09:00:00,15.5,83.8,30, ,25
2001313N12084,2001,UNNAMED,2001-11-11 12:00:00,15.6,84.2,30,25,25
2001313N12084,2001,UNNAMED,2001-11-11 15:00:00,15.8,84.6,30, ,25
2001313N12084,2001,UNNAMED,2001-11-11 18:00:00,16.0,84.9,30,25,25
2001313N12084,2001,UNNAMED,2001-11-11 21:00:00,16.3,85.2,30, ,25
2001313N12084,2001,UNNAMED,2001-11-12 00:00:00,16.6,85.5,30,25,25
2001313N12084,2001,UNNAMED,2001-11-12 03:00:00,16.9,85.6,25, , 
2001313N12084,2001,UNNAMED,2001-11-12 06:00:00,17.3,85.7,20, , 
2001361N01106,2001,VAMEI,2001-12-26 12:00:00,1.4,106.2,25, , 
2001361N01106,2001,VAMEI,2001-12-26 15:00:00,1.5,106.0,30, , 
2001361N01106,2001,VAMEI,2001-12-26 18:00:00,1.5,105.7,35, , 
2001361N01106,2001,VAMEI,2001-12-26 21:00:00,1.5,105.4,50, , 
2001361N01106,2001,VAMEI,2001-12-27 00:00:00,1.5,105.2,65,40, 
2001361N01106,2001,VAMEI,2001-12-27 03:00:00,1.5,104.8,65, , 
2001361N01106,2001,VAMEI,2001-12-27 06:00:00,1.5,104.4,65,45, 
2001361N01106,2001,VAMEI,2001-12-27 09:00:00,1.5,104.1,55, , 
2001361N01106,2001,VAMEI,2001-12-27 12:00:00,1.6,103.8,45,35, 
2001361N01106,2001,VAMEI,2001-12-27 15:00:00,1.6,103.4,43, , 
2001361N01106,2001,VAMEI,2001-12-27 18:00:00,1.6,103.0,40, , 
2001361N01106,2001,VAMEI,2001-12-27 21:00:00,1.7,102.7,35, , 
2001361N01106,2001,VAMEI,2001-12-28 00:00:00,1.7,102.3,30, , 
2001361N01106,2001,VAMEI,2001-12-28 03:00:00,1.8,101.9,30, , 
2001361N01106,2001,VAMEI,2001-12-28 06:00:00,1.8,101.4,30, , 
2001361N01106,2001,VAMEI,2001-12-28 09:00:00,1.8,101.1,28, , 
2001361N01106,2001,VAMEI,2001-12-28 12:00:00,1.9,100.7,25, , 
2001361N01106,2001,VAMEI,2001-12-28 15:00:00,1.9,100.3,25, , 
2001361N01106,2001,VAMEI,2001-12-28 18:00:00,2.0,99.9,25, , 
2001361N01106,2001,VAMEI,2001-12-28 21:00:00,2.1,99.3,23, , 
2001361N01106,2001,VAMEI,2001-12-29 00:00:00,2.3,98.7,20, , 
2001361N01106,2001,VAMEI,2001-12-29 03:00:00,2.5,98.3,20, , 
2001361N01106,2001,VAMEI,2001-12-29 06:00:00,2.6,97.9,20, , 
2001361N01106,2001,VAMEI,2001-12-29 09:00:00,2.7,97.5,23, , 
2001361N01106,2001,VAMEI,2001-12-29 12:00:00,2.8,97.1,25, , 
2001361N01106,2001,VAMEI,2001-12-29 15:00:00,3.0,96.4,25, , 
2001361N01106,2001,VAMEI,2001-12-29 18:00:00,3.3,95.7,25, , 
2001361N01106,2001,VAMEI,2001-12-29 21:00:00,3.6,95.0,25, , 
2001361N01106,2001,VAMEI,2001-12-30 00:00:00,3.8,94.3,25, , 
2001361N01106,2001,VAMEI,2001-12-30 03:00:00,4.0,93.8,25, , 
2001361N01106,2001,VAMEI,2001-12-30 06:00:00,4.1,93.3,25, , 
2001361N01106,2001,VAMEI,2001-12-30 09:00:00,4.3,92.9,25, , 
2001361N01106,2001,VAMEI,2001-12-30 12:00:00,4.4,92.5,25, , 
2001361N01106,2001,VAMEI,2001-12-30 15:00:00,4.5,92.1,30, , 
2001361N01106,2001,VAMEI,2001-12-30 18:00:00,4.6,91.8,35, , 
2001361N01106,2001,VAMEI,2001-12-30 21:00:00,4.6,91.5,35, , 
2001361N01106,2001,VAMEI,2001-12-31 00:00:00,4.6,91.2,35, , 
2001361N01106,2001,VAMEI,2001-12-31 03:00:00,4.6,91.0,35, , 
2001361N01106,2001,VAMEI,2001-12-31 06:00:00,4.5,90.8,35, , 
2001361N01106,2001,VAMEI,2001-12-31 09:00:00,4.4,90.6,35, , 
2001361N01106,2001,VAMEI,2001-12-31 12:00:00,4.2,90.5,35, , 
2001361N01106,2001,VAMEI,2001-12-31 15:00:00,4.0,90.4,33, , 
2001361N01106,2001,VAMEI,2001-12-31 18:00:00,3.8,90.3,30, , 
2001361N01106,2001,VAMEI,2001-12-31 21:00:00,3.6,90.2,28, , 
2001361N01106,2001,VAMEI,2002-01-01 00:00:00,3.4,90.0,25, , 
2001361N01106,2001,VAMEI,2002-01-01 03:00:00,3.2,89.7,25, , 
2001361N01106,2001,VAMEI,2002-01-01 06:00:00,3.0,89.3,25, , 
2002126N09068,2002,UNNAMED,2002-05-05 18:00:00,8.6,67.7,25, , 
2002126N09068,2002,UNNAMED,2002-05-05 21:00:00,8.6,67.5,25, , 
2002126N09068,2002,UNNAMED,2002-05-06 00:00:00,8.7,67.2,25, , 
2002126N09068,2002,UNNAMED,2002-05-06 03:00:00,9.3,66.9,28,25,25
2002126N09068,2002,UNNAMED,2002-05-06 06:00:00,10.0,66.5,30,25,25
2002126N09068,2002,UNNAMED,2002-05-06 09:00:00,10.6,66.2,30, ,25
2002126N09068,2002,UNNAMED,2002-05-06 12:00:00,11.2,66.0,30,25,25
2002126N09068,2002,UNNAMED,2002-05-06 15:00:00,11.4,65.8,30, ,25
2002126N09068,2002,UNNAMED,2002-05-06 18:00:00,11.8,65.6,30,25,25
2002126N09068,2002,UNNAMED,2002-05-06 21:00:00,12.2,65.3,35, ,25
2002126N09068,2002,UNNAMED,2002-05-07 00:00:00,12.7,64.9,40,25,25
2002126N09068,2002,UNNAMED,2002-05-07 03:00:00,13.0,64.4,40,30,30
2002126N09068,2002,UNNAMED,2002-05-07 06:00:00,13.1,64.0,40,30,30
2002126N09068,2002,UNNAMED,2002-05-07 09:00:00,13.1,63.6,40, ,30
2002126N09068,2002,UNNAMED,2002-05-07 12:00:00,13.1,63.2,40,30,30
2002126N09068,2002,UNNAMED,2002-05-07 15:00:00,13.0,62.8,38, ,30
2002126N09068,2002,UNNAMED,2002-05-07 18:00:00,13.1,62.6,35,30,30
2002126N09068,2002,UNNAMED,2002-05-07 21:00:00,13.1,62.5,35, ,30
2002126N09068,2002,UNNAMED,2002-05-08 00:00:00,13.2,62.3,35,30,30
2002126N09068,2002,UNNAMED,2002-05-08 03:00:00,13.3,61.8,35,25,25
2002126N09068,2002,UNNAMED,2002-05-08 06:00:00,13.4,61.3,35,25,25
2002126N09068,2002,UNNAMED,2002-05-08 09:00:00,13.4,61.0,35, ,25
2002126N09068,2002,UNNAMED,2002-05-08 12:00:00,13.5,60.7,35,25,25
2002126N09068,2002,UNNAMED,2002-05-08 15:00:00,13.7,60.4,35, ,25
2002126N09068,2002,UNNAMED,2002-05-08 18:00:00,13.9,60.1,35,25,25
2002126N09068,2002,UNNAMED,2002-05-08 21:00:00,14.0,59.6,38,25,25
2002126N09068,2002,UNNAMED,2002-05-09 00:00:00,14.1,59.4,40,25,25
2002126N09068,2002,UNNAMED,2002-05-09 03:00:00,14.2,58.9,43,30,30
2002126N09068,2002,UNNAMED,2002-05-09 06:00:00,14.6,58.1,45,35,35
2002126N09068,2002,UNNAMED,2002-05-09 09:00:00,14.7,57.6,45,35,35
2002126N09068,2002,UNNAMED,2002-05-09 12:00:00,15.0,56.8,45,35,35
2002126N09068,2002,UNNAMED,2002-05-09 15:00:00,15.1,56.2,45,35,35
2002126N09068,2002,UNNAMED,2002-05-09 18:00:00,15.4,55.7,45,35,35
2002126N09068,2002,UNNAMED,2002-05-09 21:00:00,15.5,54.9,45,35,35
2002126N09068,2002,UNNAMED,2002-05-10 00:00:00,15.8,54.4,45,35,35
2002126N09068,2002,UNNAMED,2002-05-10 03:00:00,15.9,54.0,43,35,35
2002126N09068,2002,UNNAMED,2002-05-10 06:00:00,16.1,53.8,40,35,35
2002126N09068,2002,UNNAMED,2002-05-10 09:00:00,16.2,53.5,38, , 
2002126N09068,2002,UNNAMED,2002-05-10 12:00:00,16.5,53.3,35, , 
2002126N09068,2002,UNNAMED,2002-05-10 15:00:00,16.9,53.2,33, , 
2002126N09068,2002,UNNAMED,2002-05-10 18:00:00,17.4,53.1,30, , 
2002129N08096,2002,UNNAMED,2002-05-09 06:00:00,8.4,95.5,25, , 
2002129N08096,2002,UNNAMED,2002-05-09 09:00:00,8.7,95.3,28, , 
2002129N08096,2002,UNNAMED,2002-05-09 12:00:00,8.9,95.1,30, , 
2002129N08096,2002,UNNAMED,2002-05-09 15:00:00,9.1,95.1,30, , 
2002129N08096,2002,UNNAMED,2002-05-09 18:00:00,9.4,95.1,30, , 
2002129N08096,2002,UNNAMED,2002-05-09 21:00:00,9.6,95.1,30, , 
2002129N08096,2002,UNNAMED,2002-05-10 00:00:00,9.9,95.1,30, , 
2002129N08096,2002,UNNAMED,2002-05-10 03:00:00,10.2,95.2,30, , 
2002129N08096,2002,UNNAMED,2002-05-10 06:00:00,10.5,95.3,30, , 
2002129N08096,2002,UNNAMED,2002-05-10 09:00:00,10.8,95.4,33, , 
2002129N08096,2002,UNNAMED,2002-05-10 12:00:00,11.0,95.5,35, , 
2002129N08096,2002,UNNAMED,2002-05-10 15:00:00,11.2,95.5,35, , 
2002129N08096,2002,UNNAMED,2002-05-10 18:00:00,11.5,95.5,35, , 
2002129N08096,2002,UNNAMED,2002-05-10 21:00:00,11.8,95.5,35, , 
2002129N08096,2002,UNNAMED,2002-05-11 00:00:00,12.1,95.4,35, , 
2002129N08096,2002,UNNAMED,2002-05-11 03:00:00,12.4,95.5,40,25,25
2002129N08096,2002,UNNAMED,2002-05-11 06:00:00,12.9,95.8,45,25,25
2002129N08096,2002,UNNAMED,2002-05-11 09:00:00,13.6,95.9,45, ,28
2002129N08096,2002,UNNAMED,2002-05-11 12:00:00,14.3,96.0,45,30,30
2002129N08096,2002,UNNAMED,2002-05-11 15:00:00,14.8,96.1,45, ,30
2002129N08096,2002,UNNAMED,2002-05-11 18:00:00,15.4,96.2,45,30,30
2002129N08096,2002,UNNAMED,2002-05-11 21:00:00,15.8,96.2,40, ,30
2002129N08096,2002,UNNAMED,2002-05-12 00:00:00,16.5,96.3,35,30,30
2002129N08096,2002,UNNAMED,2002-05-12 03:00:00,17.6,96.5,30,30,30
2002129N08096,2002,UNNAMED,2002-05-12 06:00:00,18.3,96.6,25, , 
2002129N08096,2002,UNNAMED,2002-05-12 09:00:00,18.8,97.0,20, , 
2002129N08096,2002,UNNAMED,2002-05-12 12:00:00,19.2,97.4,15, , 
2002295N14082,2002,UNNAMED,2002-10-22 09:00:00,13.5,81.5, ,25,25
2002295N14082,2002,UNNAMED,2002-10-22 12:00:00,13.5,81.5, ,25,25
2002295N14082,2002,UNNAMED,2002-10-22 15:00:00,13.7,81.5, , ,25
2002295N14082,2002,UNNAMED,2002-10-22 18:00:00,14.0,81.5, ,25,25
2002295N14082,2002,UNNAMED,2002-10-22 21:00:00,14.1,81.5, , ,25
2002295N14082,2002,UNNAMED,2002-10-23 00:00:00,14.0,81.5, , ,25
2002295N14082,2002,UNNAMED,2002-10-23 03:00:00,14.0,81.5, ,25,25
2002295N14082,2002,UNNAMED,2002-10-23 06:00:00,14.0,81.5, ,25,25
2002295N14082,2002,UNNAMED,2002-10-23 09:00:00,14.0,81.5, , ,25
2002295N14082,2002,UNNAMED,2002-10-23 12:00:00,14.0,81.5, ,25,25
2002295N14082,2002,UNNAMED,2002-10-23 15:00:00,14.0,81.5, , ,25
2002295N14082,2002,UNNAMED,2002-10-23 18:00:00,14.0,81.5, ,25,25
2002314N12083,2002,UNNAMED,2002-11-09 18:00:00,11.7,82.5,25, , 
2002314N12083,2002,UNNAMED,2002-11-09 21:00:00,11.8,82.5,25, , 
2002314N12083,2002,UNNAMED,2002-11-10 00:00:00,11.9,82.5,25, , 
2002314N12083,2002,UNNAMED,2002-11-10 03:00:00,12.0,82.5,25,25,25
2002314N12083,2002,UNNAMED,2002-11-10 06:00:00,12.1,82.5,25,25,25
2002314N12083,2002,UNNAMED,2002-11-10 09:00:00,12.1,82.5,25, ,28
2002314N12083,2002,UNNAMED,2002-11-10 12:00:00,12.3,82.6,25,30,30
2002314N12083,2002,UNNAMED,2002-11-10 15:00:00,12.5,82.6,25, ,30
2002314N12083,2002,UNNAMED,2002-11-10 18:00:00,12.8,82.7,25,30,30
2002314N12083,2002,UNNAMED,2002-11-10 21:00:00,13.2,82.8,28, ,30
2002314N12083,2002,UNNAMED,2002-11-11 00:00:00,13.6,83.0,30,30,30
2002314N12083,2002,UNNAMED,2002-11-11 03:00:00,14.0,83.4,30,30,30
2002314N12083,2002,UNNAMED,2002-11-11 06:00:00,14.4,83.9,30,30,30
2002314N12083,2002,UNNAMED,2002-11-11 09:00:00,14.9,84.3,33,30,30
2002314N12083,2002,UNNAMED,2002-11-11 12:00:00,15.7,84.8,35,45,45
2002314N12083,2002,UNNAMED,2002-11-11 15:00:00,15.9,84.7,35,45,45
2002314N12083,2002,UNNAMED,2002-11-11 18:00:00,16.3,84.8,35,45,45
2002314N12083,2002,UNNAMED,2002-11-11 21:00:00,16.8,85.0,35,45,45
2002314N12083,2002,UNNAMED,2002-11-12 00:00:00,18.4,86.4,35,45,45
2002314N12083,2002,UNNAMED,2002-11-12 03:00:00,19.6,86.9,45,45,45
2002314N12083,2002,UNNAMED,2002-11-12 06:00:00,20.9,87.5,55,55,55
2002314N12083,2002,UNNAMED,2002-11-12 09:00:00,22.3,88.4,43, , 
2002314N12083,2002,UNNAMED,2002-11-12 12:00:00,23.7,89.7,30, , 
2002314N12083,2002,UNNAMED,2002-11-12 15:00:00,25.0,91.5, , , 
2002327N10089,2002,UNNAMED,2002-11-22 18:00:00,9.5,88.8,25, , 
2002327N10089,2002,UNNAMED,2002-11-22 21:00:00,9.8,88.7,25, , 
2002327N10089,2002,UNNAMED,2002-11-23 00:00:00,10.1,88.7,25, , 
2002327N10089,2002,UNNAMED,2002-11-23 03:00:00,10.3,88.4,25,25,25
2002327N10089,2002,UNNAMED,2002-11-23 06:00:00,10.6,88.1,25,25,25
2002327N10089,2002,UNNAMED,2002-11-23 09:00:00,11.2,88.0,30, ,25
2002327N10089,2002,UNNAMED,2002-11-23 12:00:00,11.8,87.9,35,25,25
2002327N10089,2002,UNNAMED,2002-11-23 15:00:00,12.1,87.8,40, ,28
2002327N10089,2002,UNNAMED,2002-11-23 18:00:00,12.4,87.9,45,30,30
2002327N10089,2002,UNNAMED,2002-11-23 21:00:00,12.7,88.1,45,30,30
2002327N10089,2002,UNNAMED,2002-11-24 00:00:00,13.2,88.1,45,30,30
2002327N10089,2002,UNNAMED,2002-11-24 03:00:00,13.4,88.0,43,35,35
2002327N10089,2002,UNNAMED,2002-11-24 06:00:00,13.8,88.0,40,35,35
2002327N10089,2002,UNNAMED,2002-11-24 09:00:00,14.1,88.0,38,35,35
2002327N10089,2002,UNNAMED,2002-11-24 12:00:00,14.7,88.2,35,35,35
2002327N10089,2002,UNNAMED,2002-11-24 15:00:00,14.8,88.2,35,35,35
2002327N10089,2002,UNNAMED,2002-11-24 18:00:00,14.8,88.2,35,35,35
2002327N10089,2002,UNNAMED,2002-11-24 21:00:00,15.0,88.1,35, ,35
2002327N10089,2002,UNNAMED,2002-11-25 00:00:00,15.2,88.1,35,35,35
2002327N10089,2002,UNNAMED,2002-11-25 03:00:00,15.2,88.0,35,35,35
2002327N10089,2002,UNNAMED,2002-11-25 06:00:00,15.3,88.0,35,35,35
2002327N10089,2002,UNNAMED,2002-11-25 09:00:00,15.4,87.9,35,35,35
2002327N10089,2002,UNNAMED,2002-11-25 12:00:00,15.4,87.9,35,35,35
2002327N10089,2002,UNNAMED,2002-11-25 15:00:00,15.5,88.0, ,35,35
2002327N10089,2002,UNNAMED,2002-11-25 18:00:00,15.5,88.0, ,35,35
2002327N10089,2002,UNNAMED,2002-11-25 21:00:00,15.8,88.0, , ,35
2002327N10089,2002,UNNAMED,2002-11-26 00:00:00,16.0,88.0, ,35,35
2002327N10089,2002,UNNAMED,2002-11-26 03:00:00,16.0,88.0, ,35,35
2002327N10089,2002,UNNAMED,2002-11-26 06:00:00,16.0,88.0, ,35,35
2002327N10089,2002,UNNAMED,2002-11-26 09:00:00,16.0,88.0, ,35,35
2002327N10089,2002,UNNAMED,2002-11-26 12:00:00,16.5,88.5, ,35,35
2002327N10089,2002,UNNAMED,2002-11-26 15:00:00,16.5,89.0, ,35,35
2002327N10089,2002,UNNAMED,2002-11-26 18:00:00,16.5,89.5, ,35,35
2002327N10089,2002,UNNAMED,2002-11-26 21:00:00,16.5,89.5, ,35,35
2002327N10089,2002,UNNAMED,2002-11-27 00:00:00,16.5,90.0, ,35,35
2002327N10089,2002,UNNAMED,2002-11-27 03:00:00,17.0,90.0, ,35,35
2002327N10089,2002,UNNAMED,2002-11-27 06:00:00,17.0,90.5, ,35,35
2002327N10089,2002,UNNAMED,2002-11-27 09:00:00,17.1,90.8, , ,33
2002327N10089,2002,UNNAMED,2002-11-27 12:00:00,17.2,91.0, ,30,30
2002327N10089,2002,UNNAMED,2002-11-27 15:00:00,17.4,91.0, , ,28
2002327N10089,2002,UNNAMED,2002-11-27 18:00:00,17.5,91.0, ,25,25
2002327N10089,2002,UNNAMED,2002-11-27 21:00:00,17.5,90.9, , ,25
2002327N10089,2002,UNNAMED,2002-11-28 00:00:00,17.5,91.0, ,25,25
2002327N10089,2002,UNNAMED,2002-11-28 03:00:00,17.5,91.5, ,25,25
2002327N10089,2002,UNNAMED,2002-11-28 06:00:00,17.5,91.5, ,25,25
2002327N10089,2002,UNNAMED,2002-11-28 09:00:00,17.7,91.7, , ,25
2002327N10089,2002,UNNAMED,2002-11-28 12:00:00,18.0,92.0, ,25,25
2002355N04077,2002,UNNAMED,2002-12-21 03:00:00,4.0,77.0, ,25,25
2002355N04077,2002,UNNAMED,2002-12-21 06:00:00,1.9,78.7,25,25,25
2002355N04077,2002,UNNAMED,2002-12-21 09:00:00,2.0,78.8,25, ,25
2002355N04077,2002,UNNAMED,2002-12-21 12:00:00,2.2,78.9,25,25,25
2002355N04077,2002,UNNAMED,2002-12-21 15:00:00,2.4,79.1,25, ,25
2002355N04077,2002,UNNAMED,2002-12-21 18:00:00,2.6,79.4,25,25,25
2002355N04077,2002,UNNAMED,2002-12-21 21:00:00,2.8,79.7,25, ,25
2002355N04077,2002,UNNAMED,2002-12-22 00:00:00,3.0,79.9,25,25,25
2002355N04077,2002,UNNAMED,2002-12-22 03:00:00,3.2,80.2,25,25,25
2002355N04077,2002,UNNAMED,2002-12-22 06:00:00,3.4,80.4,25,25,25
2002355N04077,2002,UNNAMED,2002-12-22 09:00:00,3.5,80.5,25, ,25
2002355N04077,2002,UNNAMED,2002-12-22 12:00:00,3.7,80.4,25,25,25
2002355N04077,2002,UNNAMED,2002-12-22 15:00:00,3.9,80.4,28, ,25
2002355N04077,2002,UNNAMED,2002-12-22 18:00:00,4.0,80.4,30,25,25
2002355N04077,2002,UNNAMED,2002-12-22 21:00:00,4.1,80.5,30, ,25
2002355N04077,2002,UNNAMED,2002-12-23 00:00:00,4.2,80.7,30,25,25
2002355N04077,2002,UNNAMED,2002-12-23 03:00:00,4.3,80.7,30,25,25
2002355N04077,2002,UNNAMED,2002-12-23 06:00:00,4.3,80.8,30,25,25
2002355N04077,2002,UNNAMED,2002-12-23 09:00:00,4.6,81.0,30, ,25
2002355N04077,2002,UNNAMED,2002-12-23 12:00:00,4.9,81.2,30,25,25
2002355N04077,2002,UNNAMED,2002-12-23 15:00:00,5.0,81.4,33, ,28
2002355N04077,2002,UNNAMED,2002-12-23 18:00:00,5.1,81.5,35,30,30
2002355N04077,2002,UNNAMED,2002-12-23 21:00:00,5.1,81.6,35, ,30
2002355N04077,2002,UNNAMED,2002-12-24 00:00:00,5.3,81.8,35,30,30
2002355N04077,2002,UNNAMED,2002-12-24 03:00:00,5.6,82.2,35,35,35
2002355N04077,2002,UNNAMED,2002-12-24 06:00:00,5.7,82.4,35,35,35
2002355N04077,2002,UNNAMED,2002-12-24 09:00:00,6.0,82.8,35,35,35
2002355N04077,2002,UNNAMED,2002-12-24 12:00:00,6.1,83.0,35,35,35
2002355N04077,2002,UNNAMED,2002-12-24 15:00:00,6.5,83.4,35,35,35
2002355N04077,2002,UNNAMED,2002-12-24 18:00:00,6.6,83.6,35,35,35
2002355N04077,2002,UNNAMED,2002-12-24 21:00:00,6.7,83.7,35,35,35
2002355N04077,2002,UNNAMED,2002-12-25 00:00:00,7.1,84.3,35,35,35
2002355N04077,2002,UNNAMED,2002-12-25 03:00:00,7.2,84.4,35,30,30
2002355N04077,2002,UNNAMED,2002-12-25 06:00:00,7.3,85.1,35,30,30
2002355N04077,2002,UNNAMED,2002-12-25 09:00:00,7.6,85.7,35, ,28
2002355N04077,2002,UNNAMED,2002-12-25 12:00:00,7.8,86.1,35,25,25
2002355N04077,2002,UNNAMED,2002-12-25 15:00:00,7.9,86.3,33,25,25
2002355N04077,2002,UNNAMED,2002-12-25 18:00:00,8.2,86.7,30, , 
2003129N05091,2003,UNNAMED,2003-05-08 12:00:00,5.0,91.3,15, , 
2003129N05091,2003,UNNAMED,2003-05-08 15:00:00,4.9,91.3,18, , 
2003129N05091,2003,UNNAMED,2003-05-08 18:00:00,4.8,91.2,20, , 
2003129N05091,2003,UNNAMED,2003-05-08 21:00:00,4.7,91.2,20, , 
2003129N05091,2003,UNNAMED,2003-05-09 00:00:00,4.5,91.1,20, , 
2003129N05091,2003,UNNAMED,2003-05-09 03:00:00,4.3,91.1,23, , 
2003129N05091,2003,UNNAMED,2003-05-09 06:00:00,4.2,91.0,25, , 
2003129N05091,2003,UNNAMED,2003-05-09 09:00:00,4.2,90.9,25, , 
2003129N05091,2003,UNNAMED,2003-05-09 12:00:00,4.4,90.7,25, , 
2003129N05091,2003,UNNAMED,2003-05-09 15:00:00,4.7,90.5,25, , 
2003129N05091,2003,UNNAMED,2003-05-09 18:00:00,5.1,90.4,25, , 
2003129N05091,2003,UNNAMED,2003-05-09 21:00:00,5.5,90.3,25, , 
2003129N05091,2003,UNNAMED,2003-05-10 00:00:00,6.0,90.2,25, , 
2003129N05091,2003,UNNAMED,2003-05-10 03:00:00,6.4,90.2,25,25,25
2003129N05091,2003,UNNAMED,2003-05-10 06:00:00,6.6,90.1,25,25,25
2003129N05091,2003,UNNAMED,2003-05-10 09:00:00,7.2,90.1,28,25,25
2003129N05091,2003,UNNAMED,2003-05-10 12:00:00,7.9,89.5,30,30,30
2003129N05091,2003,UNNAMED,2003-05-10 15:00:00,8.1,89.3,33,30,30
2003129N05091,2003,UNNAMED,2003-05-10 18:00:00,8.6,88.9,35,30,30
2003129N05091,2003,UNNAMED,2003-05-10 21:00:00,8.8,88.7,40,30,30
2003129N05091,2003,UNNAMED,2003-05-11 00:00:00,9.3,88.3,45,35,35
2003129N05091,2003,UNNAMED,2003-05-11 03:00:00,9.8,87.6,50,35,35
2003129N05091,2003,UNNAMED,2003-05-11 06:00:00,10.2,87.2,55,35,35
2003129N05091,2003,UNNAMED,2003-05-11 09:00:00,10.3,87.0,58,45,45
2003129N05091,2003,UNNAMED,2003-05-11 12:00:00,10.6,86.7,60,55,55
2003129N05091,2003,UNNAMED,2003-05-11 15:00:00,10.6,86.5,60,55,55
2003129N05091,2003,UNNAMED,2003-05-11 18:00:00,10.9,86.2,60,55,55
2003129N05091,2003,UNNAMED,2003-05-11 21:00:00,10.8,86.2,60,55,55
2003129N05091,2003,UNNAMED,2003-05-12 00:00:00,10.7,86.2,60,55,55
2003129N05091,2003,UNNAMED,2003-05-12 03:00:00,10.8,86.2,58,55,55
2003129N05091,2003,UNNAMED,2003-05-12 06:00:00,11.0,86.2,55,55,55
2003129N05091,2003,UNNAMED,2003-05-12 09:00:00,11.1,86.3,55,55,55
2003129N05091,2003,UNNAMED,2003-05-12 12:00:00,11.4,86.1,55,55,55
2003129N05091,2003,UNNAMED,2003-05-12 15:00:00,11.5,86.2,55,55,55
2003129N05091,2003,UNNAMED,2003-05-12 18:00:00,11.7,86.2,55,65,65
2003129N05091,2003,UNNAMED,2003-05-12 21:00:00,11.8,86.1,55,65,65
2003129N05091,2003,UNNAMED,2003-05-13 00:00:00,11.9,86.0,55,65,65
2003129N05091,2003,UNNAMED,2003-05-13 03:00:00,12.2,85.6,55,65,65
2003129N05091,2003,UNNAMED,2003-05-13 06:00:00,12.5,85.6,55,75,75
2003129N05091,2003,UNNAMED,2003-05-13 09:00:00,12.6,85.5,53,75,75
2003129N05091,2003,UNNAMED,2003-05-13 12:00:00,12.7,85.5,50,65,65
2003129N05091,2003,UNNAMED,2003-05-13 15:00:00,12.8,85.5,53,65,65
2003129N05091,2003,UNNAMED,2003-05-13 18:00:00,13.1,85.5,55,65,65
2003129N05091,2003,UNNAMED,2003-05-13 21:00:00,13.2,85.4,50,65,65
2003129N05091,2003,UNNAMED,2003-05-14 00:00:00,13.6,85.5,45,65,65
2003129N05091,2003,UNNAMED,2003-05-14 03:00:00,14.0,85.5,45,65,65
2003129N05091,2003,UNNAMED,2003-05-14 06:00:00,14.1,85.5,45,55,55
2003129N05091,2003,UNNAMED,2003-05-14 09:00:00,14.4,85.8,43,55,55
2003129N05091,2003,UNNAMED,2003-05-14 12:00:00,14.5,86.0,40,45,45
2003129N05091,2003,UNNAMED,2003-05-14 15:00:00,14.6,86.1,38,35,35
2003129N05091,2003,UNNAMED,2003-05-14 18:00:00,14.6,86.1,35,35,35
2003129N05091,2003,UNNAMED,2003-05-14 21:00:00,14.6,86.3,35,35,35
2003129N05091,2003,UNNAMED,2003-05-15 00:00:00,14.7,86.2,35,35,35
2003129N05091,2003,UNNAMED,2003-05-15 03:00:00,14.6,86.1,35,35,35
2003129N05091,2003,UNNAMED,2003-05-15 06:00:00,14.5,86.1,35,35,35
2003129N05091,2003,UNNAMED,2003-05-15 09:00:00,14.4,86.2,35,35,35
2003129N05091,2003,UNNAMED,2003-05-15 12:00:00,14.4,86.3,35,35,35
2003129N05091,2003,UNNAMED,2003-05-15 15:00:00,14.4,86.3,35,35,35
2003129N05091,2003,UNNAMED,2003-05-15 18:00:00,14.5,86.4,35,35,35
2003129N05091,2003,UNNAMED,2003-05-15 21:00:00,14.5,86.5,38,35,35
2003129N05091,2003,UNNAMED,2003-05-16 00:00:00,14.5,86.6,40,35,35
2003129N05091,2003,UNNAMED,2003-05-16 03:00:00,14.4,86.8,43,35,35
2003129N05091,2003,UNNAMED,2003-05-16 06:00:00,14.4,86.8,45,35,35
2003129N05091,2003,UNNAMED,2003-05-16 09:00:00,14.3,86.7,45,35,35
2003129N05091,2003,UNNAMED,2003-05-16 12:00:00,14.3,86.9,45,30,30
2003129N05091,2003,UNNAMED,2003-05-16 15:00:00,14.2,86.9,43,30,30
2003129N05091,2003,UNNAMED,2003-05-16 18:00:00,14.1,86.9,40,30,30
2003129N05091,2003,UNNAMED,2003-05-16 21:00:00,14.0,87.0,40,30,30
2003129N05091,2003,UNNAMED,2003-05-17 00:00:00,13.9,87.2,40,30,30
2003129N05091,2003,UNNAMED,2003-05-17 03:00:00,13.8,87.7,40,30,30
2003129N05091,2003,UNNAMED,2003-05-17 06:00:00,13.8,87.9,40,30,30
2003129N05091,2003,UNNAMED,2003-05-17 09:00:00,13.8,88.1,40,30,30
2003129N05091,2003,UNNAMED,2003-05-17 12:00:00,13.9,88.7,40,30,30
2003129N05091,2003,UNNAMED,2003-05-17 15:00:00,14.0,89.1,35,30,30
2003129N05091,2003,UNNAMED,2003-05-17 18:00:00,14.1,89.6,30,30,30
2003129N05091,2003,UNNAMED,2003-05-17 21:00:00,14.2,90.1,30,30,30
2003129N05091,2003,UNNAMED,2003-05-18 00:00:00,14.4,90.5,30,30,30
2003129N05091,2003,UNNAMED,2003-05-18 03:00:00,14.6,90.9,30,30,30
2003129N05091,2003,UNNAMED,2003-05-18 06:00:00,14.9,91.0,30,30,30
2003129N05091,2003,UNNAMED,2003-05-18 09:00:00,15.0,91.2,30,30,30
2003129N05091,2003,UNNAMED,2003-05-18 12:00:00,15.2,91.7,30,30,30
2003129N05091,2003,UNNAMED,2003-05-18 15:00:00,15.4,91.8,30,30,30
2003129N05091,2003,UNNAMED,2003-05-18 18:00:00,15.9,92.3,30,30,30
2003129N05091,2003,UNNAMED,2003-05-18 21:00:00,16.3,92.3,33,30,30
2003129N05091,2003,UNNAMED,2003-05-19 00:00:00,16.8,92.6,35,30,30
2003129N05091,2003,UNNAMED,2003-05-19 03:00:00,17.2,92.9,40,30,30
2003129N05091,2003,UNNAMED,2003-05-19 06:00:00,17.9,93.2,45,35,35
2003129N05091,2003,UNNAMED,2003-05-19 09:00:00,18.3,93.2,45,35,35
2003129N05091,2003,UNNAMED,2003-05-19 12:00:00,18.7,93.6,45,35,35
2003129N05091,2003,UNNAMED,2003-05-19 15:00:00,19.2,93.7,43,35,35
2003129N05091,2003,UNNAMED,2003-05-19 18:00:00,19.6,94.0,40,45,45
2003129N05091,2003,UNNAMED,2003-05-19 21:00:00,20.0,94.5, , , 
2003206N21089,2003,UNNAMED,2003-07-25 03:00:00,21.0,89.0, ,25,25
2003206N21089,2003,UNNAMED,2003-07-25 06:00:00,21.2,88.7, , ,27
2003206N21089,2003,UNNAMED,2003-07-25 09:00:00,21.3,88.3, , ,28
2003206N21089,2003,UNNAMED,2003-07-25 12:00:00,21.5,88.0, ,30,30
2003206N21089,2003,UNNAMED,2003-07-25 15:00:00,21.6,87.7, , , 
2003206N21089,2003,UNNAMED,2003-07-25 18:00:00,21.8,87.3, , , 
2003206N21089,2003,UNNAMED,2003-07-25 21:00:00,21.9,87.0, , , 
2003206N21089,2003,UNNAMED,2003-07-26 00:00:00,21.9,86.5, , , 
2003206N21089,2003,UNNAMED,2003-07-26 03:00:00,22.0,86.0, ,30,30
2003206N21089,2003,UNNAMED,2003-07-26 06:00:00,22.0,85.4, , ,30
2003206N21089,2003,UNNAMED,2003-07-26 09:00:00,22.0,84.7, , ,30
2003206N21089,2003,UNNAMED,2003-07-26 12:00:00,22.0,84.0, ,30,30
2003206N21089,2003,UNNAMED,2003-07-26 15:00:00,22.0,83.3, , , 
2003206N21089,2003,UNNAMED,2003-07-26 18:00:00,22.1,82.5, , , 
2003206N21089,2003,UNNAMED,2003-07-26 21:00:00,22.2,81.7, , , 
2003206N21089,2003,UNNAMED,2003-07-27 00:00:00,22.4,80.8, , , 
2003206N21089,2003,UNNAMED,2003-07-27 03:00:00,22.5,80.0, ,25,25
2003206N21089,2003,UNNAMED,2003-07-27 06:00:00,22.7,79.1, , ,25
2003206N21089,2003,UNNAMED,2003-07-27 09:00:00,22.8,78.2, , ,25
2003206N21089,2003,UNNAMED,2003-07-27 12:00:00,23.0,77.5, ,25,25
2003206N21089,2003,UNNAMED,2003-07-27 15:00:00,23.2,77.0, , , 
2003206N21089,2003,UNNAMED,2003-07-27 18:00:00,23.4,76.7, , , 
2003206N21089,2003,UNNAMED,2003-07-27 21:00:00,23.6,76.6, , , 
2003206N21089,2003,UNNAMED,2003-07-28 00:00:00,23.8,76.5, , , 
2003206N21089,2003,UNNAMED,2003-07-28 03:00:00,24.0,76.5, ,25,25
2003240N21089,2003,UNNAMED,2003-08-27 12:00:00,20.5,88.5, ,25,25
2003240N21089,2003,UNNAMED,2003-08-27 15:00:00,20.6,87.9, , , 
2003240N21089,2003,UNNAMED,2003-08-27 18:00:00,20.7,87.3, , , 
2003240N21089,2003,UNNAMED,2003-08-27 21:00:00,20.8,86.7, , , 
2003240N21089,2003,UNNAMED,2003-08-28 00:00:00,20.9,86.1, , , 
2003240N21089,2003,UNNAMED,2003-08-28 03:00:00,21.0,85.5, ,25,25
2003240N21089,2003,UNNAMED,2003-08-28 06:00:00,21.0,85.5, , ,25
2003240N21089,2003,UNNAMED,2003-08-28 09:00:00,21.0,85.5, , ,25
2003240N21089,2003,UNNAMED,2003-08-28 12:00:00,21.0,85.5, ,25,25
2003279N17084,2003,UNNAMED,2003-10-06 03:00:00,16.5,84.0, ,25,25
2003279N17084,2003,UNNAMED,2003-10-06 06:00:00,16.7,84.0, , ,25
2003279N17084,2003,UNNAMED,2003-10-06 09:00:00,17.0,84.0, ,25,25
2003279N17084,2003,UNNAMED,2003-10-06 12:00:00,17.5,84.0, ,25,25
2003279N17084,2003,UNNAMED,2003-10-06 15:00:00,17.9,83.9, , , 
2003279N17084,2003,UNNAMED,2003-10-06 18:00:00,18.3,83.7, , , 
2003279N17084,2003,UNNAMED,2003-10-06 21:00:00,18.6,83.4, , , 
2003279N17084,2003,UNNAMED,2003-10-07 00:00:00,18.9,83.2, , , 
2003279N17084,2003,UNNAMED,2003-10-07 03:00:00,19.0,83.0, ,25,25
2003279N17084,2003,UNNAMED,2003-10-07 06:00:00,19.0,83.0, , ,25
2003279N17084,2003,UNNAMED,2003-10-07 09:00:00,19.0,83.0, , ,25
2003279N17084,2003,UNNAMED,2003-10-07 12:00:00,19.0,83.0, ,25,25
2003279N17084,2003,UNNAMED,2003-10-07 15:00:00,19.3,82.8, , , 
2003279N17084,2003,UNNAMED,2003-10-07 18:00:00,19.7,82.6, , , 
2003279N17084,2003,UNNAMED,2003-10-07 21:00:00,20.2,82.4, , , 
2003279N17084,2003,UNNAMED,2003-10-08 00:00:00,20.6,82.3, , , 
2003279N17084,2003,UNNAMED,2003-10-08 03:00:00,21.0,82.5, ,25,25
2003279N17084,2003,UNNAMED,2003-10-08 06:00:00,21.2,83.1, , ,25
2003279N17084,2003,UNNAMED,2003-10-08 09:00:00,21.3,83.8, , ,25
2003279N17084,2003,UNNAMED,2003-10-08 12:00:00,21.5,84.5, ,25,25
2003279N17084,2003,UNNAMED,2003-10-08 15:00:00,21.8,84.9, , , 
2003279N17084,2003,UNNAMED,2003-10-08 18:00:00,22.1,85.3, , , 
2003279N17084,2003,UNNAMED,2003-10-08 21:00:00,22.6,85.5, , , 
2003279N17084,2003,UNNAMED,2003-10-09 00:00:00,23.0,85.8, , , 
2003279N17084,2003,UNNAMED,2003-10-09 03:00:00,23.5,86.0, ,25,25
2003279N17084,2003,UNNAMED,2003-10-09 06:00:00,24.0,86.3, , ,25
2003279N17084,2003,UNNAMED,2003-10-09 09:00:00,24.5,86.6, , ,25
2003279N17084,2003,UNNAMED,2003-10-09 12:00:00,25.0,87.0, ,25,25
2003295N09101,2003,UNNAMED,2003-10-21 12:00:00,9.1,101.4,25, , 
2003295N09101,2003,UNNAMED,2003-10-21 15:00:00,9.3,101.4,25, , 
2003295N09101,2003,UNNAMED,2003-10-21 18:00:00,9.4,101.4,25, , 
2003295N09101,2003,UNNAMED,2003-10-21 21:00:00,9.5,101.4,25, , 
2003295N09101,2003,UNNAMED,2003-10-22 00:00:00,9.5,101.4,25, , 
2003295N09101,2003,UNNAMED,2003-10-22 03:00:00,9.5,101.4,25, , 
2003295N09101,2003,UNNAMED,2003-10-22 06:00:00,9.6,101.4,25, , 
2003295N09101,2003,UNNAMED,2003-10-22 09:00:00,9.6,101.4,28, , 
2003295N09101,2003,UNNAMED,2003-10-22 12:00:00,9.7,101.3,30, , 
2003295N09101,2003,UNNAMED,2003-10-22 15:00:00,9.8,101.3,28, , 
2003295N09101,2003,UNNAMED,2003-10-22 18:00:00,9.9,101.3,25, , 
2003295N09101,2003,UNNAMED,2003-10-22 21:00:00,10.0,101.2,25, , 
2003295N09101,2003,UNNAMED,2003-10-23 00:00:00,10.1,101.1,25, , 
2003295N09101,2003,UNNAMED,2003-10-23 03:00:00,10.2,101.0,25, , 
2003295N09101,2003,UNNAMED,2003-10-23 06:00:00,10.4,101.0,25, , 
2003295N09101,2003,UNNAMED,2003-10-23 09:00:00,10.5,101.0,25, , 
2003295N09101,2003,UNNAMED,2003-10-23 12:00:00,10.7,101.0,25, , 
2003295N09101,2003,UNNAMED,2003-10-23 15:00:00,10.8,101.1,25, , 
2003295N09101,2003,UNNAMED,2003-10-23 18:00:00,11.0,101.1,25, , 
2003295N09101,2003,UNNAMED,2003-10-23 21:00:00,11.2,101.1,25, , 
2003295N09101,2003,UNNAMED,2003-10-24 00:00:00,11.4,101.0,25, , 
2003295N09101,2003,UNNAMED,2003-10-24 03:00:00,11.5,100.9,25, , 
2003295N09101,2003,UNNAMED,2003-10-24 06:00:00,11.7,100.8,25, , 
2003295N09101,2003,UNNAMED,2003-10-24 09:00:00,11.9,100.6,25, , 
2003295N09101,2003,UNNAMED,2003-10-24 12:00:00,12.1,100.3,25, , 
2003295N09101,2003,UNNAMED,2003-10-24 15:00:00,12.3,100.0,25, , 
2003295N09101,2003,UNNAMED,2003-10-24 18:00:00,12.5,99.6,25, , 
2003295N09101,2003,UNNAMED,2003-10-24 21:00:00,12.5,99.1,25, , 
2003295N09101,2003,UNNAMED,2003-10-25 00:00:00,12.4,98.6,25, , 
2003295N09101,2003,UNNAMED,2003-10-25 03:00:00,12.4,98.0,25, , 
2003295N09101,2003,UNNAMED,2003-10-25 06:00:00,12.5,97.4,25, , 
2003295N09101,2003,UNNAMED,2003-10-25 09:00:00,12.8,96.8,25, , 
2003295N09101,2003,UNNAMED,2003-10-25 12:00:00,13.1,96.2,25, , 
2003295N09101,2003,UNNAMED,2003-10-25 15:00:00,13.2,95.6,25, , 
2003295N09101,2003,UNNAMED,2003-10-25 18:00:00,13.2,95.1,25, , 
2003295N09101,2003,UNNAMED,2003-10-25 21:00:00,13.2,94.6,25, , 
2003295N09101,2003,UNNAMED,2003-10-26 00:00:00,13.2,94.1,25, , 
2003295N09101,2003,UNNAMED,2003-10-26 03:00:00,13.2,93.7,25, , 
2003295N09101,2003,UNNAMED,2003-10-26 06:00:00,13.3,93.3,25,25,25
2003295N09101,2003,UNNAMED,2003-10-26 09:00:00,13.4,92.9,25, , 
2003295N09101,2003,UNNAMED,2003-10-26 12:00:00,13.5,92.3,25, , 
2003295N09101,2003,UNNAMED,2003-10-26 15:00:00,13.6,91.8,28, , 
2003295N09101,2003,UNNAMED,2003-10-26 18:00:00,13.7,91.2,30, , 
2003295N09101,2003,UNNAMED,2003-10-26 21:00:00,13.9,90.7,33,30,30
2003295N09101,2003,UNNAMED,2003-10-27 00:00:00,14.1,90.1,35, ,30
2003295N09101,2003,UNNAMED,2003-10-27 03:00:00,14.3,89.6,35, ,30
2003295N09101,2003,UNNAMED,2003-10-27 06:00:00,14.6,89.0,35,30,30
2003295N09101,2003,UNNAMED,2003-10-27 09:00:00,14.8,88.2,35, , 
2003295N09101,2003,UNNAMED,2003-10-27 12:00:00,15.2,87.3,35, , 
2003295N09101,2003,UNNAMED,2003-10-27 15:00:00,15.6,86.4,35, , 
2003295N09101,2003,UNNAMED,2003-10-27 18:00:00,16.1,85.6,35, , 
2003295N09101,2003,UNNAMED,2003-10-27 21:00:00,16.7,85.0,35,30,30
2003295N09101,2003,UNNAMED,2003-10-28 00:00:00,17.4,84.6,35, ,28
2003295N09101,2003,UNNAMED,2003-10-28 03:00:00,17.9,84.2,33,25,25
2003295N09101,2003,UNNAMED,2003-10-28 06:00:00,18.2,84.0,30, , 
2003295N09101,2003,UNNAMED,2003-10-28 09:00:00,18.5,83.7,30, , 
2003295N09101,2003,UNNAMED,2003-10-28 12:00:00,18.7,83.4,30, , 
2003315N09067,2003,UNNAMED,2003-11-10 12:00:00,8.7,67.1,15, , 
2003315N09067,2003,UNNAMED,2003-11-10 15:00:00,8.6,66.8,15, , 
2003315N09067,2003,UNNAMED,2003-11-10 18:00:00,8.5,66.4,15, , 
2003315N09067,2003,UNNAMED,2003-11-10 21:00:00,8.4,66.0,15, , 
2003315N09067,2003,UNNAMED,2003-11-11 00:00:00,8.3,65.7,15, , 
2003315N09067,2003,UNNAMED,2003-11-11 03:00:00,8.2,65.4,15, , 
2003315N09067,2003,UNNAMED,2003-11-11 06:00:00,8.0,65.1,15, , 
2003315N09067,2003,UNNAMED,2003-11-11 09:00:00,7.8,64.7,15, , 
2003315N09067,2003,UNNAMED,2003-11-11 12:00:00,7.6,64.2,15, , 
2003315N09067,2003,UNNAMED,2003-11-11 15:00:00,7.4,63.6,15, , 
2003315N09067,2003,UNNAMED,2003-11-11 18:00:00,7.1,63.0,15, , 
2003315N09067,2003,UNNAMED,2003-11-11 21:00:00,6.8,62.3,18, , 
2003315N09067,2003,UNNAMED,2003-11-12 00:00:00,6.5,61.6,20, , 
2003315N09067,2003,UNNAMED,2003-11-12 03:00:00,6.3,61.1,23,25,25
2003315N09067,2003,UNNAMED,2003-11-12 06:00:00,6.3,60.6,25, ,27
2003315N09067,2003,UNNAMED,2003-11-12 09:00:00,6.3,60.2,28, ,28
2003315N09067,2003,UNNAMED,2003-11-12 12:00:00,6.3,59.8,30,30,30
2003315N09067,2003,UNNAMED,2003-11-12 15:00:00,6.3,59.5,38, ,33
2003315N09067,2003,UNNAMED,2003-11-12 18:00:00,6.3,59.2,45,35,35
2003315N09067,2003,UNNAMED,2003-11-12 21:00:00,6.4,58.8,50, ,35
2003315N09067,2003,UNNAMED,2003-11-13 00:00:00,6.4,58.4,55,35,35
2003315N09067,2003,UNNAMED,2003-11-13 03:00:00,6.4,58.3,58,35,35
2003315N09067,2003,UNNAMED,2003-11-13 06:00:00,6.4,58.1,60,55,55
2003315N09067,2003,UNNAMED,2003-11-13 09:00:00,6.2,57.8,63,55,55
2003315N09067,2003,UNNAMED,2003-11-13 12:00:00,6.1,57.6,65,55,55
2003315N09067,2003,UNNAMED,2003-11-13 15:00:00,6.1,57.2,68,55,55
2003315N09067,2003,UNNAMED,2003-11-13 18:00:00,6.1,57.0,70,55,55
2003315N09067,2003,UNNAMED,2003-11-13 21:00:00,6.0,56.8,73,55,55
2003315N09067,2003,UNNAMED,2003-11-14 00:00:00,6.0,56.4,75,55,55
2003315N09067,2003,UNNAMED,2003-11-14 03:00:00,5.9,56.2,78,55,55
2003315N09067,2003,UNNAMED,2003-11-14 06:00:00,5.6,55.6,80,55,55
2003315N09067,2003,UNNAMED,2003-11-14 09:00:00,5.7,55.4,73,55,55
2003315N09067,2003,UNNAMED,2003-11-14 12:00:00,5.8,55.2,65,45,45
2003315N09067,2003,UNNAMED,2003-11-14 15:00:00,5.8,55.0,58,35,35
2003315N09067,2003,UNNAMED,2003-11-14 18:00:00,5.9,54.8,50,30,30
2003315N09067,2003,UNNAMED,2003-11-14 21:00:00,6.0,54.7,45,30,30
2003315N09067,2003,UNNAMED,2003-11-15 00:00:00,6.0,54.6,40,30,30
2003315N09067,2003,UNNAMED,2003-11-15 03:00:00,6.0,54.5,35,25,25
2003315N09067,2003,UNNAMED,2003-11-15 06:00:00,6.0,54.4,30, ,25
2003315N09067,2003,UNNAMED,2003-11-15 09:00:00,6.0,54.3,30, ,25
2003315N09067,2003,UNNAMED,2003-11-15 12:00:00,6.0,54.1,30,25,25
2003315N09067,2003,UNNAMED,2003-11-15 15:00:00,6.0,54.0,30, , 
2003315N09067,2003,UNNAMED,2003-11-15 18:00:00,6.0,53.8,30, , 
2003315N09067,2003,UNNAMED,2003-11-15 21:00:00,6.0,53.7,30, , 
2003315N09067,2003,UNNAMED,2003-11-16 00:00:00,5.9,53.5,30, , 
2003315N09067,2003,UNNAMED,2003-11-16 03:00:00,5.9,53.4,30, , 
2003315N09067,2003,UNNAMED,2003-11-16 06:00:00,5.8,53.2,30, , 
2003315N09067,2003,UNNAMED,2003-11-16 09:00:00,5.7,53.0,30, , 
2003315N09067,2003,UNNAMED,2003-11-16 12:00:00,5.6,52.8,30, , 
2003315N09067,2003,UNNAMED,2003-11-16 15:00:00,5.3,52.6,30, , 
2003315N09067,2003,UNNAMED,2003-11-16 18:00:00,5.0,52.3,30, , 
2003315N09067,2003,UNNAMED,2003-11-16 21:00:00,4.7,52.0,30, , 
2003315N09067,2003,UNNAMED,2003-11-17 00:00:00,4.4,51.7,30, , 
2003315N09067,2003,UNNAMED,2003-11-17 03:00:00,4.0,51.6,30, , 
2003315N09067,2003,UNNAMED,2003-11-17 06:00:00,3.7,51.5,30, , 
2003315N09067,2003,UNNAMED,2003-11-17 09:00:00,3.4,51.5,30, , 
2003315N09067,2003,UNNAMED,2003-11-17 12:00:00,3.2,51.5,30, , 
2003315N09067,2003,UNNAMED,2003-11-17 15:00:00,2.9,51.5,30, , 
2003315N09067,2003,UNNAMED,2003-11-17 18:00:00,2.7,51.6,30, , 
2003315N09067,2003,UNNAMED,2003-11-17 21:00:00,2.6,51.7,28, , 
2003315N09067,2003,UNNAMED,2003-11-18 00:00:00,2.5,51.8,25, , 
2003315N09067,2003,UNNAMED,2003-11-18 03:00:00,2.4,51.9,25, , 
2003315N09067,2003,UNNAMED,2003-11-18 06:00:00,2.4,52.0,25, , 
2003345N05092,2003,UNNAMED,2003-12-11 06:00:00,4.5,91.7,25, , 
2003345N05092,2003,UNNAMED,2003-12-11 09:00:00,4.7,91.2,25, , 
2003345N05092,2003,UNNAMED,2003-12-11 12:00:00,4.9,90.7,25,25,25
2003345N05092,2003,UNNAMED,2003-12-11 15:00:00,5.1,90.2,25, , 
2003345N05092,2003,UNNAMED,2003-12-11 18:00:00,5.3,89.9,25, , 
2003345N05092,2003,UNNAMED,2003-12-11 21:00:00,5.6,89.5,25, , 
2003345N05092,2003,UNNAMED,2003-12-12 00:00:00,6.0,89.2,25, , 
2003345N05092,2003,UNNAMED,2003-12-12 03:00:00,6.4,89.0,25,25,25
2003345N05092,2003,UNNAMED,2003-12-12 06:00:00,6.9,88.8,25, ,25
2003345N05092,2003,UNNAMED,2003-12-12 09:00:00,7.3,88.6,25, ,25
2003345N05092,2003,UNNAMED,2003-12-12 12:00:00,7.6,88.4,25,25,25
2003345N05092,2003,UNNAMED,2003-12-12 15:00:00,7.9,88.2,28, , 
2003345N05092,2003,UNNAMED,2003-12-12 18:00:00,8.1,88.1,30, , 
2003345N05092,2003,UNNAMED,2003-12-12 21:00:00,8.3,88.0,30, , 
2003345N05092,2003,UNNAMED,2003-12-13 00:00:00,8.4,87.8,30, , 
2003345N05092,2003,UNNAMED,2003-12-13 03:00:00,8.6,87.7,30,30,30
2003345N05092,2003,UNNAMED,2003-12-13 06:00:00,8.7,87.4,30, ,32
2003345N05092,2003,UNNAMED,2003-12-13 09:00:00,8.9,87.1,33, ,33
2003345N05092,2003,UNNAMED,2003-12-13 12:00:00,9.2,86.9,35,35,35
2003345N05092,2003,UNNAMED,2003-12-13 15:00:00,9.5,86.7,35,35,35
2003345N05092,2003,UNNAMED,2003-12-13 18:00:00,9.7,86.6,35,35,35
2003345N05092,2003,UNNAMED,2003-12-13 21:00:00,10.1,86.2,35,35,35
2003345N05092,2003,UNNAMED,2003-12-14 00:00:00,10.3,85.8,35,35,35
2003345N05092,2003,UNNAMED,2003-12-14 03:00:00,10.7,85.1,40,45,45
2003345N05092,2003,UNNAMED,2003-12-14 06:00:00,10.9,84.9,45,45,45
2003345N05092,2003,UNNAMED,2003-12-14 09:00:00,11.3,84.4,45,45,45
2003345N05092,2003,UNNAMED,2003-12-14 12:00:00,11.7,83.8,45,55,55
2003345N05092,2003,UNNAMED,2003-12-14 15:00:00,12.2,83.3,45,55,55
2003345N05092,2003,UNNAMED,2003-12-14 18:00:00,12.6,82.9,45,55,55
2003345N05092,2003,UNNAMED,2003-12-14 21:00:00,13.2,82.5,48,55,55
2003345N05092,2003,UNNAMED,2003-12-15 00:00:00,13.7,82.0,50,55,55
2003345N05092,2003,UNNAMED,2003-12-15 03:00:00,14.1,81.7,53,55,55
2003345N05092,2003,UNNAMED,2003-12-15 06:00:00,14.5,81.5,55,55,55
2003345N05092,2003,UNNAMED,2003-12-15 09:00:00,15.1,81.1,55,55,55
2003345N05092,2003,UNNAMED,2003-12-15 12:00:00,15.6,81.1,55,55,55
2003345N05092,2003,UNNAMED,2003-12-15 15:00:00,15.9,81.0,53,55,55
2003345N05092,2003,UNNAMED,2003-12-15 18:00:00,16.3,81.1,50,55,55
2003345N05092,2003,UNNAMED,2003-12-15 21:00:00,16.8,81.1,43, , 
2003345N05092,2003,UNNAMED,2003-12-16 00:00:00,17.3,81.1,35, , 
2003345N05092,2003,UNNAMED,2003-12-16 03:00:00,17.4,81.1,33, , 
2003345N05092,2003,UNNAMED,2003-12-16 06:00:00,17.7,81.5,30, , 
2003345N05092,2003,UNNAMED,2003-12-16 09:00:00,17.7,81.7, , , 
2003345N05092,2003,UNNAMED,2003-12-16 12:00:00,17.5,81.5, , , 
2004125N11074,2004,UNNAMED,2004-05-04 00:00:00,11.1,74.3,20, , 
2004125N11074,2004,UNNAMED,2004-05-04 03:00:00,11.1,74.1,23, , 
2004125N11074,2004,UNNAMED,2004-05-04 06:00:00,11.2,73.9,25, , 
2004125N11074,2004,UNNAMED,2004-05-04 09:00:00,11.3,73.7,28, , 
2004125N11074,2004,UNNAMED,2004-05-04 12:00:00,11.4,73.6,30, , 
2004125N11074,2004,UNNAMED,2004-05-04 15:00:00,11.5,73.5,30, , 
2004125N11074,2004,UNNAMED,2004-05-04 18:00:00,11.6,73.3,30, , 
2004125N11074,2004,UNNAMED,2004-05-04 21:00:00,11.6,73.1,30, , 
2004125N11074,2004,UNNAMED,2004-05-05 00:00:00,11.6,72.9,30, , 
2004125N11074,2004,UNNAMED,2004-05-05 03:00:00,11.5,72.9,33,25,25
2004125N11074,2004,UNNAMED,2004-05-05 06:00:00,11.4,73.0,35,30,30
2004125N11074,2004,UNNAMED,2004-05-05 09:00:00,11.4,72.9,35,30,30
2004125N11074,2004,UNNAMED,2004-05-05 12:00:00,11.3,73.0,35,35,35
2004125N11074,2004,UNNAMED,2004-05-05 15:00:00,11.2,72.9,35,35,35
2004125N11074,2004,UNNAMED,2004-05-05 18:00:00,11.2,73.1,35,35,35
2004125N11074,2004,UNNAMED,2004-05-05 21:00:00,11.2,73.2,35,35,35
2004125N11074,2004,UNNAMED,2004-05-06 00:00:00,11.3,73.2,35,35,35
2004125N11074,2004,UNNAMED,2004-05-06 03:00:00,11.4,73.2,38,45,45
2004125N11074,2004,UNNAMED,2004-05-06 06:00:00,11.4,73.2,40,45,45
2004125N11074,2004,UNNAMED,2004-05-06 09:00:00,11.4,73.2,40,45,45
2004125N11074,2004,UNNAMED,2004-05-06 12:00:00,11.5,73.2,40,45,45
2004125N11074,2004,UNNAMED,2004-05-06 15:00:00,11.6,73.1,40,45,45
2004125N11074,2004,UNNAMED,2004-05-06 18:00:00,11.7,73.1,40,45,45
2004125N11074,2004,UNNAMED,2004-05-06 21:00:00,11.8,73.0,43,45,45
2004125N11074,2004,UNNAMED,2004-05-07 00:00:00,11.9,72.9,45,45,45
2004125N11074,2004,UNNAMED,2004-05-07 03:00:00,12.4,72.3,45,55,55
2004125N11074,2004,UNNAMED,2004-05-07 06:00:00,12.7,72.1,45,55,55
2004125N11074,2004,UNNAMED,2004-05-07 09:00:00,12.8,72.3,40,55,55
2004125N11074,2004,UNNAMED,2004-05-07 12:00:00,12.8,72.6,35,55,55
2004125N11074,2004,UNNAMED,2004-05-07 15:00:00,12.5,73.0,35,55,55
2004125N11074,2004,UNNAMED,2004-05-07 18:00:00,12.4,73.1,35,55,55
2004125N11074,2004,UNNAMED,2004-05-07 21:00:00,12.5,73.3,35,55,55
2004125N11074,2004,UNNAMED,2004-05-08 00:00:00,12.7,73.5,35,55,55
2004125N11074,2004,UNNAMED,2004-05-08 03:00:00,12.9,73.6,40,55,55
2004125N11074,2004,UNNAMED,2004-05-08 06:00:00,13.2,73.5,45,55,55
2004125N11074,2004,UNNAMED,2004-05-08 09:00:00,13.5,73.4,45,55,55
2004125N11074,2004,UNNAMED,2004-05-08 12:00:00,13.7,73.2,45,45,45
2004125N11074,2004,UNNAMED,2004-05-08 15:00:00,13.9,73.1,45,45,45
2004125N11074,2004,UNNAMED,2004-05-08 18:00:00,14.1,72.9,45,45,45
2004125N11074,2004,UNNAMED,2004-05-08 21:00:00,14.3,72.7,43,45,45
2004125N11074,2004,UNNAMED,2004-05-09 00:00:00,14.5,72.5,40,45,45
2004125N11074,2004,UNNAMED,2004-05-09 03:00:00,14.8,71.9,38,45,45
2004125N11074,2004,UNNAMED,2004-05-09 06:00:00,15.3,71.1,35,45,45
2004125N11074,2004,UNNAMED,2004-05-09 09:00:00,15.9,70.5,33,45,45
2004125N11074,2004,UNNAMED,2004-05-09 12:00:00,16.5,70.1,30,45,45
2004125N11074,2004,UNNAMED,2004-05-09 15:00:00,17.0,70.0, ,45,45
2004125N11074,2004,UNNAMED,2004-05-09 18:00:00,17.5,70.0, ,45,45
2004125N11074,2004,UNNAMED,2004-05-09 21:00:00,18.0,70.0, ,45,45
2004125N11074,2004,UNNAMED,2004-05-10 00:00:00,18.5,70.0, ,35,35
2004125N11074,2004,UNNAMED,2004-05-10 03:00:00,19.0,70.0, ,35,35
2004125N11074,2004,UNNAMED,2004-05-10 06:00:00,19.0,70.0, ,30,30
2004125N11074,2004,UNNAMED,2004-05-10 09:00:00,19.5,70.0, ,25,25
2004136N15090,2004,UNNAMED,2004-05-14 18:00:00,14.8,89.7,15, , 
2004136N15090,2004,UNNAMED,2004-05-14 21:00:00,14.9,90.0,15, , 
2004136N15090,2004,UNNAMED,2004-05-15 00:00:00,14.9,90.4,15, , 
2004136N15090,2004,UNNAMED,2004-05-15 03:00:00,14.9,90.8,15, , 
2004136N15090,2004,UNNAMED,2004-05-15 06:00:00,14.9,91.3,15, , 
2004136N15090,2004,UNNAMED,2004-05-15 09:00:00,15.1,91.8,18, , 
2004136N15090,2004,UNNAMED,2004-05-15 12:00:00,15.4,92.1,20, , 
2004136N15090,2004,UNNAMED,2004-05-15 15:00:00,15.7,92.1,23, , 
2004136N15090,2004,UNNAMED,2004-05-15 18:00:00,16.1,92.0,25, , 
2004136N15090,2004,UNNAMED,2004-05-15 21:00:00,16.5,92.1,25, , 
2004136N15090,2004,UNNAMED,2004-05-16 00:00:00,16.8,92.2,25, , 
2004136N15090,2004,UNNAMED,2004-05-16 03:00:00,17.2,92.1,25, , 
2004136N15090,2004,UNNAMED,2004-05-16 06:00:00,17.5,91.8,25, , 
2004136N15090,2004,UNNAMED,2004-05-16 09:00:00,17.6,91.5,25,25,25
2004136N15090,2004,UNNAMED,2004-05-16 12:00:00,17.8,91.1,25,25,25
2004136N15090,2004,UNNAMED,2004-05-16 15:00:00,17.8,90.8,28, ,28
2004136N15090,2004,UNNAMED,2004-05-16 18:00:00,17.8,90.7,30,30,30
2004136N15090,2004,UNNAMED,2004-05-16 21:00:00,18.0,90.3,33,30,30
2004136N15090,2004,UNNAMED,2004-05-17 00:00:00,18.3,90.2,35,30,30
2004136N15090,2004,UNNAMED,2004-05-17 03:00:00,18.3,89.8,35,35,35
2004136N15090,2004,UNNAMED,2004-05-17 06:00:00,18.3,89.7,35,35,35
2004136N15090,2004,UNNAMED,2004-05-17 09:00:00,18.4,89.3,35,45,45
2004136N15090,2004,UNNAMED,2004-05-17 12:00:00,18.5,88.9,35,45,45
2004136N15090,2004,UNNAMED,2004-05-17 15:00:00,18.5,88.7,35,45,45
2004136N15090,2004,UNNAMED,2004-05-17 18:00:00,18.6,88.6,35,45,45
2004136N15090,2004,UNNAMED,2004-05-17 21:00:00,18.6,88.4,35,45,45
2004136N15090,2004,UNNAMED,2004-05-18 00:00:00,18.5,88.6,35,45,45
2004136N15090,2004,UNNAMED,2004-05-18 03:00:00,18.6,88.7,38,45,45
2004136N15090,2004,UNNAMED,2004-05-18 06:00:00,18.9,88.9,40,55,55
2004136N15090,2004,UNNAMED,2004-05-18 09:00:00,18.9,89.6,43,55,55
2004136N15090,2004,UNNAMED,2004-05-18 12:00:00,18.9,90.1,45,55,55
2004136N15090,2004,UNNAMED,2004-05-18 15:00:00,19.1,90.3,50,65,65
2004136N15090,2004,UNNAMED,2004-05-18 18:00:00,19.5,90.8,55,65,65
2004136N15090,2004,UNNAMED,2004-05-18 21:00:00,19.4,91.3,60,65,65
2004136N15090,2004,UNNAMED,2004-05-19 00:00:00,19.9,91.8,65,77,77
2004136N15090,2004,UNNAMED,2004-05-19 03:00:00,20.0,92.4,65,90,90
2004136N15090,2004,UNNAMED,2004-05-19 06:00:00,20.1,93.1,65, , 
2004136N15090,2004,UNNAMED,2004-05-19 09:00:00,20.5,93.9,60, , 
2004136N15090,2004,UNNAMED,2004-05-19 12:00:00,20.9,94.7,55, , 
2004136N15090,2004,UNNAMED,2004-05-19 15:00:00,21.4,95.5,43, , 
2004136N15090,2004,UNNAMED,2004-05-19 18:00:00,21.8,96.3,30, , 
2004162N18068,2004,UNNAMED,2004-06-10 03:00:00,17.5,67.5, ,25,25
2004162N18068,2004,UNNAMED,2004-06-10 06:00:00,17.5,67.5, ,25,25
2004162N18068,2004,UNNAMED,2004-06-10 09:00:00,17.5,66.5, ,30,30
2004162N18068,2004,UNNAMED,2004-06-10 12:00:00,17.5,66.5, ,30,30
2004162N18068,2004,UNNAMED,2004-06-10 15:00:00,17.5,66.5, ,30,30
2004162N18068,2004,UNNAMED,2004-06-10 18:00:00,17.5,66.5, ,30,30
2004162N18068,2004,UNNAMED,2004-06-10 21:00:00,17.5,66.0, ,30,30
2004162N18068,2004,UNNAMED,2004-06-11 00:00:00,18.0,66.0, ,30,30
2004162N18068,2004,UNNAMED,2004-06-11 03:00:00,18.0,66.0, ,30,30
2004162N18068,2004,UNNAMED,2004-06-11 06:00:00,18.0,66.0, ,30,30
2004162N18068,2004,UNNAMED,2004-06-11 09:00:00,18.0,66.0, ,30,30
2004162N18068,2004,UNNAMED,2004-06-11 12:00:00,18.0,66.0, ,30,30
2004162N18068,2004,UNNAMED,2004-06-11 15:00:00,18.0,66.0, ,30,30
2004162N18068,2004,UNNAMED,2004-06-11 18:00:00,18.0,66.0, ,30,30
2004162N18068,2004,UNNAMED,2004-06-11 21:00:00,18.0,66.0, ,30,30
2004162N18068,2004,UNNAMED,2004-06-12 00:00:00,18.0,66.0, ,30,30
2004162N18068,2004,UNNAMED,2004-06-12 03:00:00,18.0,66.0, ,30,30
2004162N18068,2004,UNNAMED,2004-06-12 06:00:00,18.0,66.0, ,30,30
2004162N18068,2004,UNNAMED,2004-06-12 09:00:00,18.0,66.0, ,30,30
2004162N18068,2004,UNNAMED,2004-06-12 12:00:00,18.0,65.5, ,25,25
2004162N18068,2004,UNNAMED,2004-06-12 15:00:00,18.0,65.1, , , 
2004162N18068,2004,UNNAMED,2004-06-12 18:00:00,18.0,64.9, , , 
2004162N18068,2004,UNNAMED,2004-06-12 21:00:00,18.0,64.8, , , 
2004162N18068,2004,UNNAMED,2004-06-13 00:00:00,18.0,64.9, , , 
2004162N18068,2004,UNNAMED,2004-06-13 03:00:00,18.0,65.0, ,25,25
2004163N15090,2004,UNNAMED,2004-06-11 03:00:00,15.5,90.0, ,25,25
2004163N15090,2004,UNNAMED,2004-06-11 06:00:00,15.5,90.0, ,25,25
2004163N15090,2004,UNNAMED,2004-06-11 09:00:00,15.5,89.5, ,25,25
2004163N15090,2004,UNNAMED,2004-06-11 12:00:00,15.5,89.0, ,25,25
2004163N15090,2004,UNNAMED,2004-06-11 15:00:00,15.5,89.0, ,25,25
2004163N15090,2004,UNNAMED,2004-06-11 18:00:00,15.5,89.0, ,25,25
2004163N15090,2004,UNNAMED,2004-06-11 21:00:00,15.5,89.0, ,25,25
2004163N15090,2004,UNNAMED,2004-06-12 00:00:00,16.0,88.0, ,25,25
2004163N15090,2004,UNNAMED,2004-06-12 03:00:00,17.5,87.0, ,30,30
2004163N15090,2004,UNNAMED,2004-06-12 06:00:00,17.5,87.0, ,30,30
2004163N15090,2004,UNNAMED,2004-06-12 09:00:00,17.5,86.5, ,30,30
2004163N15090,2004,UNNAMED,2004-06-12 12:00:00,18.0,86.0, ,30,30
2004163N15090,2004,UNNAMED,2004-06-12 15:00:00,18.0,86.0, ,30,30
2004163N15090,2004,UNNAMED,2004-06-12 18:00:00,18.5,85.5, ,30,30
2004163N15090,2004,UNNAMED,2004-06-12 21:00:00,19.0,85.5, ,30,30
2004163N15090,2004,UNNAMED,2004-06-13 00:00:00,19.5,85.5, ,30,30
2004163N15090,2004,UNNAMED,2004-06-13 03:00:00,19.5,85.5, ,30,30
2004163N15090,2004,UNNAMED,2004-06-13 06:00:00,19.5,85.5, ,30,30
2004163N15090,2004,UNNAMED,2004-06-13 09:00:00,20.0,85.5, ,30,30
2004163N15090,2004,UNNAMED,2004-06-13 12:00:00,20.5,85.5, ,30,30
2004163N15090,2004,UNNAMED,2004-06-13 15:00:00,20.9,85.4, , , 
2004163N15090,2004,UNNAMED,2004-06-13 18:00:00,21.1,85.2, , , 
2004163N15090,2004,UNNAMED,2004-06-13 21:00:00,21.2,84.8, , , 
2004163N15090,2004,UNNAMED,2004-06-14 00:00:00,21.3,84.5, , , 
2004163N15090,2004,UNNAMED,2004-06-14 03:00:00,21.5,84.0, ,30,30
2004163N15090,2004,UNNAMED,2004-06-14 06:00:00,21.7,83.5, , ,28
2004163N15090,2004,UNNAMED,2004-06-14 09:00:00,22.0,83.0, ,25,25
2004256N23089,2004,UNNAMED,2004-09-12 03:00:00,22.5,88.5, ,25,25
2004256N23089,2004,UNNAMED,2004-09-12 06:00:00,22.7,88.5, , ,25
2004256N23089,2004,UNNAMED,2004-09-12 09:00:00,22.9,88.5, , ,25
2004256N23089,2004,UNNAMED,2004-09-12 12:00:00,23.0,88.5, ,25,25
2004256N23089,2004,UNNAMED,2004-09-12 15:00:00,23.1,88.4, , , 
2004256N23089,2004,UNNAMED,2004-09-12 18:00:00,23.1,88.3, , , 
2004256N23089,2004,UNNAMED,2004-09-12 21:00:00,23.1,88.2, , , 
2004256N23089,2004,UNNAMED,2004-09-13 00:00:00,23.0,88.1, , , 
2004256N23089,2004,UNNAMED,2004-09-13 03:00:00,23.0,88.0, ,25,25
2004256N23089,2004,UNNAMED,2004-09-13 06:00:00,23.0,88.0, , ,25
2004256N23089,2004,UNNAMED,2004-09-13 09:00:00,23.0,88.0, , ,25
2004256N23089,2004,UNNAMED,2004-09-13 12:00:00,23.0,88.0, ,25,25
2004256N23089,2004,UNNAMED,2004-09-13 15:00:00,22.9,88.0, , , 
2004256N23089,2004,UNNAMED,2004-09-13 18:00:00,22.8,88.0, , , 
2004256N23089,2004,UNNAMED,2004-09-13 21:00:00,22.7,88.0, , , 
2004256N23089,2004,UNNAMED,2004-09-14 00:00:00,22.6,88.0, , , 
2004256N23089,2004,UNNAMED,2004-09-14 03:00:00,22.5,88.0, ,25,25
2004256N23089,2004,UNNAMED,2004-09-14 06:00:00,22.5,88.0, , ,25
2004256N23089,2004,UNNAMED,2004-09-14 09:00:00,22.5,88.0, , ,25
2004256N23089,2004,UNNAMED,2004-09-14 12:00:00,22.5,88.0, ,25,25
2004256N23089,2004,UNNAMED,2004-09-14 15:00:00,22.5,88.0, , , 
2004256N23089,2004,UNNAMED,2004-09-14 18:00:00,22.5,88.0, , , 
2004256N23089,2004,UNNAMED,2004-09-14 21:00:00,22.5,88.0, , , 
2004256N23089,2004,UNNAMED,2004-09-15 00:00:00,22.5,88.0, , , 
2004256N23089,2004,UNNAMED,2004-09-15 03:00:00,22.5,88.0, ,25,25
2004256N23089,2004,UNNAMED,2004-09-15 06:00:00,22.5,88.0, , ,25
2004256N23089,2004,UNNAMED,2004-09-15 09:00:00,22.5,88.0, , ,25
2004256N23089,2004,UNNAMED,2004-09-15 12:00:00,22.5,88.0, ,25,25
2004274N16069,2004,UNNAMED,2004-09-30 06:00:00,16.3,69.0,20, , 
2004274N16069,2004,UNNAMED,2004-09-30 09:00:00,16.5,68.8,20,25,25
2004274N16069,2004,UNNAMED,2004-09-30 12:00:00,16.9,68.3,20,30,30
2004274N16069,2004,UNNAMED,2004-09-30 15:00:00,17.3,67.8,23,30,30
2004274N16069,2004,UNNAMED,2004-09-30 18:00:00,17.7,67.7,25,30,30
2004274N16069,2004,UNNAMED,2004-09-30 21:00:00,18.1,67.3,28,30,30
2004274N16069,2004,UNNAMED,2004-10-01 00:00:00,18.5,67.0,30,30,30
2004274N16069,2004,UNNAMED,2004-10-01 03:00:00,18.9,66.9,30,30,30
2004274N16069,2004,UNNAMED,2004-10-01 06:00:00,19.1,66.8,30,30,30
2004274N16069,2004,UNNAMED,2004-10-01 09:00:00,19.5,66.5,30,35,35
2004274N16069,2004,UNNAMED,2004-10-01 12:00:00,19.9,66.5,30,35,35
2004274N16069,2004,UNNAMED,2004-10-01 15:00:00,20.1,66.5,33,35,35
2004274N16069,2004,UNNAMED,2004-10-01 18:00:00,20.3,66.6,35,35,35
2004274N16069,2004,UNNAMED,2004-10-01 21:00:00,20.4,66.6,35,35,35
2004274N16069,2004,UNNAMED,2004-10-02 00:00:00,21.0,66.7,35,35,35
2004274N16069,2004,UNNAMED,2004-10-02 03:00:00,21.1,66.8,35,35,35
2004274N16069,2004,UNNAMED,2004-10-02 06:00:00,21.5,67.1,35,45,45
2004274N16069,2004,UNNAMED,2004-10-02 09:00:00,21.6,67.2,35,55,55
2004274N16069,2004,UNNAMED,2004-10-02 12:00:00,22.1,67.6,35,55,55
2004274N16069,2004,UNNAMED,2004-10-02 15:00:00,22.2,67.7,33,55,55
2004274N16069,2004,UNNAMED,2004-10-02 18:00:00,22.6,68.1,30,55,55
2004274N16069,2004,UNNAMED,2004-10-02 21:00:00,22.6,68.4,28,55,55
2004274N16069,2004,UNNAMED,2004-10-03 00:00:00,23.0,68.5,25,35,35
2004274N16069,2004,UNNAMED,2004-10-03 03:00:00,23.1,68.5,28,30,30
2004274N16069,2004,UNNAMED,2004-10-03 06:00:00,23.2,68.4,30,30,30
2004274N16069,2004,UNNAMED,2004-10-03 09:00:00,23.2,68.3,30,30,30
2004274N16069,2004,UNNAMED,2004-10-03 12:00:00,23.2,68.2,30,25,25
2004274N16069,2004,UNNAMED,2004-10-03 15:00:00,23.2,68.0,30,25,25
2004274N16069,2004,UNNAMED,2004-10-03 18:00:00,23.1,67.7,30,25,25
2004274N16069,2004,UNNAMED,2004-10-03 21:00:00,22.8,67.4,28, , 
2004274N16069,2004,UNNAMED,2004-10-04 00:00:00,22.5,67.4,25, , 
2004274N16069,2004,UNNAMED,2004-10-04 03:00:00,22.2,67.4,25, , 
2004274N16069,2004,UNNAMED,2004-10-04 06:00:00,21.9,67.3,25, , 
2004274N16069,2004,UNNAMED,2004-10-04 09:00:00,21.6,67.2,25, , 
2004274N16069,2004,UNNAMED,2004-10-04 12:00:00,21.3,67.2,25, , 
2004274N16069,2004,UNNAMED,2004-10-04 15:00:00,21.0,67.2,25, , 
2004274N16069,2004,UNNAMED,2004-10-04 18:00:00,20.8,67.2,25, , 
2004274N16069,2004,UNNAMED,2004-10-04 21:00:00,20.6,67.4,25, , 
2004274N16069,2004,UNNAMED,2004-10-05 00:00:00,20.4,67.7,25, , 
2004274N16069,2004,UNNAMED,2004-10-05 03:00:00,20.2,67.8,25, , 
2004274N16069,2004,UNNAMED,2004-10-05 06:00:00,19.9,67.8,25, , 
2004274N16069,2004,UNNAMED,2004-10-05 09:00:00,19.6,67.8,25, , 
2004274N16069,2004,UNNAMED,2004-10-05 12:00:00,19.4,67.8,25, , 
2004274N16069,2004,UNNAMED,2004-10-05 15:00:00,19.2,67.8,23, , 
2004274N16069,2004,UNNAMED,2004-10-05 18:00:00,19.1,67.9,20, , 
2004274N16069,2004,UNNAMED,2004-10-05 21:00:00,18.9,68.0,20, , 
2004274N16069,2004,UNNAMED,2004-10-06 00:00:00,18.8,68.0,20, , 
2004274N16069,2004,UNNAMED,2004-10-06 03:00:00,18.7,68.0,20, , 
2004274N16069,2004,UNNAMED,2004-10-06 06:00:00,18.6,68.0,20, , 
2004274N16069,2004,UNNAMED,2004-10-06 09:00:00,18.5,68.0,20, , 
2004274N16069,2004,UNNAMED,2004-10-06 12:00:00,18.4,68.1,20, , 
2004274N16069,2004,UNNAMED,2004-10-06 15:00:00,18.3,68.1,23, , 
2004274N16069,2004,UNNAMED,2004-10-06 18:00:00,18.2,68.2,25, , 
2004274N16069,2004,UNNAMED,2004-10-06 21:00:00,18.1,68.2,25, , 
2004274N16069,2004,UNNAMED,2004-10-07 00:00:00,18.0,68.3,25, , 
2004274N16069,2004,UNNAMED,2004-10-07 03:00:00,17.9,68.4,25, , 
2004274N16069,2004,UNNAMED,2004-10-07 06:00:00,17.9,68.5,25, , 
2004274N16069,2004,UNNAMED,2004-10-07 09:00:00,18.0,68.7,25, , 
2004274N16069,2004,UNNAMED,2004-10-07 12:00:00,18.1,68.8,25, , 
2004274N16069,2004,UNNAMED,2004-10-07 15:00:00,18.2,68.7,25, , 
2004274N16069,2004,UNNAMED,2004-10-07 18:00:00,18.3,68.6,25, , 
2004274N16069,2004,UNNAMED,2004-10-07 21:00:00,18.4,68.6,25, , 
2004274N16069,2004,UNNAMED,2004-10-08 00:00:00,18.6,68.6,25, , 
2004274N16069,2004,UNNAMED,2004-10-08 03:00:00,18.8,68.6,25, , 
2004274N16069,2004,UNNAMED,2004-10-08 06:00:00,18.9,68.6,25, , 
2004274N16069,2004,UNNAMED,2004-10-08 09:00:00,19.0,68.7,25, , 
2004274N16069,2004,UNNAMED,2004-10-08 12:00:00,19.1,68.8,25, , 
2004274N16069,2004,UNNAMED,2004-10-08 15:00:00,19.2,68.9,25, , 
2004274N16069,2004,UNNAMED,2004-10-08 18:00:00,19.4,68.9,25, , 
2004274N16069,2004,UNNAMED,2004-10-08 21:00:00,19.5,69.0,25, , 
2004274N16069,2004,UNNAMED,2004-10-09 00:00:00,19.6,69.1,25, , 
2004274N16069,2004,UNNAMED,2004-10-09 03:00:00,19.7,69.2,25, , 
2004274N16069,2004,UNNAMED,2004-10-09 06:00:00,19.9,69.3,25, , 
2004274N16069,2004,UNNAMED,2004-10-09 09:00:00,20.1,69.4,25, , 
2004274N16069,2004,UNNAMED,2004-10-09 12:00:00,20.4,69.6,25, , 
2004274N16069,2004,UNNAMED,2004-10-09 15:00:00,20.7,69.9,25, , 
2004274N16069,2004,UNNAMED,2004-10-09 18:00:00,20.9,70.2,25, , 
2004274N16069,2004,UNNAMED,2004-10-09 21:00:00,21.0,70.5,25, , 
2004274N16069,2004,UNNAMED,2004-10-10 00:00:00,21.0,70.7,25, , 
2004276N12087,2004,UNNAMED,2004-10-02 03:00:00,11.5,87.0, ,25,25
2004276N12087,2004,UNNAMED,2004-10-02 06:00:00,12.0,86.5, ,25,25
2004276N12087,2004,UNNAMED,2004-10-02 09:00:00,12.5,86.0, ,25,25
2004276N12087,2004,UNNAMED,2004-10-02 12:00:00,12.5,86.0, ,25,25
2004276N12087,2004,UNNAMED,2004-10-02 15:00:00,13.0,85.5, ,25,25
2004276N12087,2004,UNNAMED,2004-10-02 18:00:00,13.0,85.5, ,25,25
2004276N12087,2004,UNNAMED,2004-10-02 21:00:00,13.0,85.5, ,25,25
2004276N12087,2004,UNNAMED,2004-10-03 00:00:00,13.5,85.0, ,25,25
2004276N12087,2004,UNNAMED,2004-10-03 03:00:00,14.5,84.5, ,25,25
2004276N12087,2004,UNNAMED,2004-10-03 06:00:00,14.5,84.5, ,25,25
2004276N12087,2004,UNNAMED,2004-10-03 09:00:00,15.0,84.0, ,25,25
2004276N12087,2004,UNNAMED,2004-10-03 12:00:00,15.5,83.5, ,25,25
2004276N12087,2004,UNNAMED,2004-10-03 15:00:00,15.5,83.5, ,25,25
2004276N12087,2004,UNNAMED,2004-10-03 18:00:00,16.5,83.0, ,25,25
2004276N12087,2004,UNNAMED,2004-10-03 21:00:00,17.0,83.0, ,25,25
2004276N12087,2004,UNNAMED,2004-10-04 00:00:00,17.5,82.5, ,25,25
2004276N12087,2004,UNNAMED,2004-10-04 03:00:00,18.0,84.0, ,25,25
2004281N23087,2004,UNNAMED,2004-10-07 03:00:00,22.5,87.0, ,25,25
2004281N23087,2004,UNNAMED,2004-10-07 06:00:00,22.8,87.3, , ,25
2004281N23087,2004,UNNAMED,2004-10-07 09:00:00,23.2,87.7, , ,25
2004281N23087,2004,UNNAMED,2004-10-07 12:00:00,23.5,88.0, ,25,25
2004281N23087,2004,UNNAMED,2004-10-07 15:00:00,23.6,88.4, , , 
2004281N23087,2004,UNNAMED,2004-10-07 18:00:00,23.7,88.8, , , 
2004281N23087,2004,UNNAMED,2004-10-07 21:00:00,23.8,89.2, , , 
2004281N23087,2004,UNNAMED,2004-10-08 00:00:00,23.9,89.6, , , 
2004281N23087,2004,UNNAMED,2004-10-08 03:00:00,24.0,90.0, ,25,25
2004307N09068,2004,UNNAMED,2004-11-01 12:00:00,9.4,67.8,20, , 
2004307N09068,2004,UNNAMED,2004-11-01 15:00:00,9.7,67.5,20, , 
2004307N09068,2004,UNNAMED,2004-11-01 18:00:00,10.0,67.1,20, , 
2004307N09068,2004,UNNAMED,2004-11-01 21:00:00,10.2,66.6,20, , 
2004307N09068,2004,UNNAMED,2004-11-02 00:00:00,10.4,66.3,20, , 
2004307N09068,2004,UNNAMED,2004-11-02 03:00:00,10.8,66.3,23, , 
2004307N09068,2004,UNNAMED,2004-11-02 06:00:00,11.3,66.4,25, , 
2004307N09068,2004,UNNAMED,2004-11-02 09:00:00,11.7,66.5,25, , 
2004307N09068,2004,UNNAMED,2004-11-02 12:00:00,12.1,66.7,25,25,25
2004307N09068,2004,UNNAMED,2004-11-02 15:00:00,12.3,66.9,25, , 
2004307N09068,2004,UNNAMED,2004-11-02 18:00:00,12.6,67.0,25, , 
2004307N09068,2004,UNNAMED,2004-11-02 21:00:00,12.8,67.1,25, , 
2004307N09068,2004,UNNAMED,2004-11-03 00:00:00,13.1,67.1,25, , 
2004307N09068,2004,UNNAMED,2004-11-03 03:00:00,13.3,67.0,25,25,25
2004307N09068,2004,UNNAMED,2004-11-03 06:00:00,13.5,67.0,25, ,25
2004307N09068,2004,UNNAMED,2004-11-03 09:00:00,13.7,66.9,25, ,25
2004307N09068,2004,UNNAMED,2004-11-03 12:00:00,13.9,66.9,25,25,25
2004307N09068,2004,UNNAMED,2004-11-03 15:00:00,14.1,66.8,25, , 
2004307N09068,2004,UNNAMED,2004-11-03 18:00:00,14.2,66.8,25, , 
2004307N09068,2004,UNNAMED,2004-11-03 21:00:00,14.2,66.7,28, , 
2004307N09068,2004,UNNAMED,2004-11-04 00:00:00,14.1,66.7,30, , 
2004307N09068,2004,UNNAMED,2004-11-04 03:00:00,14.1,66.6,33,25,25
2004307N09068,2004,UNNAMED,2004-11-04 06:00:00,14.2,66.5,35, ,25
2004307N09068,2004,UNNAMED,2004-11-04 09:00:00,14.2,66.4,35, ,25
2004307N09068,2004,UNNAMED,2004-11-04 12:00:00,14.3,66.4,35,25,25
2004307N09068,2004,UNNAMED,2004-11-04 15:00:00,14.2,66.4,35, , 
2004307N09068,2004,UNNAMED,2004-11-04 18:00:00,14.1,66.4,35, , 
2004307N09068,2004,UNNAMED,2004-11-04 21:00:00,14.0,66.4,35, , 
2004307N09068,2004,UNNAMED,2004-11-05 00:00:00,13.9,66.3,35, , 
2004307N09068,2004,UNNAMED,2004-11-05 03:00:00,14.0,66.1,38,30,30
2004307N09068,2004,UNNAMED,2004-11-05 06:00:00,14.1,65.8,40, ,30
2004307N09068,2004,UNNAMED,2004-11-05 09:00:00,14.4,65.5,40, ,30
2004307N09068,2004,UNNAMED,2004-11-05 12:00:00,14.6,65.1,40,30,30
2004307N09068,2004,UNNAMED,2004-11-05 15:00:00,14.7,64.7,40, , 
2004307N09068,2004,UNNAMED,2004-11-05 18:00:00,14.7,64.2,40, , 
2004307N09068,2004,UNNAMED,2004-11-05 21:00:00,14.8,63.7,38, , 
2004307N09068,2004,UNNAMED,2004-11-06 00:00:00,14.8,63.1,35, , 
2004307N09068,2004,UNNAMED,2004-11-06 03:00:00,14.8,62.5,35,30,30
2004307N09068,2004,UNNAMED,2004-11-06 06:00:00,14.9,61.9,35, ,28
2004307N09068,2004,UNNAMED,2004-11-06 09:00:00,14.9,61.3,35,25,25
2004307N09068,2004,UNNAMED,2004-11-06 12:00:00,15.0,60.8,35,25,25
2004307N09068,2004,UNNAMED,2004-11-06 15:00:00,15.0,60.3,35, , 
2004307N09068,2004,UNNAMED,2004-11-06 18:00:00,15.0,59.8,35, , 
2004307N09068,2004,UNNAMED,2004-11-06 21:00:00,14.9,59.3,35, , 
2004307N09068,2004,UNNAMED,2004-11-07 00:00:00,14.8,58.8,35, , 
2004307N09068,2004,UNNAMED,2004-11-07 03:00:00,14.6,58.2,35,25,25
2004307N09068,2004,UNNAMED,2004-11-07 06:00:00,14.3,57.6,35, ,25
2004307N09068,2004,UNNAMED,2004-11-07 09:00:00,13.9,57.1,30,25,25
2004307N09068,2004,UNNAMED,2004-11-07 12:00:00,13.4,56.7,25,25,25
2004307N09068,2004,UNNAMED,2004-11-07 15:00:00,13.1,56.4,25, , 
2004307N09068,2004,UNNAMED,2004-11-07 18:00:00,12.8,55.9,25, , 
2004307N09068,2004,UNNAMED,2004-11-07 21:00:00,12.6,55.4,25, , 
2004307N09068,2004,UNNAMED,2004-11-08 00:00:00,12.4,54.9,25, , 
2004307N09068,2004,UNNAMED,2004-11-08 03:00:00,12.3,54.4,25, , 
2004307N09068,2004,UNNAMED,2004-11-08 06:00:00,12.2,53.8,25, , 
2004307N09068,2004,UNNAMED,2004-11-08 09:00:00,12.1,53.2,25, , 
2004307N09068,2004,UNNAMED,2004-11-08 12:00:00,11.9,52.7,25, , 
2004319N10134,2004,MUIFA,2004-11-13 18:00:00,9.6,134.2,20, , 
2004319N10134,2004,MUIFA,2004-11-13 21:00:00,10.1,133.2,25, , 
2004319N10134,2004,MUIFA,2004-11-14 00:00:00,10.4,132.3,30, , 
2004319N10134,2004,MUIFA,2004-11-14 03:00:00,10.8,131.5,30, , 
2004319N10134,2004,MUIFA,2004-11-14 06:00:00,11.1,130.7,30, , 
2004319N10134,2004,MUIFA,2004-11-14 09:00:00,11.6,129.8,33, , 
2004319N10134,2004,MUIFA,2004-11-14 12:00:00,12.0,129.0,35, , 
2004319N10134,2004,MUIFA,2004-11-14 15:00:00,12.3,128.1,35, , 
2004319N10134,2004,MUIFA,2004-11-14 18:00:00,12.4,127.3,35,35, 
2004319N10134,2004,MUIFA,2004-11-14 21:00:00,12.3,126.7,35, , 
2004319N10134,2004,MUIFA,2004-11-15 00:00:00,12.3,126.4,35,35, 
2004319N10134,2004,MUIFA,2004-11-15 03:00:00,12.7,126.2,35, , 
2004319N10134,2004,MUIFA,2004-11-15 06:00:00,13.1,126.2,35,35, 
2004319N10134,2004,MUIFA,2004-11-15 09:00:00,13.4,126.0,35, , 
2004319N10134,2004,MUIFA,2004-11-15 12:00:00,13.7,125.7,35,35, 
2004319N10134,2004,MUIFA,2004-11-15 15:00:00,13.8,125.5,35, , 
2004319N10134,2004,MUIFA,2004-11-15 18:00:00,13.9,125.4,35,35, 
2004319N10134,2004,MUIFA,2004-11-15 21:00:00,14.0,125.4,38, , 
2004319N10134,2004,MUIFA,2004-11-16 00:00:00,14.2,125.4,40,35, 
2004319N10134,2004,MUIFA,2004-11-16 03:00:00,14.4,125.1,43, , 
2004319N10134,2004,MUIFA,2004-11-16 06:00:00,14.6,124.7,45,45, 
2004319N10134,2004,MUIFA,2004-11-16 09:00:00,14.5,124.3,50, , 
2004319N10134,2004,MUIFA,2004-11-16 12:00:00,14.4,124.0,55,50, 
2004319N10134,2004,MUIFA,2004-11-16 15:00:00,14.4,123.8,55, , 
2004319N10134,2004,MUIFA,2004-11-16 18:00:00,14.4,123.7,55,50, 
2004319N10134,2004,MUIFA,2004-11-16 21:00:00,14.4,123.7,58, , 
2004319N10134,2004,MUIFA,2004-11-17 00:00:00,14.5,123.6,60,50, 
2004319N10134,2004,MUIFA,2004-11-17 03:00:00,14.6,123.6,63, , 
2004319N10134,2004,MUIFA,2004-11-17 06:00:00,14.7,123.6,65,50, 
2004319N10134,2004,MUIFA,2004-11-17 09:00:00,14.8,123.7,70, , 
2004319N10134,2004,MUIFA,2004-11-17 12:00:00,15.0,123.7,75,55, 
2004319N10134,2004,MUIFA,2004-11-17 15:00:00,15.2,123.7,83, , 
2004319N10134,2004,MUIFA,2004-11-17 18:00:00,15.4,123.7,90,65, 
2004319N10134,2004,MUIFA,2004-11-17 21:00:00,15.5,123.7,98, , 
2004319N10134,2004,MUIFA,2004-11-18 00:00:00,15.6,123.7,105,75, 
2004319N10134,2004,MUIFA,2004-11-18 03:00:00,15.7,123.8,110, , 
2004319N10134,2004,MUIFA,2004-11-18 06:00:00,15.8,123.9,115,80, 
2004319N10134,2004,MUIFA,2004-11-18 09:00:00,15.8,124.0,115, , 
2004319N10134,2004,MUIFA,2004-11-18 12:00:00,15.9,124.1,115,80, 
2004319N10134,2004,MUIFA,2004-11-18 15:00:00,15.8,124.2,110, , 
2004319N10134,2004,MUIFA,2004-11-18 18:00:00,15.8,124.3,105,75, 
2004319N10134,2004,MUIFA,2004-11-18 21:00:00,15.6,124.3,105, , 
2004319N10134,2004,MUIFA,2004-11-19 00:00:00,15.4,124.3,105,70, 
2004319N10134,2004,MUIFA,2004-11-19 03:00:00,15.1,124.2,98, , 
2004319N10134,2004,MUIFA,2004-11-19 06:00:00,14.8,124.1,90,70, 
2004319N10134,2004,MUIFA,2004-11-19 09:00:00,14.5,124.0,88, , 
2004319N10134,2004,MUIFA,2004-11-19 12:00:00,14.3,123.7,85,65, 
2004319N10134,2004,MUIFA,2004-11-19 15:00:00,14.0,123.2,83, , 
2004319N10134,2004,MUIFA,2004-11-19 18:00:00,13.6,122.7,80,50, 
2004319N10134,2004,MUIFA,2004-11-19 21:00:00,13.2,122.1,78, , 
2004319N10134,2004,MUIFA,2004-11-20 00:00:00,12.8,121.6,75,45, 
2004319N10134,2004,MUIFA,2004-11-20 03:00:00,12.6,120.9,70, , 
2004319N10134,2004,MUIFA,2004-11-20 06:00:00,12.4,120.3,65,55, 
2004319N10134,2004,MUIFA,2004-11-20 09:00:00,12.4,119.8,63, , 
2004319N10134,2004,MUIFA,2004-11-20 12:00:00,12.3,119.4,60,55, 
2004319N10134,2004,MUIFA,2004-11-20 15:00:00,12.3,118.9,63, , 
2004319N10134,2004,MUIFA,2004-11-20 18:00:00,12.3,118.4,65,55, 
2004319N10134,2004,MUIFA,2004-11-20 21:00:00,12.2,117.8,65, , 
2004319N10134,2004,MUIFA,2004-11-21 00:00:00,12.0,117.2,65,55, 
2004319N10134,2004,MUIFA,2004-11-21 03:00:00,12.0,116.6,68, , 
2004319N10134,2004,MUIFA,2004-11-21 06:00:00,11.9,116.1,70,60, 
2004319N10134,2004,MUIFA,2004-11-21 09:00:00,11.9,115.6,75, , 
2004319N10134,2004,MUIFA,2004-11-21 12:00:00,11.8,115.2,80,65, 
2004319N10134,2004,MUIFA,2004-11-21 15:00:00,11.8,114.8,85, , 
2004319N10134,2004,MUIFA,2004-11-21 18:00:00,11.7,114.4,90,65, 
2004319N10134,2004,MUIFA,2004-11-21 21:00:00,11.6,114.0,88, , 
2004319N10134,2004,MUIFA,2004-11-22 00:00:00,11.5,113.7,85,65, 
2004319N10134,2004,MUIFA,2004-11-22 03:00:00,11.3,113.3,85, , 
2004319N10134,2004,MUIFA,2004-11-22 06:00:00,11.1,113.0,85,60, 
2004319N10134,2004,MUIFA,2004-11-22 09:00:00,10.9,112.8,80, , 
2004319N10134,2004,MUIFA,2004-11-22 12:00:00,10.8,112.6,75,60, 
2004319N10134,2004,MUIFA,2004-11-22 15:00:00,10.7,112.4,70, , 
2004319N10134,2004,MUIFA,2004-11-22 18:00:00,10.6,112.2,65,60, 
2004319N10134,2004,MUIFA,2004-11-22 21:00:00,10.4,112.0,65, , 
2004319N10134,2004,MUIFA,2004-11-23 00:00:00,10.3,111.8,65,55, 
2004319N10134,2004,MUIFA,2004-11-23 03:00:00,10.1,111.5,65, , 
2004319N10134,2004,MUIFA,2004-11-23 06:00:00,10.0,111.3,65,55, 
2004319N10134,2004,MUIFA,2004-11-23 09:00:00,9.9,111.0,63, , 
2004319N10134,2004,MUIFA,2004-11-23 12:00:00,9.8,110.7,60,55, 
2004319N10134,2004,MUIFA,2004-11-23 15:00:00,9.7,110.5,58, , 
2004319N10134,2004,MUIFA,2004-11-23 18:00:00,9.6,110.2,55,50, 
2004319N10134,2004,MUIFA,2004-11-23 21:00:00,9.4,109.9,55, , 
2004319N10134,2004,MUIFA,2004-11-24 00:00:00,9.2,109.5,55,50, 
2004319N10134,2004,MUIFA,2004-11-24 03:00:00,9.1,109.1,53, , 
2004319N10134,2004,MUIFA,2004-11-24 06:00:00,8.9,108.6,50,45, 
2004319N10134,2004,MUIFA,2004-11-24 09:00:00,8.7,107.9,45, , 
2004319N10134,2004,MUIFA,2004-11-24 12:00:00,8.5,107.2,40,35, 
2004319N10134,2004,MUIFA,2004-11-24 15:00:00,8.4,106.4,40, , 
2004319N10134,2004,MUIFA,2004-11-24 18:00:00,8.4,105.5,40,35, 
2004319N10134,2004,MUIFA,2004-11-24 21:00:00,8.5,104.5,40, , 
2004319N10134,2004,MUIFA,2004-11-25 00:00:00,8.6,103.7,40,35, 
2004319N10134,2004,MUIFA,2004-11-25 03:00:00,8.6,102.7,38, , 
2004319N10134,2004,MUIFA,2004-11-25 06:00:00,8.6,101.9,35,35, 
2004319N10134,2004,MUIFA,2004-11-25 09:00:00,8.7,101.1,33, , 
2004319N10134,2004,MUIFA,2004-11-25 12:00:00,8.9,100.5,30, , 
2004319N10134,2004,MUIFA,2004-11-25 15:00:00,9.4,99.9,30, , 
2004319N10134,2004,MUIFA,2004-11-25 18:00:00,10.0,99.6,30, , 
2004319N10134,2004,MUIFA,2004-11-25 21:00:00,10.6,99.6,28, , 
2004319N10134,2004,MUIFA,2004-11-26 00:00:00,11.3,99.9,25, , 
2004332N02072,2004,UNNAMED,2004-11-27 00:00:00,1.6,72.4,20, , 
2004332N02072,2004,UNNAMED,2004-11-27 03:00:00,1.6,71.9,20, , 
2004332N02072,2004,UNNAMED,2004-11-27 06:00:00,1.5,71.5,20, , 
2004332N02072,2004,UNNAMED,2004-11-27 09:00:00,1.4,71.1,20, , 
2004332N02072,2004,UNNAMED,2004-11-27 12:00:00,1.2,70.7,20, , 
2004332N02072,2004,UNNAMED,2004-11-27 15:00:00,1.0,70.3,25, , 
2004332N02072,2004,UNNAMED,2004-11-27 18:00:00,0.9,69.9,30, , 
2004332N02072,2004,UNNAMED,2004-11-27 21:00:00,0.8,69.4,33, , 
2004332N02072,2004,UNNAMED,2004-11-28 00:00:00,0.7,69.0,35, , 
2004332N02072,2004,UNNAMED,2004-11-28 03:00:00,0.7,68.6,38, , 
2004332N02072,2004,UNNAMED,2004-11-28 06:00:00,0.8,68.3,40, , 
2004332N02072,2004,UNNAMED,2004-11-28 09:00:00,0.9,67.9,43, , 
2004332N02072,2004,UNNAMED,2004-11-28 12:00:00,1.1,67.5,45, , 
2004332N02072,2004,UNNAMED,2004-11-28 15:00:00,1.3,67.1,48, , 
2004332N02072,2004,UNNAMED,2004-11-28 18:00:00,1.5,66.7,50, , 
2004332N02072,2004,UNNAMED,2004-11-28 21:00:00,1.7,66.3,55, , 
2004332N02072,2004,UNNAMED,2004-11-29 00:00:00,2.0,65.9,60, , 
2004332N02072,2004,UNNAMED,2004-11-29 03:00:00,2.3,65.4,63, , 
2004332N02072,2004,UNNAMED,2004-11-29 06:00:00,2.7,65.0,65, , 
2004332N02072,2004,UNNAMED,2004-11-29 09:00:00,3.1,64.6,65, , 
2004332N02072,2004,UNNAMED,2004-11-29 12:00:00,3.5,64.3,65, , 
2004332N02072,2004,UNNAMED,2004-11-29 15:00:00,3.8,64.0,60,35,35
2004332N02072,2004,UNNAMED,2004-11-29 18:00:00,4.0,63.7,55,35,35
2004332N02072,2004,UNNAMED,2004-11-29 21:00:00,4.2,63.4,58,35,35
2004332N02072,2004,UNNAMED,2004-11-30 00:00:00,4.8,63.0,60,35,35
2004332N02072,2004,UNNAMED,2004-11-30 03:00:00,5.2,62.4,63,45,45
2004332N02072,2004,UNNAMED,2004-11-30 06:00:00,5.6,61.7,65,55,55
2004332N02072,2004,UNNAMED,2004-11-30 09:00:00,6.0,61.1,65,55,55
2004332N02072,2004,UNNAMED,2004-11-30 12:00:00,6.1,60.7,65,55,55
2004332N02072,2004,UNNAMED,2004-11-30 15:00:00,6.1,60.4,65,55,55
2004332N02072,2004,UNNAMED,2004-11-30 18:00:00,6.3,60.0,65,45,45
2004332N02072,2004,UNNAMED,2004-11-30 21:00:00,6.6,59.8,63,45,45
2004332N02072,2004,UNNAMED,2004-12-01 00:00:00,7.0,59.5,60,35,35
2004332N02072,2004,UNNAMED,2004-12-01 03:00:00,7.1,59.3,58,35,35
2004332N02072,2004,UNNAMED,2004-12-01 06:00:00,7.3,59.2,55,35,35
2004332N02072,2004,UNNAMED,2004-12-01 09:00:00,7.6,58.5,53,30,30
2004332N02072,2004,UNNAMED,2004-12-01 12:00:00,7.7,58.4,50,25,25
2004332N02072,2004,UNNAMED,2004-12-01 15:00:00,7.7,58.1,48, , 
2004332N02072,2004,UNNAMED,2004-12-01 18:00:00,7.7,57.7,45, , 
2004332N02072,2004,UNNAMED,2004-12-01 21:00:00,7.8,57.3,45, , 
2004332N02072,2004,UNNAMED,2004-12-02 00:00:00,7.9,56.8,45, , 
2004332N02072,2004,UNNAMED,2004-12-02 03:00:00,8.0,56.3,45,25,25
2004332N02072,2004,UNNAMED,2004-12-02 06:00:00,8.1,55.8,45, ,25
2004332N02072,2004,UNNAMED,2004-12-02 09:00:00,8.2,55.3,43, ,25
2004332N02072,2004,UNNAMED,2004-12-02 12:00:00,8.2,55.0,40,25,25
2004332N02072,2004,UNNAMED,2004-12-02 15:00:00,8.2,54.7,40, , 
2004332N02072,2004,UNNAMED,2004-12-02 18:00:00,8.2,54.4,40, , 
2004332N02072,2004,UNNAMED,2004-12-02 21:00:00,8.2,54.1,40, , 
2004332N02072,2004,UNNAMED,2004-12-03 00:00:00,8.3,53.9,40, , 
2004332N02072,2004,UNNAMED,2004-12-03 03:00:00,8.3,53.7,40, , 
2004332N02072,2004,UNNAMED,2004-12-03 06:00:00,8.3,53.4,40, , 
2004332N02072,2004,UNNAMED,2004-12-03 09:00:00,8.3,53.2,38, , 
2004332N02072,2004,UNNAMED,2004-12-03 12:00:00,8.2,52.9,35, , 
2004332N02072,2004,UNNAMED,2004-12-03 15:00:00,8.1,52.5,33, , 
2004332N02072,2004,UNNAMED,2004-12-03 18:00:00,7.9,52.1,30, , 
2004332N02072,2004,UNNAMED,2004-12-03 21:00:00,7.7,51.7,30, , 
2004332N02072,2004,UNNAMED,2004-12-04 00:00:00,7.5,51.3,30, , 
2004332N02072,2004,UNNAMED,2004-12-04 03:00:00,7.2,50.8,30, , 
2004332N02072,2004,UNNAMED,2004-12-04 06:00:00,6.9,50.3,30, , 
2004332N02072,2004,UNNAMED,2004-12-04 09:00:00,6.6,49.8,28, , 
2004332N02072,2004,UNNAMED,2004-12-04 12:00:00,6.1,49.2,25, , 
2004332N02072,2004,UNNAMED,2004-12-04 15:00:00,5.4,48.6,25, , 
2004332N02072,2004,UNNAMED,2004-12-04 18:00:00,4.6,47.9,25, , 
2004332N02072,2004,UNNAMED,2004-12-04 21:00:00,4.0,47.0,25, , 
2004332N02072,2004,UNNAMED,2004-12-05 00:00:00,3.4,46.4,25, , 
2004332N02072,2004,UNNAMED,2004-12-05 03:00:00,2.7,46.3,23, , 
2004332N02072,2004,UNNAMED,2004-12-05 06:00:00,1.9,46.5,20, , 
2005007N04085,2005,UNNAMED,2005-01-07 00:00:00,3.5,85.1,15, , 
2005007N04085,2005,UNNAMED,2005-01-07 03:00:00,3.5,85.0,15, , 
2005007N04085,2005,UNNAMED,2005-01-07 06:00:00,3.5,84.8,15, , 
2005007N04085,2005,UNNAMED,2005-01-07 09:00:00,3.6,84.7,15, , 
2005007N04085,2005,UNNAMED,2005-01-07 12:00:00,3.6,84.6,15, , 
2005007N04085,2005,UNNAMED,2005-01-07 15:00:00,3.6,84.5,18, , 
2005007N04085,2005,UNNAMED,2005-01-07 18:00:00,3.7,84.4,20, , 
2005007N04085,2005,UNNAMED,2005-01-07 21:00:00,3.7,84.3,20, , 
2005007N04085,2005,UNNAMED,2005-01-08 00:00:00,3.8,84.2,20, , 
2005007N04085,2005,UNNAMED,2005-01-08 03:00:00,3.8,84.0,23, , 
2005007N04085,2005,UNNAMED,2005-01-08 06:00:00,3.9,83.9,25, , 
2005007N04085,2005,UNNAMED,2005-01-08 09:00:00,4.0,83.8,28, , 
2005007N04085,2005,UNNAMED,2005-01-08 12:00:00,4.2,83.7,30, , 
2005007N04085,2005,UNNAMED,2005-01-08 15:00:00,4.4,83.6,30, , 
2005007N04085,2005,UNNAMED,2005-01-08 18:00:00,4.7,83.5,30, , 
2005007N04085,2005,UNNAMED,2005-01-08 21:00:00,5.0,83.4,28, , 
2005007N04085,2005,UNNAMED,2005-01-09 00:00:00,5.2,83.4,25, , 
2005007N04085,2005,UNNAMED,2005-01-09 03:00:00,5.4,83.4,25, , 
2005007N04085,2005,UNNAMED,2005-01-09 06:00:00,5.5,83.3,25, , 
2005007N04085,2005,UNNAMED,2005-01-09 09:00:00,5.7,83.2,25, , 
2005007N04085,2005,UNNAMED,2005-01-09 12:00:00,5.8,83.2,25, , 
2005007N04085,2005,UNNAMED,2005-01-09 15:00:00,5.9,83.2,25, , 
2005007N04085,2005,UNNAMED,2005-01-09 18:00:00,6.1,83.2,25, , 
2005007N04085,2005,UNNAMED,2005-01-09 21:00:00,6.2,83.2,25, , 
2005007N04085,2005,UNNAMED,2005-01-10 00:00:00,6.4,83.2,25, , 
2005007N04085,2005,UNNAMED,2005-01-10 03:00:00,6.6,83.2,23, , 
2005007N04085,2005,UNNAMED,2005-01-10 06:00:00,6.7,83.1,20, , 
2005007N04085,2005,UNNAMED,2005-01-10 09:00:00,6.9,83.0,20, , 
2005007N04085,2005,UNNAMED,2005-01-10 12:00:00,7.0,83.0,20, , 
2005012N04090,2005,UNNAMED,2005-01-11 18:00:00,4.0,89.8,20, , 
2005012N04090,2005,UNNAMED,2005-01-11 21:00:00,4.2,89.9,20, , 
2005012N04090,2005,UNNAMED,2005-01-12 00:00:00,4.4,89.9,20, , 
2005012N04090,2005,UNNAMED,2005-01-12 03:00:00,4.6,89.8,20, , 
2005012N04090,2005,UNNAMED,2005-01-12 06:00:00,4.7,89.7,20, , 
2005012N04090,2005,UNNAMED,2005-01-12 09:00:00,4.8,89.6,20, , 
2005012N04090,2005,UNNAMED,2005-01-12 12:00:00,5.0,89.4,20, , 
2005012N04090,2005,UNNAMED,2005-01-12 15:00:00,5.2,89.2,20, , 
2005012N04090,2005,UNNAMED,2005-01-12 18:00:00,5.3,88.9,20, , 
2005012N04090,2005,UNNAMED,2005-01-12 21:00:00,5.3,88.5,23, , 
2005012N04090,2005,UNNAMED,2005-01-13 00:00:00,5.2,88.1,25, , 
2005012N04090,2005,UNNAMED,2005-01-13 03:00:00,5.3,87.8,28, , 
2005012N04090,2005,UNNAMED,2005-01-13 06:00:00,5.4,87.5,30, , 
2005012N04090,2005,UNNAMED,2005-01-13 09:00:00,5.5,87.3,30, , 
2005012N04090,2005,UNNAMED,2005-01-13 12:00:00,5.6,87.2,30,25,25
2005012N04090,2005,UNNAMED,2005-01-13 15:00:00,5.7,87.1,30, , 
2005012N04090,2005,UNNAMED,2005-01-13 18:00:00,5.7,87.2,30, , 
2005012N04090,2005,UNNAMED,2005-01-13 21:00:00,5.7,87.2,30, , 
2005012N04090,2005,UNNAMED,2005-01-14 00:00:00,5.7,87.3,30, , 
2005012N04090,2005,UNNAMED,2005-01-14 03:00:00,5.6,87.3,30,30,30
2005012N04090,2005,UNNAMED,2005-01-14 06:00:00,5.5,87.3,30, ,30
2005012N04090,2005,UNNAMED,2005-01-14 09:00:00,5.4,87.3,33, ,30
2005012N04090,2005,UNNAMED,2005-01-14 12:00:00,5.3,87.2,35,30,30
2005012N04090,2005,UNNAMED,2005-01-14 15:00:00,5.3,87.1,35, , 
2005012N04090,2005,UNNAMED,2005-01-14 18:00:00,5.3,87.1,35, , 
2005012N04090,2005,UNNAMED,2005-01-14 21:00:00,5.3,87.0,35, , 
2005012N04090,2005,UNNAMED,2005-01-15 00:00:00,5.3,87.0,35, , 
2005012N04090,2005,UNNAMED,2005-01-15 03:00:00,5.3,86.9,35,35,35
2005012N04090,2005,UNNAMED,2005-01-15 06:00:00,5.3,86.8,35,35,35
2005012N04090,2005,UNNAMED,2005-01-15 09:00:00,5.2,86.7,35,35,35
2005012N04090,2005,UNNAMED,2005-01-15 12:00:00,5.2,86.7,35,35,35
2005012N04090,2005,UNNAMED,2005-01-15 15:00:00,5.1,86.7,35,35,35
2005012N04090,2005,UNNAMED,2005-01-15 18:00:00,5.0,86.7,35,35,35
2005012N04090,2005,UNNAMED,2005-01-15 21:00:00,4.9,86.7,35,35,35
2005012N04090,2005,UNNAMED,2005-01-16 00:00:00,4.9,86.7,35,35,35
2005012N04090,2005,UNNAMED,2005-01-16 03:00:00,4.9,86.4,35,35,35
2005012N04090,2005,UNNAMED,2005-01-16 06:00:00,5.0,86.4,35,35,35
2005012N04090,2005,UNNAMED,2005-01-16 09:00:00,5.0,86.3,35,35,35
2005012N04090,2005,UNNAMED,2005-01-16 12:00:00,5.1,86.2,35,35,35
2005012N04090,2005,UNNAMED,2005-01-16 15:00:00,5.1,86.1,33,35,35
2005012N04090,2005,UNNAMED,2005-01-16 18:00:00,5.2,86.1,30,35,35
2005012N04090,2005,UNNAMED,2005-01-16 21:00:00,5.2,85.9,28,35,35
2005012N04090,2005,UNNAMED,2005-01-17 00:00:00,5.2,85.7,25,30,30
2005012N04090,2005,UNNAMED,2005-01-17 03:00:00,4.8,85.7,23,30,30
2005012N04090,2005,UNNAMED,2005-01-17 06:00:00,4.8,85.8,20,30,30
2005012N04090,2005,UNNAMED,2005-01-17 09:00:00,5.0,86.0, ,25,25
2005012N04090,2005,UNNAMED,2005-01-17 12:00:00,5.0,86.0, ,25,25
2005172N22069,2005,UNNAMED,2005-06-21 03:00:00,21.5,68.5, ,25,25
2005172N22069,2005,UNNAMED,2005-06-21 06:00:00,21.7,68.3, , ,25
2005172N22069,2005,UNNAMED,2005-06-21 09:00:00,21.9,68.1, , ,25
2005172N22069,2005,UNNAMED,2005-06-21 12:00:00,22.0,68.0, ,25,25
2005172N22069,2005,UNNAMED,2005-06-21 15:00:00,22.1,68.0, , , 
2005172N22069,2005,UNNAMED,2005-06-21 18:00:00,22.1,68.0, , , 
2005172N22069,2005,UNNAMED,2005-06-21 21:00:00,22.1,68.1, , , 
2005172N22069,2005,UNNAMED,2005-06-22 00:00:00,22.0,68.1, , , 
2005172N22069,2005,UNNAMED,2005-06-22 03:00:00,22.0,68.0, ,25,25
2005172N22069,2005,UNNAMED,2005-06-22 06:00:00,22.0,67.8, , ,25
2005172N22069,2005,UNNAMED,2005-06-22 09:00:00,22.0,67.4, , ,25
2005172N22069,2005,UNNAMED,2005-06-22 12:00:00,22.0,67.0, ,25,25
2005179N22088,2005,UNNAMED,2005-06-27 12:00:00,21.5,88.0, ,25,25
2005179N22088,2005,UNNAMED,2005-06-27 15:00:00,21.9,87.5, , , 
2005179N22088,2005,UNNAMED,2005-06-27 18:00:00,22.3,87.0, , , 
2005179N22088,2005,UNNAMED,2005-06-27 21:00:00,22.6,86.6, , , 
2005179N22088,2005,UNNAMED,2005-06-28 00:00:00,22.8,86.2, , , 
2005179N22088,2005,UNNAMED,2005-06-28 03:00:00,23.0,86.0, ,25,25
2005179N22088,2005,UNNAMED,2005-06-28 06:00:00,23.1,85.9, , ,25
2005179N22088,2005,UNNAMED,2005-06-28 09:00:00,23.0,85.9, , ,25
2005179N22088,2005,UNNAMED,2005-06-28 12:00:00,23.0,86.0, ,25,25
2005179N22088,2005,UNNAMED,2005-06-28 15:00:00,23.0,86.0, , , 
2005179N22088,2005,UNNAMED,2005-06-28 18:00:00,22.9,86.1, , , 
2005179N22088,2005,UNNAMED,2005-06-28 21:00:00,22.9,86.1, , , 
2005179N22088,2005,UNNAMED,2005-06-29 00:00:00,22.9,86.1, , , 
2005179N22088,2005,UNNAMED,2005-06-29 03:00:00,23.0,86.0, ,25,25
2005179N22088,2005,UNNAMED,2005-06-29 06:00:00,23.1,85.9, , ,25
2005179N22088,2005,UNNAMED,2005-06-29 09:00:00,23.3,85.7, , ,25
2005179N22088,2005,UNNAMED,2005-06-29 12:00:00,23.5,85.5, ,25,25
2005179N22088,2005,UNNAMED,2005-06-29 15:00:00,23.6,85.3, , , 
2005179N22088,2005,UNNAMED,2005-06-29 18:00:00,23.8,85.1, , , 
2005179N22088,2005,UNNAMED,2005-06-29 21:00:00,23.9,84.8, , , 
2005179N22088,2005,UNNAMED,2005-06-30 00:00:00,23.9,84.5, , , 
2005179N22088,2005,UNNAMED,2005-06-30 03:00:00,24.0,84.0, ,25,25
2005179N22088,2005,UNNAMED,2005-06-30 06:00:00,24.0,83.4, , ,25
2005179N22088,2005,UNNAMED,2005-06-30 09:00:00,24.0,82.6, , ,25
2005179N22088,2005,UNNAMED,2005-06-30 12:00:00,24.0,82.0, ,25,25
2005179N22088,2005,UNNAMED,2005-06-30 15:00:00,24.1,81.5, , , 
2005179N22088,2005,UNNAMED,2005-06-30 18:00:00,24.2,81.1, , , 
2005179N22088,2005,UNNAMED,2005-06-30 21:00:00,24.3,80.8, , , 
2005179N22088,2005,UNNAMED,2005-07-01 00:00:00,24.4,80.6, , , 
2005179N22088,2005,UNNAMED,2005-07-01 03:00:00,24.5,80.5, ,25,25
2005179N22088,2005,UNNAMED,2005-07-01 06:00:00,24.5,80.4, , ,25
2005179N22088,2005,UNNAMED,2005-07-01 09:00:00,24.5,80.5, , ,25
2005179N22088,2005,UNNAMED,2005-07-01 12:00:00,24.5,80.5, ,25,25
2005179N22088,2005,UNNAMED,2005-07-01 15:00:00,24.5,80.5, , , 
2005179N22088,2005,UNNAMED,2005-07-01 18:00:00,24.5,80.5, , , 
2005179N22088,2005,UNNAMED,2005-07-01 21:00:00,24.5,80.5, , , 
2005179N22088,2005,UNNAMED,2005-07-02 00:00:00,24.5,80.5, , , 
2005179N22088,2005,UNNAMED,2005-07-02 03:00:00,24.5,80.5, ,25,25
2005179N22088,2005,UNNAMED,2005-07-02 06:00:00,24.5,80.5, , ,25
2005179N22088,2005,UNNAMED,2005-07-02 09:00:00,24.5,80.5, , ,25
2005179N22088,2005,UNNAMED,2005-07-02 12:00:00,24.5,80.5, ,25,25
2005179N22088,2005,UNNAMED,2005-07-02 15:00:00,24.5,80.5, , , 
2005179N22088,2005,UNNAMED,2005-07-02 18:00:00,24.5,80.5, , , 
2005179N22088,2005,UNNAMED,2005-07-02 21:00:00,24.5,80.5, , , 
2005179N22088,2005,UNNAMED,2005-07-03 00:00:00,24.5,80.5, , , 
2005179N22088,2005,UNNAMED,2005-07-03 03:00:00,24.5,80.5, ,25,25
2005179N22088,2005,UNNAMED,2005-07-03 06:00:00,24.5,80.5, , ,25
2005179N22088,2005,UNNAMED,2005-07-03 09:00:00,24.5,80.5, , ,25
2005179N22088,2005,UNNAMED,2005-07-03 12:00:00,24.5,80.5, ,25,25
2005179N22088,2005,UNNAMED,2005-07-03 15:00:00,24.6,80.3, , , 
2005179N22088,2005,UNNAMED,2005-07-03 18:00:00,24.7,80.1, , , 
2005179N22088,2005,UNNAMED,2005-07-03 21:00:00,24.8,79.9, , , 
2005179N22088,2005,UNNAMED,2005-07-04 00:00:00,24.9,79.7, , , 
2005179N22088,2005,UNNAMED,2005-07-04 03:00:00,25.0,79.5, ,25,25
2005179N22088,2005,UNNAMED,2005-07-04 06:00:00,25.0,79.5, , ,25
2005179N22088,2005,UNNAMED,2005-07-04 09:00:00,25.0,79.5, , ,25
2005179N22088,2005,UNNAMED,2005-07-04 12:00:00,25.0,79.5, ,25,25
2005179N22088,2005,UNNAMED,2005-07-04 15:00:00,25.2,79.6, , , 
2005179N22088,2005,UNNAMED,2005-07-04 18:00:00,25.4,79.7, , , 
2005179N22088,2005,UNNAMED,2005-07-04 21:00:00,25.6,79.8, , , 
2005179N22088,2005,UNNAMED,2005-07-05 00:00:00,25.8,79.9, , , 
2005179N22088,2005,UNNAMED,2005-07-05 03:00:00,26.0,80.0, ,25,25
2005179N22088,2005,UNNAMED,2005-07-05 06:00:00,26.1,80.0, , ,25
2005179N22088,2005,UNNAMED,2005-07-05 09:00:00,26.0,80.0, , ,25
2005179N22088,2005,UNNAMED,2005-07-05 12:00:00,26.0,80.0, ,25,25
2005210N21088,2005,UNNAMED,2005-07-29 03:00:00,21.5,87.5, ,25,25
2005210N21088,2005,UNNAMED,2005-07-29 06:00:00,21.5,87.5, , ,25
2005210N21088,2005,UNNAMED,2005-07-29 09:00:00,21.5,87.5, , ,25
2005210N21088,2005,UNNAMED,2005-07-29 12:00:00,21.5,87.5, ,25,25
2005210N21088,2005,UNNAMED,2005-07-29 15:00:00,21.5,87.6, , , 
2005210N21088,2005,UNNAMED,2005-07-29 18:00:00,21.5,87.7, , , 
2005210N21088,2005,UNNAMED,2005-07-29 21:00:00,21.5,87.8, , , 
2005210N21088,2005,UNNAMED,2005-07-30 00:00:00,21.5,87.8, , , 
2005210N21088,2005,UNNAMED,2005-07-30 03:00:00,21.5,87.5, ,30,30
2005210N21088,2005,UNNAMED,2005-07-30 06:00:00,21.5,86.9, , ,30
2005210N21088,2005,UNNAMED,2005-07-30 09:00:00,21.5,86.1, , ,30
2005210N21088,2005,UNNAMED,2005-07-30 12:00:00,21.5,85.5, ,30,30
2005210N21088,2005,UNNAMED,2005-07-30 15:00:00,21.5,85.4, , , 
2005210N21088,2005,UNNAMED,2005-07-30 18:00:00,21.4,85.6, , , 
2005210N21088,2005,UNNAMED,2005-07-30 21:00:00,21.4,85.7, , , 
2005210N21088,2005,UNNAMED,2005-07-31 00:00:00,21.4,85.8, , , 
2005210N21088,2005,UNNAMED,2005-07-31 03:00:00,21.5,85.5, ,30,30
2005210N21088,2005,UNNAMED,2005-07-31 06:00:00,21.6,84.8, , ,30
2005210N21088,2005,UNNAMED,2005-07-31 09:00:00,21.8,83.7, , ,30
2005210N21088,2005,UNNAMED,2005-07-31 12:00:00,22.0,82.5, ,30,30
2005255N20088,2005,UNNAMED,2005-09-12 03:00:00,20.0,88.0, ,25,25
2005255N20088,2005,UNNAMED,2005-09-12 06:00:00,20.4,86.8, , ,25
2005255N20088,2005,UNNAMED,2005-09-12 09:00:00,20.7,85.8, , ,25
2005255N20088,2005,UNNAMED,2005-09-12 12:00:00,21.0,85.0, ,25,25
2005255N20088,2005,UNNAMED,2005-09-12 15:00:00,21.2,84.5, , , 
2005255N20088,2005,UNNAMED,2005-09-12 18:00:00,21.3,84.3, , , 
2005255N20088,2005,UNNAMED,2005-09-12 21:00:00,21.3,84.2, , , 
2005255N20088,2005,UNNAMED,2005-09-13 00:00:00,21.4,84.2, , , 
2005255N20088,2005,UNNAMED,2005-09-13 03:00:00,21.5,84.0, ,25,25
2005255N20088,2005,UNNAMED,2005-09-13 06:00:00,21.7,83.6, , ,25
2005255N20088,2005,UNNAMED,2005-09-13 09:00:00,21.8,83.0, , ,25
2005255N20088,2005,UNNAMED,2005-09-13 12:00:00,22.0,82.5, ,25,25
2005255N20088,2005,UNNAMED,2005-09-13 15:00:00,22.2,81.9, , , 
2005255N20088,2005,UNNAMED,2005-09-13 18:00:00,22.5,81.3, , , 
2005255N20088,2005,UNNAMED,2005-09-13 21:00:00,22.7,80.8, , , 
2005255N20088,2005,UNNAMED,2005-09-14 00:00:00,22.9,80.3, , , 
2005255N20088,2005,UNNAMED,2005-09-14 03:00:00,23.0,80.0, ,25,25
2005255N20088,2005,UNNAMED,2005-09-14 06:00:00,23.0,79.9, , ,25
2005255N20088,2005,UNNAMED,2005-09-14 09:00:00,23.0,80.0, , ,25
2005255N20088,2005,UNNAMED,2005-09-14 12:00:00,23.0,80.0, ,25,25
2005255N20088,2005,UNNAMED,2005-09-14 15:00:00,23.2,79.8, , , 
2005255N20088,2005,UNNAMED,2005-09-14 18:00:00,23.4,79.5, , , 
2005255N20088,2005,UNNAMED,2005-09-14 21:00:00,23.8,79.1, , , 
2005255N20088,2005,UNNAMED,2005-09-15 00:00:00,24.1,78.8, , , 
2005255N20088,2005,UNNAMED,2005-09-15 03:00:00,24.5,78.5, ,25,25
2005255N20088,2005,UNNAMED,2005-09-15 06:00:00,24.8,78.3, , ,25
2005255N20088,2005,UNNAMED,2005-09-15 09:00:00,25.2,78.1, , ,25
2005255N20088,2005,UNNAMED,2005-09-15 12:00:00,25.5,78.0, ,25,25
2005255N20088,2005,UNNAMED,2005-09-15 15:00:00,25.8,77.9, , , 
2005255N20088,2005,UNNAMED,2005-09-15 18:00:00,26.1,77.9, , , 
2005255N20088,2005,UNNAMED,2005-09-15 21:00:00,26.4,77.9, , , 
2005255N20088,2005,UNNAMED,2005-09-16 00:00:00,26.7,78.0, , , 
2005255N20088,2005,UNNAMED,2005-09-16 03:00:00,27.0,78.0, ,25,25
2005255N20088,2005,UNNAMED,2005-09-16 06:00:00,27.3,78.0, , ,25
2005255N20088,2005,UNNAMED,2005-09-16 09:00:00,27.7,78.0, , ,25
2005255N20088,2005,UNNAMED,2005-09-16 12:00:00,28.0,78.0, ,25,25
2005257N15120,2005,VICENTE,2005-09-14 06:00:00,14.7,119.6,15, , 
2005257N15120,2005,VICENTE,2005-09-14 09:00:00,14.9,119.0,15, , 
2005257N15120,2005,VICENTE,2005-09-14 12:00:00,15.0,118.5,15, , 
2005257N15120,2005,VICENTE,2005-09-14 15:00:00,15.0,118.0,15, , 
2005257N15120,2005,VICENTE,2005-09-14 18:00:00,14.9,117.4,15, , 
2005257N15120,2005,VICENTE,2005-09-14 21:00:00,14.8,116.7,15, , 
2005257N15120,2005,VICENTE,2005-09-15 00:00:00,14.7,116.1,15, , 
2005257N15120,2005,VICENTE,2005-09-15 03:00:00,14.4,115.6,18, , 
2005257N15120,2005,VICENTE,2005-09-15 06:00:00,14.1,115.3,20, , 
2005257N15120,2005,VICENTE,2005-09-15 09:00:00,13.9,114.9,20, , 
2005257N15120,2005,VICENTE,2005-09-15 12:00:00,13.6,114.4,20, , 
2005257N15120,2005,VICENTE,2005-09-15 15:00:00,13.3,113.9,20, , 
2005257N15120,2005,VICENTE,2005-09-15 18:00:00,12.9,113.5,20, , 
2005257N15120,2005,VICENTE,2005-09-15 21:00:00,12.4,113.1,25, , 
2005257N15120,2005,VICENTE,2005-09-16 00:00:00,11.9,112.9,30, , 
2005257N15120,2005,VICENTE,2005-09-16 03:00:00,11.3,113.1,33, , 
2005257N15120,2005,VICENTE,2005-09-16 06:00:00,10.9,113.5,35, , 
2005257N15120,2005,VICENTE,2005-09-16 09:00:00,11.0,113.9,33, , 
2005257N15120,2005,VICENTE,2005-09-16 12:00:00,11.4,114.3,30,35, 
2005257N15120,2005,VICENTE,2005-09-16 15:00:00,11.8,114.4,33, , 
2005257N15120,2005,VICENTE,2005-09-16 18:00:00,12.3,114.4,35,40, 
2005257N15120,2005,VICENTE,2005-09-16 21:00:00,12.9,114.5,35, , 
2005257N15120,2005,VICENTE,2005-09-17 00:00:00,13.6,114.5,35,40, 
2005257N15120,2005,VICENTE,2005-09-17 03:00:00,14.5,114.2,35, , 
2005257N15120,2005,VICENTE,2005-09-17 06:00:00,15.3,113.7,35,40, 
2005257N15120,2005,VICENTE,2005-09-17 09:00:00,16.0,112.7,35, , 
2005257N15120,2005,VICENTE,2005-09-17 12:00:00,16.5,111.7,35,40, 
2005257N15120,2005,VICENTE,2005-09-17 15:00:00,16.8,110.7,40, , 
2005257N15120,2005,VICENTE,2005-09-17 18:00:00,17.0,109.9,45,45, 
2005257N15120,2005,VICENTE,2005-09-17 21:00:00,17.1,109.2,48, , 
2005257N15120,2005,VICENTE,2005-09-18 00:00:00,17.2,108.5,50,45, 
2005257N15120,2005,VICENTE,2005-09-18 03:00:00,17.3,107.7,50, , 
2005257N15120,2005,VICENTE,2005-09-18 06:00:00,17.6,106.9,50,40, 
2005257N15120,2005,VICENTE,2005-09-18 09:00:00,18.1,106.0,48, , 
2005257N15120,2005,VICENTE,2005-09-18 12:00:00,18.7,104.9,45,35, 
2005257N15120,2005,VICENTE,2005-09-18 15:00:00,19.0,103.6, , , 
2005257N15120,2005,VICENTE,2005-09-18 18:00:00,19.2,102.3, , , 
2005257N15120,2005,VICENTE,2005-09-18 21:00:00,19.6,101.0, , , 
2005257N15120,2005,VICENTE,2005-09-19 00:00:00,20.0,99.8, , , 
2005257N20069,2005,UNNAMED,2005-09-14 03:00:00,20.0,68.5, ,25,25
2005257N20069,2005,UNNAMED,2005-09-14 06:00:00,20.2,68.3, , ,25
2005257N20069,2005,UNNAMED,2005-09-14 09:00:00,20.4,68.1, , ,25
2005257N20069,2005,UNNAMED,2005-09-14 12:00:00,20.5,68.0, ,25,25
2005257N20069,2005,UNNAMED,2005-09-14 15:00:00,20.6,67.9, , , 
2005257N20069,2005,UNNAMED,2005-09-14 18:00:00,20.6,67.9, , , 
2005257N20069,2005,UNNAMED,2005-09-14 21:00:00,20.6,67.9, , , 
2005257N20069,2005,UNNAMED,2005-09-15 00:00:00,20.5,68.0, , , 
2005257N20069,2005,UNNAMED,2005-09-15 03:00:00,20.5,68.0, ,25,25
2005257N20069,2005,UNNAMED,2005-09-15 06:00:00,20.5,68.0, , ,25
2005257N20069,2005,UNNAMED,2005-09-15 09:00:00,20.5,68.0, , ,25
2005257N20069,2005,UNNAMED,2005-09-15 12:00:00,20.5,68.0, ,25,25
2005257N20069,2005,UNNAMED,2005-09-15 15:00:00,20.7,67.8, , , 
2005257N20069,2005,UNNAMED,2005-09-15 18:00:00,20.9,67.6, , , 
2005257N20069,2005,UNNAMED,2005-09-15 21:00:00,21.1,67.4, , , 
2005257N20069,2005,UNNAMED,2005-09-16 00:00:00,21.3,67.4, , , 
2005257N20069,2005,UNNAMED,2005-09-16 03:00:00,21.5,67.5, ,25,25
2005257N20069,2005,UNNAMED,2005-09-16 06:00:00,21.6,67.9, , ,25
2005257N20069,2005,UNNAMED,2005-09-16 09:00:00,21.6,68.4, , ,25
2005257N20069,2005,UNNAMED,2005-09-16 12:00:00,21.5,69.0, ,25,25
2005260N20091,2005,UNNAMED,2005-09-17 03:00:00,20.0,90.5, ,25,25
2005260N20091,2005,UNNAMED,2005-09-17 06:00:00,20.2,90.4, , ,25
2005260N20091,2005,UNNAMED,2005-09-17 09:00:00,20.3,90.3, , ,25
2005260N20091,2005,UNNAMED,2005-09-17 12:00:00,20.5,90.0, ,25,25
2005260N20091,2005,UNNAMED,2005-09-17 15:00:00,20.7,89.5, , , 
2005260N20091,2005,UNNAMED,2005-09-17 18:00:00,20.8,88.9, , , 
2005260N20091,2005,UNNAMED,2005-09-17 21:00:00,20.9,88.3, , , 
2005260N20091,2005,UNNAMED,2005-09-18 00:00:00,20.8,87.8, , , 
2005260N20091,2005,UNNAMED,2005-09-18 03:00:00,20.5,87.5, ,30,30
2005260N20091,2005,UNNAMED,2005-09-18 06:00:00,20.0,87.5, ,30,30
2005260N20091,2005,UNNAMED,2005-09-18 09:00:00,19.5,87.0, ,30,30
2005260N20091,2005,UNNAMED,2005-09-18 12:00:00,19.5,86.5, ,35,35
2005260N20091,2005,UNNAMED,2005-09-18 15:00:00,19.5,86.5, ,35,35
2005260N20091,2005,UNNAMED,2005-09-18 18:00:00,19.0,85.5, ,35,35
2005260N20091,2005,UNNAMED,2005-09-18 21:00:00,18.5,84.5, ,35,35
2005260N20091,2005,UNNAMED,2005-09-19 00:00:00,18.5,84.5, ,35,35
2005260N20091,2005,UNNAMED,2005-09-19 03:00:00,18.5,84.0, ,35,35
2005260N20091,2005,UNNAMED,2005-09-19 06:00:00,18.5,83.5, ,35,35
2005260N20091,2005,UNNAMED,2005-09-19 09:00:00,18.5,83.5, ,35,35
2005260N20091,2005,UNNAMED,2005-09-19 12:00:00,18.5,83.5, ,35,35
2005260N20091,2005,UNNAMED,2005-09-19 15:00:00,18.5,83.5, ,35,35
2005260N20091,2005,UNNAMED,2005-09-19 18:00:00,18.5,83.0, ,35,35
2005260N20091,2005,UNNAMED,2005-09-19 21:00:00,18.5,83.0, ,30,30
2005260N20091,2005,UNNAMED,2005-09-20 00:00:00,19.0,82.5, ,30,30
2005260N20091,2005,UNNAMED,2005-09-20 03:00:00,19.0,82.5, ,30,30
2005260N20091,2005,UNNAMED,2005-09-20 06:00:00,19.0,82.5, ,30,30
2005260N20091,2005,UNNAMED,2005-09-20 09:00:00,19.0,81.5, ,30,30
2005260N20091,2005,UNNAMED,2005-09-20 12:00:00,19.0,80.5, ,25,25
2005260N20091,2005,UNNAMED,2005-09-20 15:00:00,19.0,80.0, , , 
2005260N20091,2005,UNNAMED,2005-09-20 18:00:00,19.0,79.9, , , 
2005260N20091,2005,UNNAMED,2005-09-20 21:00:00,19.1,79.9, , , 
2005260N20091,2005,UNNAMED,2005-09-21 00:00:00,19.2,79.9, , , 
2005260N20091,2005,UNNAMED,2005-09-21 03:00:00,19.5,79.5, ,25,25
2005260N20091,2005,UNNAMED,2005-09-21 06:00:00,19.9,78.7, , ,25
2005260N20091,2005,UNNAMED,2005-09-21 09:00:00,20.4,77.4, , ,25
2005260N20091,2005,UNNAMED,2005-09-21 12:00:00,21.0,76.0, ,25,25
2005262N13127,2005,DAMREY,2005-09-19 06:00:00,13.2,127.0, , , 
2005262N13127,2005,DAMREY,2005-09-19 09:00:00,13.5,126.6, , , 
2005262N13127,2005,DAMREY,2005-09-19 12:00:00,13.8,126.1, , , 
2005262N13127,2005,DAMREY,2005-09-19 15:00:00,14.1,125.6, , , 
2005262N13127,2005,DAMREY,2005-09-19 18:00:00,14.3,125.2, , , 
2005262N13127,2005,DAMREY,2005-09-19 21:00:00,14.6,124.9, , , 
2005262N13127,2005,DAMREY,2005-09-20 00:00:00,14.9,124.6, , , 
2005262N13127,2005,DAMREY,2005-09-20 03:00:00,15.3,124.3, , , 
2005262N13127,2005,DAMREY,2005-09-20 06:00:00,15.7,124.2,25, , 
2005262N13127,2005,DAMREY,2005-09-20 09:00:00,16.1,124.1,28, , 
2005262N13127,2005,DAMREY,2005-09-20 12:00:00,16.4,123.9,30, , 
2005262N13127,2005,DAMREY,2005-09-20 15:00:00,16.8,123.7,33, , 
2005262N13127,2005,DAMREY,2005-09-20 18:00:00,17.2,123.5,35, , 
2005262N13127,2005,DAMREY,2005-09-20 21:00:00,17.7,123.2,35, , 
2005262N13127,2005,DAMREY,2005-09-21 00:00:00,18.1,122.9,35,35, 
2005262N13127,2005,DAMREY,2005-09-21 03:00:00,18.4,122.6,38, , 
2005262N13127,2005,DAMREY,2005-09-21 06:00:00,18.7,122.2,40,40, 
2005262N13127,2005,DAMREY,2005-09-21 09:00:00,18.8,121.9,45, , 
2005262N13127,2005,DAMREY,2005-09-21 12:00:00,18.9,121.6,50,45, 
2005262N13127,2005,DAMREY,2005-09-21 15:00:00,19.1,121.3,50, , 
2005262N13127,2005,DAMREY,2005-09-21 18:00:00,19.2,121.1,50,45, 
2005262N13127,2005,DAMREY,2005-09-21 21:00:00,19.5,120.9,53, , 
2005262N13127,2005,DAMREY,2005-09-22 00:00:00,19.7,120.8,55,45, 
2005262N13127,2005,DAMREY,2005-09-22 03:00:00,19.9,120.5,55, , 
2005262N13127,2005,DAMREY,2005-09-22 06:00:00,20.1,120.3,55,45, 
2005262N13127,2005,DAMREY,2005-09-22 09:00:00,20.1,120.0,55, , 
2005262N13127,2005,DAMREY,2005-09-22 12:00:00,20.1,119.7,55,45, 
2005262N13127,2005,DAMREY,2005-09-22 15:00:00,20.0,119.3,55, , 
2005262N13127,2005,DAMREY,2005-09-22 18:00:00,20.0,118.9,55,45, 
2005262N13127,2005,DAMREY,2005-09-22 21:00:00,20.0,118.5,53, , 
2005262N13127,2005,DAMREY,2005-09-23 00:00:00,20.1,118.1,50,45, 
2005262N13127,2005,DAMREY,2005-09-23 03:00:00,20.2,117.6,50, , 
2005262N13127,2005,DAMREY,2005-09-23 06:00:00,20.3,117.1,50,45, 
2005262N13127,2005,DAMREY,2005-09-23 09:00:00,20.3,116.9,50, , 
2005262N13127,2005,DAMREY,2005-09-23 12:00:00,20.3,116.7,50,45, 
2005262N13127,2005,DAMREY,2005-09-23 15:00:00,20.2,116.4,48, , 
2005262N13127,2005,DAMREY,2005-09-23 18:00:00,20.2,116.1,45,50, 
2005262N13127,2005,DAMREY,2005-09-23 21:00:00,20.0,115.8,48, , 
2005262N13127,2005,DAMREY,2005-09-24 00:00:00,19.9,115.4,50,55, 
2005262N13127,2005,DAMREY,2005-09-24 03:00:00,19.8,115.1,53, , 
2005262N13127,2005,DAMREY,2005-09-24 06:00:00,19.7,114.8,55,60, 
2005262N13127,2005,DAMREY,2005-09-24 09:00:00,19.5,114.4,58, , 
2005262N13127,2005,DAMREY,2005-09-24 12:00:00,19.4,114.0,60,65, 
2005262N13127,2005,DAMREY,2005-09-24 15:00:00,19.1,113.7,63, , 
2005262N13127,2005,DAMREY,2005-09-24 18:00:00,19.0,113.4,65,65, 
2005262N13127,2005,DAMREY,2005-09-24 21:00:00,18.9,113.2,73, , 
2005262N13127,2005,DAMREY,2005-09-25 00:00:00,18.9,113.0,80,75, 
2005262N13127,2005,DAMREY,2005-09-25 03:00:00,19.0,112.7,85, , 
2005262N13127,2005,DAMREY,2005-09-25 06:00:00,19.0,112.4,90,80, 
2005262N13127,2005,DAMREY,2005-09-25 09:00:00,19.1,112.1,88, , 
2005262N13127,2005,DAMREY,2005-09-25 12:00:00,19.1,111.7,85,80, 
2005262N13127,2005,DAMREY,2005-09-25 15:00:00,19.1,111.3,83, , 
2005262N13127,2005,DAMREY,2005-09-25 18:00:00,19.1,110.8,80,80, 
2005262N13127,2005,DAMREY,2005-09-25 21:00:00,18.9,110.3,75, , 
2005262N13127,2005,DAMREY,2005-09-26 00:00:00,18.7,109.9,70,70, 
2005262N13127,2005,DAMREY,2005-09-26 03:00:00,18.7,109.5,68, , 
2005262N13127,2005,DAMREY,2005-09-26 06:00:00,18.8,109.0,65,65, 
2005262N13127,2005,DAMREY,2005-09-26 09:00:00,19.0,108.6,63, , 
2005262N13127,2005,DAMREY,2005-09-26 12:00:00,19.2,108.2,60,60, 
2005262N13127,2005,DAMREY,2005-09-26 15:00:00,19.3,107.8,58, , 
2005262N13127,2005,DAMREY,2005-09-26 18:00:00,19.4,107.5,55,60, 
2005262N13127,2005,DAMREY,2005-09-26 21:00:00,19.5,106.9,53, , 
2005262N13127,2005,DAMREY,2005-09-27 00:00:00,19.6,106.3,50,60, 
2005262N13127,2005,DAMREY,2005-09-27 03:00:00,19.6,105.7,48, , 
2005262N13127,2005,DAMREY,2005-09-27 06:00:00,19.7,105.0,45,50, 
2005262N13127,2005,DAMREY,2005-09-27 09:00:00,19.6,104.4,40, , 
2005262N13127,2005,DAMREY,2005-09-27 12:00:00,19.5,103.8,35,35, 
2005262N13127,2005,DAMREY,2005-09-27 15:00:00,19.4,103.2,33, , 
2005262N13127,2005,DAMREY,2005-09-27 18:00:00,19.4,102.6,30, , 
2005262N13127,2005,DAMREY,2005-09-27 21:00:00,19.9,102.0, , , 
2005262N13127,2005,DAMREY,2005-09-28 00:00:00,20.4,101.3, , , 
2005262N13127,2005,DAMREY,2005-09-28 03:00:00,20.7,100.5, , , 
2005262N13127,2005,DAMREY,2005-09-28 06:00:00,21.0,99.7, , , 
2005274N17086,2005,UNNAMED,2005-10-01 06:00:00,17.4,85.9,15, , 
2005274N17086,2005,UNNAMED,2005-10-01 09:00:00,17.7,85.8,18, , 
2005274N17086,2005,UNNAMED,2005-10-01 12:00:00,17.9,85.8,20, , 
2005274N17086,2005,UNNAMED,2005-10-01 15:00:00,18.1,85.8,23, , 
2005274N17086,2005,UNNAMED,2005-10-01 18:00:00,18.4,85.8,25, , 
2005274N17086,2005,UNNAMED,2005-10-01 21:00:00,18.7,85.9,28, , 
2005274N17086,2005,UNNAMED,2005-10-02 00:00:00,19.0,86.0,30, , 
2005274N17086,2005,UNNAMED,2005-10-02 03:00:00,19.4,86.3,33, , 
2005274N17086,2005,UNNAMED,2005-10-02 06:00:00,19.7,86.6,35, , 
2005274N17086,2005,UNNAMED,2005-10-02 09:00:00,20.0,86.9,38, , 
2005274N17086,2005,UNNAMED,2005-10-02 12:00:00,20.2,87.1,40, , 
2005274N17086,2005,UNNAMED,2005-10-02 15:00:00,20.4,87.4,40, , 
2005274N17086,2005,UNNAMED,2005-10-02 18:00:00,20.7,87.6,40, , 
2005274N17086,2005,UNNAMED,2005-10-02 21:00:00,21.0,87.8,40, , 
2005274N17086,2005,UNNAMED,2005-10-03 00:00:00,21.4,87.9,40, , 
2005274N17086,2005,UNNAMED,2005-10-03 03:00:00,21.8,88.0,38, , 
2005274N17086,2005,UNNAMED,2005-10-03 06:00:00,22.2,88.1,35, , 
2005298N12088,2005,UNNAMED,2005-10-25 00:00:00,12.4,87.6,15, , 
2005298N12088,2005,UNNAMED,2005-10-25 03:00:00,12.4,87.3,18, , 
2005298N12088,2005,UNNAMED,2005-10-25 06:00:00,12.4,87.0,20, , 
2005298N12088,2005,UNNAMED,2005-10-25 09:00:00,12.4,86.7,20, , 
2005298N12088,2005,UNNAMED,2005-10-25 12:00:00,12.4,86.4,20, , 
2005298N12088,2005,UNNAMED,2005-10-25 15:00:00,12.3,86.1,20, , 
2005298N12088,2005,UNNAMED,2005-10-25 18:00:00,12.2,85.8,20, , 
2005298N12088,2005,UNNAMED,2005-10-25 21:00:00,12.0,85.5,20, , 
2005298N12088,2005,UNNAMED,2005-10-26 00:00:00,11.8,85.2,20, , 
2005298N12088,2005,UNNAMED,2005-10-26 03:00:00,11.7,84.8,20,25,25
2005298N12088,2005,UNNAMED,2005-10-26 06:00:00,11.7,84.5,20,25,25
2005298N12088,2005,UNNAMED,2005-10-26 09:00:00,11.7,84.0,23,25,25
2005298N12088,2005,UNNAMED,2005-10-26 12:00:00,12.1,83.8,25,25,25
2005298N12088,2005,UNNAMED,2005-10-26 15:00:00,12.2,83.6,28,25,25
2005298N12088,2005,UNNAMED,2005-10-26 18:00:00,12.4,83.4,30,30,30
2005298N12088,2005,UNNAMED,2005-10-26 21:00:00,12.5,83.2,33,30,30
2005298N12088,2005,UNNAMED,2005-10-27 00:00:00,12.6,83.0,35,30,30
2005298N12088,2005,UNNAMED,2005-10-27 03:00:00,13.0,82.2,35,30,30
2005298N12088,2005,UNNAMED,2005-10-27 06:00:00,13.2,81.7,35,30,30
2005298N12088,2005,UNNAMED,2005-10-27 09:00:00,13.3,81.7,35,30,30
2005298N12088,2005,UNNAMED,2005-10-27 12:00:00,13.7,81.8,35,30,30
2005298N12088,2005,UNNAMED,2005-10-27 15:00:00,14.1,81.7,35,30,30
2005298N12088,2005,UNNAMED,2005-10-27 18:00:00,14.2,81.7,35,30,30
2005298N12088,2005,UNNAMED,2005-10-27 21:00:00,14.8,81.3,33,30,30
2005298N12088,2005,UNNAMED,2005-10-28 00:00:00,14.9,81.2,30,30,30
2005298N12088,2005,UNNAMED,2005-10-28 03:00:00,15.3,80.6,30,30,30
2005298N12088,2005,UNNAMED,2005-10-28 06:00:00,15.4,80.4,30,30,30
2005298N12088,2005,UNNAMED,2005-10-28 09:00:00,15.4,80.2,30,25,25
2005298N12088,2005,UNNAMED,2005-10-28 12:00:00,15.5,80.0,30,25,25
2005298N12088,2005,UNNAMED,2005-10-28 15:00:00,15.6,79.7,30, , 
2005298N12088,2005,UNNAMED,2005-10-28 18:00:00,15.6,79.5,30, , 
2005298N12088,2005,UNNAMED,2005-10-28 21:00:00,15.7,79.4,23, , 
2005298N12088,2005,UNNAMED,2005-10-29 00:00:00,15.7,79.4,15, , 
2005298N12088,2005,UNNAMED,2005-10-29 03:00:00,15.5,79.5, ,25,25
2005324N08085,2005,UNNAMED,2005-11-20 03:00:00,8.0,84.5, ,25,25
2005324N08085,2005,UNNAMED,2005-11-20 06:00:00,8.0,84.5, ,25,25
2005324N08085,2005,UNNAMED,2005-11-20 09:00:00,8.0,84.5, ,25,25
2005324N08085,2005,UNNAMED,2005-11-20 12:00:00,8.0,84.0, ,25,25
2005324N08085,2005,UNNAMED,2005-11-20 15:00:00,8.0,84.0, ,25,25
2005324N08085,2005,UNNAMED,2005-11-20 18:00:00,8.0,84.0, ,25,25
2005324N08085,2005,UNNAMED,2005-11-20 21:00:00,8.0,84.0, ,25,25
2005324N08085,2005,UNNAMED,2005-11-21 00:00:00,8.0,84.0, ,25,25
2005324N08085,2005,UNNAMED,2005-11-21 03:00:00,8.5,83.0, ,25,25
2005324N08085,2005,UNNAMED,2005-11-21 06:00:00,8.5,83.0, ,25,25
2005324N08085,2005,UNNAMED,2005-11-21 09:00:00,9.0,82.0, ,25,25
2005324N08085,2005,UNNAMED,2005-11-21 12:00:00,9.0,81.5, ,25,25
2005324N08085,2005,UNNAMED,2005-11-21 15:00:00,9.0,81.5, ,25,25
2005324N08085,2005,UNNAMED,2005-11-21 18:00:00,9.0,81.0, ,25,25
2005324N08085,2005,UNNAMED,2005-11-21 21:00:00,9.0,81.0, ,25,25
2005324N08085,2005,UNNAMED,2005-11-22 00:00:00,9.0,80.5, ,25,25
2005324N08085,2005,UNNAMED,2005-11-22 03:00:00,9.0,80.0, ,25,25
2005324N08085,2005,UNNAMED,2005-11-22 06:00:00,9.0,79.5, ,25,25
2005324N08085,2005,UNNAMED,2005-11-22 09:00:00,9.5,79.5, ,25,25
2005330N09096,2005,BAAZ,2005-11-26 06:00:00,9.4,96.1,15, , 
2005330N09096,2005,BAAZ,2005-11-26 09:00:00,9.6,95.8,15, , 
2005330N09096,2005,BAAZ,2005-11-26 12:00:00,9.7,95.5,15, , 
2005330N09096,2005,BAAZ,2005-11-26 15:00:00,9.8,95.2,18, , 
2005330N09096,2005,BAAZ,2005-11-26 18:00:00,10.0,94.9,20, , 
2005330N09096,2005,BAAZ,2005-11-26 21:00:00,10.4,94.8,23, , 
2005330N09096,2005,BAAZ,2005-11-27 00:00:00,10.7,94.6,25, , 
2005330N09096,2005,BAAZ,2005-11-27 03:00:00,10.8,94.2,25, , 
2005330N09096,2005,BAAZ,2005-11-27 06:00:00,10.9,93.7,25, , 
2005330N09096,2005,BAAZ,2005-11-27 09:00:00,11.0,93.2,28, , 
2005330N09096,2005,BAAZ,2005-11-27 12:00:00,11.0,92.6,30, , 
2005330N09096,2005,BAAZ,2005-11-27 15:00:00,10.9,91.9,30, , 
2005330N09096,2005,BAAZ,2005-11-27 18:00:00,10.8,91.2,30, , 
2005330N09096,2005,BAAZ,2005-11-27 21:00:00,10.5,90.5,33, , 
2005330N09096,2005,BAAZ,2005-11-28 00:00:00,10.3,89.9,35, , 
2005330N09096,2005,BAAZ,2005-11-28 03:00:00,10.4,89.6,35,25,25
2005330N09096,2005,BAAZ,2005-11-28 06:00:00,10.5,89.3,35,30,30
2005330N09096,2005,BAAZ,2005-11-28 09:00:00,10.5,88.7,35,30,30
2005330N09096,2005,BAAZ,2005-11-28 12:00:00,10.6,88.3,35,30,30
2005330N09096,2005,BAAZ,2005-11-28 15:00:00,10.7,87.8,40,30,30
2005330N09096,2005,BAAZ,2005-11-28 18:00:00,10.8,87.7,45,35,35
2005330N09096,2005,BAAZ,2005-11-28 21:00:00,10.9,87.4,45,35,35
2005330N09096,2005,BAAZ,2005-11-29 00:00:00,11.1,87.0,45,35,35
2005330N09096,2005,BAAZ,2005-11-29 03:00:00,11.2,86.6,45,45,45
2005330N09096,2005,BAAZ,2005-11-29 06:00:00,11.7,86.0,45,45,45
2005330N09096,2005,BAAZ,2005-11-29 09:00:00,12.0,85.3,45,45,45
2005330N09096,2005,BAAZ,2005-11-29 12:00:00,12.3,84.6,45,45,45
2005330N09096,2005,BAAZ,2005-11-29 15:00:00,12.3,84.5,45,45,45
2005330N09096,2005,BAAZ,2005-11-29 18:00:00,12.2,84.4,45,45,45
2005330N09096,2005,BAAZ,2005-11-29 21:00:00,12.2,84.2,43,45,45
2005330N09096,2005,BAAZ,2005-11-30 00:00:00,12.3,84.2,40,45,45
2005330N09096,2005,BAAZ,2005-11-30 03:00:00,12.4,84.1,40,45,45
2005330N09096,2005,BAAZ,2005-11-30 06:00:00,12.7,84.1,40,35,35
2005330N09096,2005,BAAZ,2005-11-30 09:00:00,12.7,84.2,40,35,35
2005330N09096,2005,BAAZ,2005-11-30 12:00:00,12.6,84.2,40,35,35
2005330N09096,2005,BAAZ,2005-11-30 15:00:00,12.6,84.1,43,35,35
2005330N09096,2005,BAAZ,2005-11-30 18:00:00,12.6,84.0,45,35,35
2005330N09096,2005,BAAZ,2005-11-30 21:00:00,12.7,84.0,45,35,35
2005330N09096,2005,BAAZ,2005-12-01 00:00:00,12.8,84.0,45,35,35
2005330N09096,2005,BAAZ,2005-12-01 03:00:00,12.7,83.9,45,35,35
2005330N09096,2005,BAAZ,2005-12-01 06:00:00,12.7,83.6,45,35,35
2005330N09096,2005,BAAZ,2005-12-01 09:00:00,12.7,83.5,40,35,35
2005330N09096,2005,BAAZ,2005-12-01 12:00:00,12.7,83.4,35,30,30
2005330N09096,2005,BAAZ,2005-12-01 15:00:00,12.6,83.3,35,30,30
2005330N09096,2005,BAAZ,2005-12-01 18:00:00,12.8,83.0,35,30,30
2005330N09096,2005,BAAZ,2005-12-01 21:00:00,12.7,82.9,35,30,30
2005330N09096,2005,BAAZ,2005-12-02 00:00:00,12.6,82.6,35,25,25
2005330N09096,2005,BAAZ,2005-12-02 03:00:00,12.4,82.4,33,25,25
2005330N09096,2005,BAAZ,2005-12-02 06:00:00,12.1,82.2,30, , 
2005330N09096,2005,BAAZ,2005-12-02 09:00:00,12.2,81.8,30, , 
2005330N09096,2005,BAAZ,2005-12-02 12:00:00,12.3,81.4,30, , 
2005330N09096,2005,BAAZ,2005-12-02 15:00:00,12.4,81.1,30, , 
2005330N09096,2005,BAAZ,2005-12-02 18:00:00,12.6,80.9,30, , 
2005330N09096,2005,BAAZ,2005-12-02 21:00:00,12.7,80.6,30, , 
2005330N09096,2005,BAAZ,2005-12-03 00:00:00,12.8,80.4,30, , 
2005330N09096,2005,BAAZ,2005-12-03 03:00:00,12.7,80.2,28, , 
2005330N09096,2005,BAAZ,2005-12-03 06:00:00,12.6,80.0,25, , 
2005330N09096,2005,BAAZ,2005-12-03 09:00:00,12.5,79.8,23, , 
2005330N09096,2005,BAAZ,2005-12-03 12:00:00,12.5,79.7,20, , 
2005330N09096,2005,BAAZ,2005-12-03 15:00:00,12.5,79.6,20, , 
2005330N09096,2005,BAAZ,2005-12-03 18:00:00,12.5,79.5,20, , 
2005330N09096,2005,BAAZ,2005-12-03 21:00:00,12.5,79.4,20, , 
2005330N09096,2005,BAAZ,2005-12-04 00:00:00,12.5,79.3,20, , 
2005338N09093,2005,FANOOS,2005-12-04 06:00:00,8.7,93.0,20, , 
2005338N09093,2005,FANOOS,2005-12-04 09:00:00,8.9,92.7,20, , 
2005338N09093,2005,FANOOS,2005-12-04 12:00:00,9.1,92.4,20, , 
2005338N09093,2005,FANOOS,2005-12-04 15:00:00,9.4,92.2,20, , 
2005338N09093,2005,FANOOS,2005-12-04 18:00:00,9.6,92.0,20, , 
2005338N09093,2005,FANOOS,2005-12-04 21:00:00,9.8,91.8,20, , 
2005338N09093,2005,FANOOS,2005-12-05 00:00:00,9.9,91.5,20, , 
2005338N09093,2005,FANOOS,2005-12-05 03:00:00,10.1,91.3,23, , 
2005338N09093,2005,FANOOS,2005-12-05 06:00:00,10.2,91.0,25, , 
2005338N09093,2005,FANOOS,2005-12-05 09:00:00,10.3,90.7,28, , 
2005338N09093,2005,FANOOS,2005-12-05 12:00:00,10.4,90.4,30, , 
2005338N09093,2005,FANOOS,2005-12-05 15:00:00,10.6,90.2,30, , 
2005338N09093,2005,FANOOS,2005-12-05 18:00:00,10.9,90.0,30, , 
2005338N09093,2005,FANOOS,2005-12-05 21:00:00,11.2,89.8,33, , 
2005338N09093,2005,FANOOS,2005-12-06 00:00:00,11.4,89.5,35, , 
2005338N09093,2005,FANOOS,2005-12-06 03:00:00,11.4,89.3,35,25,25
2005338N09093,2005,FANOOS,2005-12-06 06:00:00,11.3,89.1,35,25,25
2005338N09093,2005,FANOOS,2005-12-06 09:00:00,11.4,88.8,40,30,30
2005338N09093,2005,FANOOS,2005-12-06 12:00:00,11.3,88.7,45,30,30
2005338N09093,2005,FANOOS,2005-12-06 15:00:00,11.3,88.5,48,30,30
2005338N09093,2005,FANOOS,2005-12-06 18:00:00,11.2,88.1,50,30,30
2005338N09093,2005,FANOOS,2005-12-06 21:00:00,11.2,87.9,53,30,30
2005338N09093,2005,FANOOS,2005-12-07 00:00:00,11.1,87.8,55,30,30
2005338N09093,2005,FANOOS,2005-12-07 03:00:00,11.0,87.2,55,35,35
2005338N09093,2005,FANOOS,2005-12-07 06:00:00,10.9,86.9,55,40,40
2005338N09093,2005,FANOOS,2005-12-07 09:00:00,10.8,86.6,55,45,45
2005338N09093,2005,FANOOS,2005-12-07 12:00:00,10.8,86.6,55,45,45
2005338N09093,2005,FANOOS,2005-12-07 15:00:00,10.7,86.5,55,45,45
2005338N09093,2005,FANOOS,2005-12-07 18:00:00,10.7,86.2,55,45,45
2005338N09093,2005,FANOOS,2005-12-07 21:00:00,10.7,86.1,55,45,45
2005338N09093,2005,FANOOS,2005-12-08 00:00:00,10.7,86.0,55,45,45
2005338N09093,2005,FANOOS,2005-12-08 03:00:00,10.5,85.8,55,45,45
2005338N09093,2005,FANOOS,2005-12-08 06:00:00,10.6,85.5,55,45,45
2005338N09093,2005,FANOOS,2005-12-08 09:00:00,10.6,85.0,55,45,45
2005338N09093,2005,FANOOS,2005-12-08 12:00:00,10.6,84.6,55,45,45
2005338N09093,2005,FANOOS,2005-12-08 15:00:00,10.5,84.5,55,45,45
2005338N09093,2005,FANOOS,2005-12-08 18:00:00,10.4,84.1,55,45,45
2005338N09093,2005,FANOOS,2005-12-08 21:00:00,10.4,83.9,58,45,45
2005338N09093,2005,FANOOS,2005-12-09 00:00:00,10.4,83.4,60,45,45
2005338N09093,2005,FANOOS,2005-12-09 03:00:00,10.4,83.0,60,45,45
2005338N09093,2005,FANOOS,2005-12-09 06:00:00,10.4,82.8,60,45,45
2005338N09093,2005,FANOOS,2005-12-09 09:00:00,10.4,82.3,60,45,45
2005338N09093,2005,FANOOS,2005-12-09 12:00:00,10.4,81.9,60,45,45
2005338N09093,2005,FANOOS,2005-12-09 15:00:00,10.4,81.4,60,45,45
2005338N09093,2005,FANOOS,2005-12-09 18:00:00,10.4,81.2,60,35,35
2005338N09093,2005,FANOOS,2005-12-09 21:00:00,10.5,80.8,58,35,35
2005338N09093,2005,FANOOS,2005-12-10 00:00:00,10.5,80.5,55, , 
2005338N09093,2005,FANOOS,2005-12-10 03:00:00,10.5,80.2,50, , 
2005338N09093,2005,FANOOS,2005-12-10 06:00:00,10.4,79.9,45, , 
2005338N09093,2005,FANOOS,2005-12-10 09:00:00,10.3,79.7,45, , 
2005338N09093,2005,FANOOS,2005-12-10 12:00:00,10.2,79.5,45,30,30
2005338N09093,2005,FANOOS,2005-12-10 15:00:00,10.1,79.1,38, , 
2005338N09093,2005,FANOOS,2005-12-10 18:00:00,10.2,78.7,30, , 
2005338N09093,2005,FANOOS,2005-12-10 21:00:00,10.2,78.2,30, , 
2005338N09093,2005,FANOOS,2005-12-11 00:00:00,10.0,77.8,30, , 
2005338N09093,2005,FANOOS,2005-12-11 03:00:00,9.7,77.5,28, , 
2005338N09093,2005,FANOOS,2005-12-11 06:00:00,9.4,77.2,25, , 
2005338N09093,2005,FANOOS,2005-12-11 09:00:00,9.1,76.9,25, , 
2005338N09093,2005,FANOOS,2005-12-11 12:00:00,8.7,76.6,25, , 
2005338N09093,2005,FANOOS,2005-12-11 15:00:00,8.3,76.4,25, , 
2005338N09093,2005,FANOOS,2005-12-11 18:00:00,8.0,76.2,25, , 
2005338N09093,2005,FANOOS,2005-12-11 21:00:00,7.9,76.0,25, , 
2005338N09093,2005,FANOOS,2005-12-12 00:00:00,7.8,75.7,25, , 
2005338N09093,2005,FANOOS,2005-12-12 03:00:00,7.6,75.4,25, , 
2005338N09093,2005,FANOOS,2005-12-12 06:00:00,7.4,75.1,25, , 
2005338N09093,2005,FANOOS,2005-12-12 09:00:00,7.2,74.8,25, , 
2005338N09093,2005,FANOOS,2005-12-12 12:00:00,7.1,74.5,25, , 
2005338N09093,2005,FANOOS,2005-12-12 15:00:00,7.0,74.3,20, , 
2005338N09093,2005,FANOOS,2005-12-12 18:00:00,6.8,74.2,15, , 
2005349N06090,2005,UNNAMED,2005-12-14 18:00:00,6.4,89.9,15, , 
2005349N06090,2005,UNNAMED,2005-12-14 21:00:00,6.9,89.4,15, , 
2005349N06090,2005,UNNAMED,2005-12-15 00:00:00,7.3,88.9,15, , 
2005349N06090,2005,UNNAMED,2005-12-15 03:00:00,7.7,88.4,20, , 
2005349N06090,2005,UNNAMED,2005-12-15 06:00:00,8.0,87.8,25, , 
2005349N06090,2005,UNNAMED,2005-12-15 09:00:00,8.3,87.2,25, , 
2005349N06090,2005,UNNAMED,2005-12-15 12:00:00,8.3,86.8,25,25,25
2005349N06090,2005,UNNAMED,2005-12-15 15:00:00,8.2,86.4,25,25,25
2005349N06090,2005,UNNAMED,2005-12-15 18:00:00,8.1,86.3,25,25,25
2005349N06090,2005,UNNAMED,2005-12-15 21:00:00,7.9,86.2,25,25,25
2005349N06090,2005,UNNAMED,2005-12-16 00:00:00,7.9,86.2,25,25,25
2005349N06090,2005,UNNAMED,2005-12-16 03:00:00,7.8,85.1,25,25,25
2005349N06090,2005,UNNAMED,2005-12-16 06:00:00,7.8,85.0,25,25,25
2005349N06090,2005,UNNAMED,2005-12-16 09:00:00,7.8,84.6,28,25,25
2005349N06090,2005,UNNAMED,2005-12-16 12:00:00,7.9,84.5,30,25,25
2005349N06090,2005,UNNAMED,2005-12-16 15:00:00,7.9,84.4,33,25,25
2005349N06090,2005,UNNAMED,2005-12-16 18:00:00,7.9,84.4,35,25,25
2005349N06090,2005,UNNAMED,2005-12-16 21:00:00,7.9,84.3,35,25,25
2005349N06090,2005,UNNAMED,2005-12-17 00:00:00,8.0,84.0,35,25,25
2005349N06090,2005,UNNAMED,2005-12-17 03:00:00,8.1,84.0,35,30,30
2005349N06090,2005,UNNAMED,2005-12-17 06:00:00,8.3,83.9,35,30,30
2005349N06090,2005,UNNAMED,2005-12-17 09:00:00,8.6,83.6,35,30,30
2005349N06090,2005,UNNAMED,2005-12-17 12:00:00,8.8,83.5,35,30,30
2005349N06090,2005,UNNAMED,2005-12-17 15:00:00,8.9,83.4,38,30,30
2005349N06090,2005,UNNAMED,2005-12-17 18:00:00,9.4,83.1,40,30,30
2005349N06090,2005,UNNAMED,2005-12-17 21:00:00,9.5,83.0,43,30,30
2005349N06090,2005,UNNAMED,2005-12-18 00:00:00,10.0,83.0,45,30,30
2005349N06090,2005,UNNAMED,2005-12-18 03:00:00,10.3,83.0,45,30,30
2005349N06090,2005,UNNAMED,2005-12-18 06:00:00,10.4,83.0,45,30,30
2005349N06090,2005,UNNAMED,2005-12-18 09:00:00,10.7,82.8,45,30,30
2005349N06090,2005,UNNAMED,2005-12-18 12:00:00,10.8,82.8,45,30,30
2005349N06090,2005,UNNAMED,2005-12-18 15:00:00,10.8,82.8,45,30,30
2005349N06090,2005,UNNAMED,2005-12-18 18:00:00,11.1,82.8,45,30,30
2005349N06090,2005,UNNAMED,2005-12-18 21:00:00,11.1,82.7,45,30,30
2005349N06090,2005,UNNAMED,2005-12-19 00:00:00,11.1,82.8,45,30,30
2005349N06090,2005,UNNAMED,2005-12-19 03:00:00,11.1,82.8,45,30,30
2005349N06090,2005,UNNAMED,2005-12-19 06:00:00,11.2,82.9,45,30,30
2005349N06090,2005,UNNAMED,2005-12-19 09:00:00,11.1,82.9,45,30,30
2005349N06090,2005,UNNAMED,2005-12-19 12:00:00,11.1,83.0,45,30,30
2005349N06090,2005,UNNAMED,2005-12-19 15:00:00,11.3,83.0,45,30,30
2005349N06090,2005,UNNAMED,2005-12-19 18:00:00,11.3,83.1,45,30,30
2005349N06090,2005,UNNAMED,2005-12-19 21:00:00,11.3,83.2,43,30,30
2005349N06090,2005,UNNAMED,2005-12-20 00:00:00,11.3,83.5,40,30,30
2005349N06090,2005,UNNAMED,2005-12-20 03:00:00,11.4,83.8,40,30,30
2005349N06090,2005,UNNAMED,2005-12-20 06:00:00,11.5,84.1,40,25,25
2005349N06090,2005,UNNAMED,2005-12-20 09:00:00,11.8,84.3,38,25,25
2005349N06090,2005,UNNAMED,2005-12-20 12:00:00,11.8,84.4,35,25,25
2005349N06090,2005,UNNAMED,2005-12-20 15:00:00,11.9,84.5,35,25,25
2005349N06090,2005,UNNAMED,2005-12-20 18:00:00,11.9,84.5,35,25,25
2005349N06090,2005,UNNAMED,2005-12-20 21:00:00,11.9,84.6,35,25,25
2005349N06090,2005,UNNAMED,2005-12-21 00:00:00,11.8,84.6,35,25,25
2005349N06090,2005,UNNAMED,2005-12-21 03:00:00,11.7,84.5,33,25,25
2005349N06090,2005,UNNAMED,2005-12-21 06:00:00,11.7,84.5,30,25,25
2005349N06090,2005,UNNAMED,2005-12-21 09:00:00,11.8,84.5,30,25,25
2005349N06090,2005,UNNAMED,2005-12-21 12:00:00,11.8,84.6,30,25,25
2005349N06090,2005,UNNAMED,2005-12-21 15:00:00,11.9,84.7,30,25,25
2005349N06090,2005,UNNAMED,2005-12-21 18:00:00,12.1,84.7,30,25,25
2005349N06090,2005,UNNAMED,2005-12-21 21:00:00,12.2,84.8,30,25,25
2005349N06090,2005,UNNAMED,2005-12-22 00:00:00,12.4,84.9,30,25,25
2005349N06090,2005,UNNAMED,2005-12-22 03:00:00,12.7,85.1,30, , 
2005349N06090,2005,UNNAMED,2005-12-22 06:00:00,12.9,85.2,30, , 
2005349N06090,2005,UNNAMED,2005-12-22 09:00:00,13.1,85.4,28, , 
2005349N06090,2005,UNNAMED,2005-12-22 12:00:00,13.3,85.8,25, , 
2005349N06090,2005,UNNAMED,2005-12-22 15:00:00,13.5,86.3,25, , 
2005349N06090,2005,UNNAMED,2005-12-22 18:00:00,13.7,86.8,25, , 
2005349N06090,2005,UNNAMED,2005-12-22 21:00:00,13.9,87.4,25, , 
2005349N06090,2005,UNNAMED,2005-12-23 00:00:00,14.1,88.0,25, , 
2005349N06090,2005,UNNAMED,2005-12-23 03:00:00,14.3,88.6,25, , 
2005349N06090,2005,UNNAMED,2005-12-23 06:00:00,14.4,89.1,25, , 
2005349N06090,2005,UNNAMED,2005-12-23 09:00:00,14.5,89.6,25, , 
2005349N06090,2005,UNNAMED,2005-12-23 12:00:00,14.6,90.0,25, , 
2005349N06090,2005,UNNAMED,2005-12-23 15:00:00,14.9,90.4,23, , 
2005349N06090,2005,UNNAMED,2005-12-23 18:00:00,15.3,90.7,20, , 
2005349N06090,2005,UNNAMED,2005-12-23 21:00:00,15.7,91.0,20, , 
2005349N06090,2005,UNNAMED,2005-12-24 00:00:00,16.2,91.3,20, , 
2006012N03081,2006,UNNAMED,2006-01-12 00:00:00,2.9,81.1,15, , 
2006012N03081,2006,UNNAMED,2006-01-12 03:00:00,2.9,80.8,15, , 
2006012N03081,2006,UNNAMED,2006-01-12 06:00:00,3.0,80.5,15, , 
2006012N03081,2006,UNNAMED,2006-01-12 09:00:00,3.1,80.2,18, , 
2006012N03081,2006,UNNAMED,2006-01-12 12:00:00,3.2,80.0,20, , 
2006012N03081,2006,UNNAMED,2006-01-12 15:00:00,3.3,79.8,23, , 
2006012N03081,2006,UNNAMED,2006-01-12 18:00:00,3.5,79.5,25, , 
2006012N03081,2006,UNNAMED,2006-01-12 21:00:00,3.6,79.2,25, , 
2006012N03081,2006,UNNAMED,2006-01-13 00:00:00,3.8,78.9,25, , 
2006012N03081,2006,UNNAMED,2006-01-13 03:00:00,4.0,78.5,28, , 
2006012N03081,2006,UNNAMED,2006-01-13 06:00:00,4.3,78.1,30, , 
2006012N03081,2006,UNNAMED,2006-01-13 09:00:00,4.6,77.6,33, , 
2006012N03081,2006,UNNAMED,2006-01-13 12:00:00,4.9,77.1,35,25,25
2006012N03081,2006,UNNAMED,2006-01-13 15:00:00,5.3,76.6,38, ,25
2006012N03081,2006,UNNAMED,2006-01-13 18:00:00,5.6,76.3,40, ,25
2006012N03081,2006,UNNAMED,2006-01-13 21:00:00,5.7,75.9,43, ,25
2006012N03081,2006,UNNAMED,2006-01-14 00:00:00,5.7,75.6,45,25,25
2006012N03081,2006,UNNAMED,2006-01-14 03:00:00,5.8,75.1,45,30,30
2006012N03081,2006,UNNAMED,2006-01-14 06:00:00,6.9,74.2,45,30,30
2006012N03081,2006,UNNAMED,2006-01-14 09:00:00,6.9,73.7,45,30,30
2006012N03081,2006,UNNAMED,2006-01-14 12:00:00,6.9,73.3,45,25,25
2006012N03081,2006,UNNAMED,2006-01-14 15:00:00,6.9,72.9,43,25,25
2006012N03081,2006,UNNAMED,2006-01-14 18:00:00,7.0,72.7,40,25,25
2006012N03081,2006,UNNAMED,2006-01-14 21:00:00,7.1,72.3,38,25,25
2006012N03081,2006,UNNAMED,2006-01-15 00:00:00,7.1,71.9,35, , 
2006012N03081,2006,UNNAMED,2006-01-15 03:00:00,7.0,71.4,33, , 
2006012N03081,2006,UNNAMED,2006-01-15 06:00:00,6.9,71.0,30, , 
2006012N03081,2006,UNNAMED,2006-01-15 09:00:00,6.8,70.5,30, , 
2006012N03081,2006,UNNAMED,2006-01-15 12:00:00,6.8,70.1,30, , 
2006012N03081,2006,UNNAMED,2006-01-15 15:00:00,6.8,69.7,30, , 
2006012N03081,2006,UNNAMED,2006-01-15 18:00:00,6.9,69.3,30, , 
2006012N03081,2006,UNNAMED,2006-01-15 21:00:00,7.1,68.9,30, , 
2006012N03081,2006,UNNAMED,2006-01-16 00:00:00,7.3,68.6,30, , 
2006012N03081,2006,UNNAMED,2006-01-16 03:00:00,7.6,68.3,30, , 
2006012N03081,2006,UNNAMED,2006-01-16 06:00:00,7.9,68.0,30, , 
2006012N03081,2006,UNNAMED,2006-01-16 09:00:00,8.2,67.7,30, , 
2006012N03081,2006,UNNAMED,2006-01-16 12:00:00,8.4,67.3,30, , 
2006012N03081,2006,UNNAMED,2006-01-16 15:00:00,8.4,66.7,30, , 
2006012N03081,2006,UNNAMED,2006-01-16 18:00:00,8.5,66.1,30, , 
2006012N03081,2006,UNNAMED,2006-01-16 21:00:00,8.8,65.5,30, , 
2006012N03081,2006,UNNAMED,2006-01-17 00:00:00,9.2,64.8,30, , 
2006012N03081,2006,UNNAMED,2006-01-17 03:00:00,9.5,64.1,30, , 
2006012N03081,2006,UNNAMED,2006-01-17 06:00:00,9.8,63.4,30, , 
2006012N03081,2006,UNNAMED,2006-01-17 09:00:00,9.9,62.7,30, , 
2006012N03081,2006,UNNAMED,2006-01-17 12:00:00,9.9,62.1,30, , 
2006012N03081,2006,UNNAMED,2006-01-17 15:00:00,9.8,61.5,30, , 
2006012N03081,2006,UNNAMED,2006-01-17 18:00:00,9.6,61.0,30, , 
2006012N03081,2006,UNNAMED,2006-01-17 21:00:00,9.4,60.4,30, , 
2006012N03081,2006,UNNAMED,2006-01-18 00:00:00,9.3,59.9,30, , 
2006012N03081,2006,UNNAMED,2006-01-18 03:00:00,9.3,59.4,30, , 
2006012N03081,2006,UNNAMED,2006-01-18 06:00:00,9.3,58.8,30, , 
2006012N03081,2006,UNNAMED,2006-01-18 09:00:00,9.4,58.2,28, , 
2006012N03081,2006,UNNAMED,2006-01-18 12:00:00,9.4,57.5,25, , 
2006012N03081,2006,UNNAMED,2006-01-18 15:00:00,9.4,56.8,25, , 
2006012N03081,2006,UNNAMED,2006-01-18 18:00:00,9.3,56.2,25, , 
2006012N03081,2006,UNNAMED,2006-01-18 21:00:00,9.3,55.6,25, , 
2006012N03081,2006,UNNAMED,2006-01-19 00:00:00,9.2,54.9,25, , 
2006012N03081,2006,UNNAMED,2006-01-19 03:00:00,9.1,54.2,25, , 
2006012N03081,2006,UNNAMED,2006-01-19 06:00:00,8.9,53.6,25, , 
2006114N08090,2006,MALA,2006-04-24 06:00:00,8.4,90.1,20, , 
2006114N08090,2006,MALA,2006-04-24 09:00:00,8.5,89.9,23, , 
2006114N08090,2006,MALA,2006-04-24 12:00:00,8.6,89.7,25, , 
2006114N08090,2006,MALA,2006-04-24 15:00:00,8.8,89.6,28, , 
2006114N08090,2006,MALA,2006-04-24 18:00:00,9.0,89.5,30, , 
2006114N08090,2006,MALA,2006-04-24 21:00:00,9.2,89.6,33, , 
2006114N08090,2006,MALA,2006-04-25 00:00:00,9.3,89.7,35, , 
2006114N08090,2006,MALA,2006-04-25 03:00:00,9.5,89.8,35,25,25
2006114N08090,2006,MALA,2006-04-25 06:00:00,9.6,89.9,35,25,25
2006114N08090,2006,MALA,2006-04-25 09:00:00,9.7,89.8,40,30,30
2006114N08090,2006,MALA,2006-04-25 12:00:00,10.0,89.6,45,35,35
2006114N08090,2006,MALA,2006-04-25 15:00:00,10.1,89.6,45,35,35
2006114N08090,2006,MALA,2006-04-25 18:00:00,10.2,89.7,45,35,35
2006114N08090,2006,MALA,2006-04-25 21:00:00,10.1,89.8,45,35,35
2006114N08090,2006,MALA,2006-04-26 00:00:00,10.4,89.7,45,45,45
2006114N08090,2006,MALA,2006-04-26 03:00:00,10.6,89.7,45,45,45
2006114N08090,2006,MALA,2006-04-26 06:00:00,11.1,89.8,45,45,45
2006114N08090,2006,MALA,2006-04-26 09:00:00,11.3,90.1,45,45,45
2006114N08090,2006,MALA,2006-04-26 12:00:00,11.7,90.3,45,45,45
2006114N08090,2006,MALA,2006-04-26 15:00:00,12.1,90.5,45,45,45
2006114N08090,2006,MALA,2006-04-26 18:00:00,12.1,90.4,45,45,45
2006114N08090,2006,MALA,2006-04-26 21:00:00,12.1,90.3,50,45,45
2006114N08090,2006,MALA,2006-04-27 00:00:00,12.0,90.2,55,45,45
2006114N08090,2006,MALA,2006-04-27 03:00:00,12.4,90.1,60,55,55
2006114N08090,2006,MALA,2006-04-27 06:00:00,12.5,90.2,65,55,55
2006114N08090,2006,MALA,2006-04-27 09:00:00,12.6,90.3,68,55,55
2006114N08090,2006,MALA,2006-04-27 12:00:00,13.0,90.5,70,65,65
2006114N08090,2006,MALA,2006-04-27 15:00:00,13.1,90.6,75,65,65
2006114N08090,2006,MALA,2006-04-27 18:00:00,13.3,90.8,80,65,65
2006114N08090,2006,MALA,2006-04-27 21:00:00,13.7,90.9,85,65,65
2006114N08090,2006,MALA,2006-04-28 00:00:00,14.1,91.4,90,65,65
2006114N08090,2006,MALA,2006-04-28 03:00:00,14.5,91.7,103,80,80
2006114N08090,2006,MALA,2006-04-28 06:00:00,15.0,92.1,115,90,90
2006114N08090,2006,MALA,2006-04-28 09:00:00,15.3,92.4,118,100,100
2006114N08090,2006,MALA,2006-04-28 12:00:00,15.6,92.7,120,100,100
2006114N08090,2006,MALA,2006-04-28 15:00:00,16.0,93.1,120,100,100
2006114N08090,2006,MALA,2006-04-28 18:00:00,16.2,93.2,120,100,100
2006114N08090,2006,MALA,2006-04-28 21:00:00,16.5,93.6,113,100,100
2006114N08090,2006,MALA,2006-04-29 00:00:00,16.7,93.7,105,100,100
2006114N08090,2006,MALA,2006-04-29 03:00:00,17.1,94.1,98,100,100
2006114N08090,2006,MALA,2006-04-29 06:00:00,17.5,94.5,90,90,90
2006114N08090,2006,MALA,2006-04-29 09:00:00,18.0,94.9,78, , 
2006114N08090,2006,MALA,2006-04-29 12:00:00,18.5,95.5,65, , 
2006114N08090,2006,MALA,2006-04-29 15:00:00,18.5,95.5, , , 
2006114N08090,2006,MALA,2006-04-29 18:00:00,19.0,96.0, , , 
2006182N20088,2006,UNNAMED,2006-06-30 18:00:00,20.0,88.3,15, , 
2006182N20088,2006,UNNAMED,2006-06-30 21:00:00,20.2,88.3,15, , 
2006182N20088,2006,UNNAMED,2006-07-01 00:00:00,20.4,88.3,15, , 
2006182N20088,2006,UNNAMED,2006-07-01 03:00:00,20.6,88.4,15, , 
2006182N20088,2006,UNNAMED,2006-07-01 06:00:00,20.7,88.6,15, , 
2006182N20088,2006,UNNAMED,2006-07-01 09:00:00,20.7,88.8,18, , 
2006182N20088,2006,UNNAMED,2006-07-01 12:00:00,20.7,88.9,20, , 
2006182N20088,2006,UNNAMED,2006-07-01 15:00:00,20.6,88.9,23, , 
2006182N20088,2006,UNNAMED,2006-07-01 18:00:00,20.5,88.8,25, , 
2006182N20088,2006,UNNAMED,2006-07-01 21:00:00,20.5,88.6,25, , 
2006182N20088,2006,UNNAMED,2006-07-02 00:00:00,20.4,88.5,25,25,25
2006182N20088,2006,UNNAMED,2006-07-02 03:00:00,20.5,88.3,28,30,30
2006182N20088,2006,UNNAMED,2006-07-02 06:00:00,20.4,88.2,30,30,30
2006182N20088,2006,UNNAMED,2006-07-02 09:00:00,20.4,87.9,33,30,30
2006182N20088,2006,UNNAMED,2006-07-02 12:00:00,20.4,87.4,35,30,30
2006182N20088,2006,UNNAMED,2006-07-02 15:00:00,20.4,86.7,33,30,30
2006182N20088,2006,UNNAMED,2006-07-02 18:00:00,20.4,86.0,30,30,30
2006182N20088,2006,UNNAMED,2006-07-02 21:00:00,20.4,85.8,28,30,30
2006182N20088,2006,UNNAMED,2006-07-03 00:00:00,20.4,85.4,25,30,30
2006182N20088,2006,UNNAMED,2006-07-03 03:00:00,20.4,85.2,25,30,30
2006182N20088,2006,UNNAMED,2006-07-03 06:00:00,20.4,85.1,25,30,30
2006182N20088,2006,UNNAMED,2006-07-03 09:00:00,20.8,84.5,25,30,30
2006182N20088,2006,UNNAMED,2006-07-03 12:00:00,20.9,84.1,25,30,30
2006182N20088,2006,UNNAMED,2006-07-03 15:00:00,21.0,83.5, ,30,30
2006182N20088,2006,UNNAMED,2006-07-03 18:00:00,21.0,83.0, ,30,30
2006182N20088,2006,UNNAMED,2006-07-03 21:00:00,21.0,82.5, ,30,30
2006182N20088,2006,UNNAMED,2006-07-04 00:00:00,21.0,82.0, ,30,30
2006182N20088,2006,UNNAMED,2006-07-04 03:00:00,21.5,81.5, ,30,30
2006182N20088,2006,UNNAMED,2006-07-04 06:00:00,21.5,81.0, ,30,30
2006182N20088,2006,UNNAMED,2006-07-04 09:00:00,21.5,80.0, ,25,25
2006182N20088,2006,UNNAMED,2006-07-04 12:00:00,21.5,79.5, ,25,25
2006182N20088,2006,UNNAMED,2006-07-04 15:00:00,21.5,79.0, ,25,25
2006182N20088,2006,UNNAMED,2006-07-04 18:00:00,21.5,78.5, ,25,25
2006182N20088,2006,UNNAMED,2006-07-04 21:00:00,21.5,78.0, ,25,25
2006182N20088,2006,UNNAMED,2006-07-05 00:00:00,21.5,78.0, ,25,25
2006182N20088,2006,UNNAMED,2006-07-05 03:00:00,22.0,77.5, ,25,25
2006182N20088,2006,UNNAMED,2006-07-05 06:00:00,22.0,77.5, ,25,25
2006214N20088,2006,UNNAMED,2006-08-02 03:00:00,20.5,87.5, ,25,25
2006214N20088,2006,UNNAMED,2006-08-02 06:00:00,20.5,87.5, ,25,25
2006214N20088,2006,UNNAMED,2006-08-02 09:00:00,20.0,87.0, ,30,30
2006214N20088,2006,UNNAMED,2006-08-02 12:00:00,20.0,86.5, ,30,30
2006214N20088,2006,UNNAMED,2006-08-02 15:00:00,20.0,86.5, ,30,30
2006214N20088,2006,UNNAMED,2006-08-02 18:00:00,20.0,86.0, ,30,30
2006214N20088,2006,UNNAMED,2006-08-02 21:00:00,20.0,85.5, ,30,30
2006214N20088,2006,UNNAMED,2006-08-03 00:00:00,19.7,85.2, , ,30
2006214N20088,2006,UNNAMED,2006-08-03 03:00:00,19.5,85.0, ,30,30
2006214N20088,2006,UNNAMED,2006-08-03 06:00:00,19.5,85.0, ,30,30
2006214N20088,2006,UNNAMED,2006-08-03 09:00:00,19.5,84.5, ,30,30
2006214N20088,2006,UNNAMED,2006-08-03 12:00:00,19.5,84.0, ,30,30
2006214N20088,2006,UNNAMED,2006-08-03 15:00:00,19.5,84.0, ,30,30
2006214N20088,2006,UNNAMED,2006-08-03 18:00:00,19.5,83.5, ,30,30
2006214N20088,2006,UNNAMED,2006-08-03 21:00:00,19.5,83.0, ,30,30
2006214N20088,2006,UNNAMED,2006-08-04 00:00:00,19.5,83.0, ,30,30
2006214N20088,2006,UNNAMED,2006-08-04 03:00:00,20.0,82.5, ,30,30
2006214N20088,2006,UNNAMED,2006-08-04 06:00:00,20.0,82.5, ,30,30
2006214N20088,2006,UNNAMED,2006-08-04 09:00:00,20.5,82.0, ,25,25
2006214N20088,2006,UNNAMED,2006-08-04 12:00:00,21.0,81.0, ,25,25
2006214N20088,2006,UNNAMED,2006-08-04 15:00:00,21.0,81.0, ,25,25
2006214N20088,2006,UNNAMED,2006-08-04 18:00:00,21.0,81.0, ,25,25
2006214N20088,2006,UNNAMED,2006-08-04 21:00:00,21.0,81.0, ,25,25
2006214N20088,2006,UNNAMED,2006-08-05 00:00:00,21.0,80.5, ,25,25
2006214N20088,2006,UNNAMED,2006-08-05 03:00:00,21.0,80.0, ,25,25
2006214N20088,2006,UNNAMED,2006-08-05 06:00:00,21.0,79.5, ,25,25
2006214N20088,2006,UNNAMED,2006-08-05 09:00:00,21.0,79.5, ,25,25
2006224N21088,2006,UNNAMED,2006-08-12 03:00:00,21.0,88.0, ,25,25
2006224N21088,2006,UNNAMED,2006-08-12 06:00:00,21.0,88.0, ,25,25
2006224N21088,2006,UNNAMED,2006-08-12 09:00:00,21.0,87.5, ,25,25
2006224N21088,2006,UNNAMED,2006-08-12 12:00:00,21.0,87.5, ,25,25
2006224N21088,2006,UNNAMED,2006-08-12 15:00:00,22.0,86.5, ,25,25
2006224N21088,2006,UNNAMED,2006-08-12 18:00:00,22.0,85.0, ,25,25
2006224N21088,2006,UNNAMED,2006-08-12 21:00:00,22.0,83.5, ,25,25
2006224N21088,2006,UNNAMED,2006-08-13 00:00:00,22.0,82.5, ,25,25
2006228N21088,2006,UNNAMED,2006-08-16 03:00:00,20.5,88.0, ,25,25
2006228N21088,2006,UNNAMED,2006-08-16 06:00:00,20.5,87.5, ,25,25
2006228N21088,2006,UNNAMED,2006-08-16 09:00:00,20.5,87.5, ,25,25
2006228N21088,2006,UNNAMED,2006-08-16 12:00:00,20.5,87.0, ,25,25
2006228N21088,2006,UNNAMED,2006-08-16 15:00:00,20.5,86.5, ,25,25
2006228N21088,2006,UNNAMED,2006-08-16 18:00:00,20.5,86.0, ,25,25
2006228N21088,2006,UNNAMED,2006-08-16 21:00:00,21.0,85.0, ,25,25
2006228N21088,2006,UNNAMED,2006-08-17 00:00:00,21.5,84.5, ,25,25
2006228N21088,2006,UNNAMED,2006-08-17 03:00:00,22.0,83.5, ,25,25
2006228N21088,2006,UNNAMED,2006-08-17 06:00:00,22.0,83.5, ,25,25
2006228N21088,2006,UNNAMED,2006-08-17 09:00:00,22.5,83.0, ,25,25
2006228N21088,2006,UNNAMED,2006-08-17 12:00:00,22.5,81.0, ,25,25
2006228N21088,2006,UNNAMED,2006-08-17 15:00:00,22.5,81.0, ,25,25
2006228N21088,2006,UNNAMED,2006-08-17 18:00:00,22.5,80.5, ,25,25
2006228N21088,2006,UNNAMED,2006-08-17 21:00:00,22.5,80.0, ,25,25
2006228N21088,2006,UNNAMED,2006-08-18 00:00:00,22.5,79.0, ,25,25
2006228N21088,2006,UNNAMED,2006-08-18 03:00:00,23.0,78.0, ,25,25
2006228N21088,2006,UNNAMED,2006-08-18 06:00:00,23.0,77.5, ,25,25
2006228N21088,2006,UNNAMED,2006-08-18 09:00:00,23.5,77.0, ,25,25
2006241N20088,2006,UNNAMED,2006-08-29 03:00:00,20.5,87.5, ,25,25
2006241N20088,2006,UNNAMED,2006-08-29 06:00:00,20.5,86.5, ,25,25
2006241N20088,2006,UNNAMED,2006-08-29 09:00:00,21.0,85.0, ,25,25
2006241N20088,2006,UNNAMED,2006-08-29 12:00:00,21.0,84.5, ,25,25
2006241N20088,2006,UNNAMED,2006-08-29 15:00:00,21.0,84.5, ,25,25
2006241N20088,2006,UNNAMED,2006-08-29 18:00:00,21.0,84.0, ,25,25
2006241N20088,2006,UNNAMED,2006-08-29 21:00:00,21.0,83.5, ,25,25
2006241N20088,2006,UNNAMED,2006-08-30 00:00:00,21.0,83.0, ,25,25
2006241N20088,2006,UNNAMED,2006-08-30 03:00:00,22.0,83.0, ,25,25
2006241N20088,2006,UNNAMED,2006-08-30 06:00:00,22.5,82.5, ,25,25
2006241N20088,2006,UNNAMED,2006-08-30 09:00:00,22.5,81.5, ,25,25
2006241N20088,2006,UNNAMED,2006-08-30 12:00:00,22.5,81.0, ,25,25
2006241N20088,2006,UNNAMED,2006-08-30 15:00:00,22.5,81.0, ,25,25
2006241N20088,2006,UNNAMED,2006-08-30 18:00:00,22.5,81.0, ,25,25
2006241N20088,2006,UNNAMED,2006-08-30 21:00:00,22.5,80.5, ,25,25
2006241N20088,2006,UNNAMED,2006-08-31 00:00:00,23.0,80.0, ,25,25
2006241N20088,2006,UNNAMED,2006-08-31 03:00:00,23.5,79.0, ,25,25
2006241N20088,2006,UNNAMED,2006-08-31 06:00:00,24.0,78.0, ,25,25
2006241N20088,2006,UNNAMED,2006-08-31 09:00:00,24.0,78.0, ,25,25
2006241N20088,2006,UNNAMED,2006-08-31 12:00:00,24.0,78.0, ,25,25
2006241N20088,2006,UNNAMED,2006-08-31 15:00:00,24.0,78.0, ,25,25
2006241N20088,2006,UNNAMED,2006-08-31 18:00:00,24.5,77.5, ,25,25
2006241N20088,2006,UNNAMED,2006-08-31 21:00:00,25.0,77.0, ,25,25
2006241N20088,2006,UNNAMED,2006-09-01 00:00:00,25.5,77.0, ,25,25
2006241N20088,2006,UNNAMED,2006-09-01 03:00:00,26.0,76.5, ,25,25
2006241N20088,2006,UNNAMED,2006-09-01 06:00:00,26.0,76.5, ,25,25
2006247N21089,2006,UNNAMED,2006-09-03 12:00:00,20.5,88.5, ,25,25
2006247N21089,2006,UNNAMED,2006-09-03 15:00:00,20.5,88.0, ,25,25
2006247N21089,2006,UNNAMED,2006-09-03 18:00:00,20.5,87.5, ,25,25
2006247N21089,2006,UNNAMED,2006-09-03 21:00:00,20.5,87.5, ,25,25
2006247N21089,2006,UNNAMED,2006-09-04 00:00:00,21.0,87.0, ,25,25
2006247N21089,2006,UNNAMED,2006-09-04 03:00:00,21.0,86.5, ,25,25
2006247N21089,2006,UNNAMED,2006-09-04 06:00:00,21.5,85.5, ,25,25
2006247N21089,2006,UNNAMED,2006-09-04 09:00:00,21.5,85.0, ,25,25
2006247N21089,2006,UNNAMED,2006-09-04 12:00:00,22.0,84.5, ,25,25
2006247N21089,2006,UNNAMED,2006-09-04 15:00:00,22.0,84.5, ,25,25
2006247N21089,2006,UNNAMED,2006-09-04 18:00:00,22.0,84.5, ,25,25
2006247N21089,2006,UNNAMED,2006-09-04 21:00:00,22.0,84.5, ,25,25
2006262N19069,2006,MUKDA,2006-09-19 06:00:00,19.4,68.7,20, , 
2006262N19069,2006,MUKDA,2006-09-19 09:00:00,19.4,68.5,20, , 
2006262N19069,2006,MUKDA,2006-09-19 12:00:00,19.4,68.4,20, , 
2006262N19069,2006,MUKDA,2006-09-19 15:00:00,19.3,68.3,23, , 
2006262N19069,2006,MUKDA,2006-09-19 18:00:00,19.3,68.2,25, , 
2006262N19069,2006,MUKDA,2006-09-19 21:00:00,19.3,68.0,25, , 
2006262N19069,2006,MUKDA,2006-09-20 00:00:00,19.3,67.8,25, , 
2006262N19069,2006,MUKDA,2006-09-20 03:00:00,19.3,67.6,25, , 
2006262N19069,2006,MUKDA,2006-09-20 06:00:00,19.4,67.4,25, , 
2006262N19069,2006,MUKDA,2006-09-20 09:00:00,19.4,67.2,25, , 
2006262N19069,2006,MUKDA,2006-09-20 12:00:00,19.5,67.1,25, , 
2006262N19069,2006,MUKDA,2006-09-20 15:00:00,19.6,66.9,28, , 
2006262N19069,2006,MUKDA,2006-09-20 18:00:00,19.6,66.8,30, , 
2006262N19069,2006,MUKDA,2006-09-20 21:00:00,19.6,66.7,30, , 
2006262N19069,2006,MUKDA,2006-09-21 00:00:00,19.6,66.6,30, , 
2006262N19069,2006,MUKDA,2006-09-21 03:00:00,19.6,66.4,30,25,25
2006262N19069,2006,MUKDA,2006-09-21 06:00:00,19.6,66.3,30,30,30
2006262N19069,2006,MUKDA,2006-09-21 09:00:00,19.6,66.2,33,30,30
2006262N19069,2006,MUKDA,2006-09-21 12:00:00,19.6,66.2,35,30,30
2006262N19069,2006,MUKDA,2006-09-21 15:00:00,19.6,66.1,38,30,30
2006262N19069,2006,MUKDA,2006-09-21 18:00:00,19.7,66.2,40,30,30
2006262N19069,2006,MUKDA,2006-09-21 21:00:00,19.7,66.2,43,30,30
2006262N19069,2006,MUKDA,2006-09-22 00:00:00,20.0,66.2,45,40,40
2006262N19069,2006,MUKDA,2006-09-22 03:00:00,20.1,66.2,45,45,45
2006262N19069,2006,MUKDA,2006-09-22 06:00:00,20.1,66.3,45,45,45
2006262N19069,2006,MUKDA,2006-09-22 09:00:00,20.1,66.3,48,45,45
2006262N19069,2006,MUKDA,2006-09-22 12:00:00,20.4,66.6,50,45,45
2006262N19069,2006,MUKDA,2006-09-22 15:00:00,20.4,66.6,50,45,45
2006262N19069,2006,MUKDA,2006-09-22 18:00:00,20.4,66.7,50,45,45
2006262N19069,2006,MUKDA,2006-09-22 21:00:00,20.4,66.7,50,45,45
2006262N19069,2006,MUKDA,2006-09-23 00:00:00,20.7,67.0,50,45,45
2006262N19069,2006,MUKDA,2006-09-23 03:00:00,20.7,67.0,53,45,45
2006262N19069,2006,MUKDA,2006-09-23 06:00:00,20.8,67.1,55,45,45
2006262N19069,2006,MUKDA,2006-09-23 09:00:00,20.7,67.1,50,45,45
2006262N19069,2006,MUKDA,2006-09-23 12:00:00,20.7,67.1,45,50,50
2006262N19069,2006,MUKDA,2006-09-23 15:00:00,20.6,67.1,40,55,55
2006262N19069,2006,MUKDA,2006-09-23 18:00:00,20.6,67.1,35,50,50
2006262N19069,2006,MUKDA,2006-09-23 21:00:00,20.6,67.0,33,45,45
2006262N19069,2006,MUKDA,2006-09-24 00:00:00,20.5,67.0,30,40,40
2006262N19069,2006,MUKDA,2006-09-24 03:00:00,20.5,67.0,30,35,35
2006262N19069,2006,MUKDA,2006-09-24 06:00:00,20.3,66.9,30,30,30
2006262N19069,2006,MUKDA,2006-09-24 09:00:00,20.1,66.9,30,30,30
2006262N19069,2006,MUKDA,2006-09-24 12:00:00,19.9,66.9,30,25,25
2006262N19069,2006,MUKDA,2006-09-24 15:00:00,19.5,66.9,30, , 
2006262N19069,2006,MUKDA,2006-09-24 18:00:00,19.5,66.8,30, , 
2006262N19069,2006,MUKDA,2006-09-24 21:00:00,19.5,66.7,30, , 
2006262N19069,2006,MUKDA,2006-09-25 00:00:00,19.5,66.6,30, , 
2006262N19069,2006,MUKDA,2006-09-25 03:00:00,19.6,66.5,30, , 
2006262N19069,2006,MUKDA,2006-09-25 06:00:00,19.7,66.5,30, , 
2006262N19069,2006,MUKDA,2006-09-25 09:00:00,19.8,66.4,30, , 
2006262N19069,2006,MUKDA,2006-09-25 12:00:00,19.8,66.3,30, , 
2006262N19069,2006,MUKDA,2006-09-25 15:00:00,19.8,66.2,28, , 
2006262N19069,2006,MUKDA,2006-09-25 18:00:00,19.9,66.2,25, , 
2006262N19069,2006,MUKDA,2006-09-25 21:00:00,19.9,66.2,25, , 
2006262N19069,2006,MUKDA,2006-09-26 00:00:00,20.0,66.1,25, , 
2006262N19069,2006,MUKDA,2006-09-26 03:00:00,20.1,66.0,25, , 
2006262N19069,2006,MUKDA,2006-09-26 06:00:00,20.2,65.8,25, , 
2006262N19069,2006,MUKDA,2006-09-26 09:00:00,20.3,65.6,25, , 
2006262N19069,2006,MUKDA,2006-09-26 12:00:00,20.3,65.4,25, , 
2006264N23087,2006,UNNAMED,2006-09-21 03:00:00,23.0,86.5, ,25,25
2006264N23087,2006,UNNAMED,2006-09-21 06:00:00,23.0,86.5, ,25,25
2006264N23087,2006,UNNAMED,2006-09-21 09:00:00,23.0,86.5, ,25,25
2006264N23087,2006,UNNAMED,2006-09-21 12:00:00,23.0,86.5, ,25,25
2006264N23087,2006,UNNAMED,2006-09-21 15:00:00,23.0,86.5, ,25,25
2006264N23087,2006,UNNAMED,2006-09-21 18:00:00,23.0,86.5, ,25,25
2006264N23087,2006,UNNAMED,2006-09-21 21:00:00,23.0,86.5, ,25,25
2006264N23087,2006,UNNAMED,2006-09-22 00:00:00,23.5,86.0, ,25,25
2006264N23087,2006,UNNAMED,2006-09-22 03:00:00,23.5,86.0, ,25,25
2006264N23087,2006,UNNAMED,2006-09-22 06:00:00,23.5,86.0, ,25,25
2006264N23087,2006,UNNAMED,2006-09-22 09:00:00,23.5,86.0, ,25,25
2006264N23087,2006,UNNAMED,2006-09-22 12:00:00,23.5,86.0, ,25,25
2006264N23087,2006,UNNAMED,2006-09-22 15:00:00,23.5,86.0, ,25,25
2006264N23087,2006,UNNAMED,2006-09-22 18:00:00,23.5,86.0, ,25,25
2006264N23087,2006,UNNAMED,2006-09-22 21:00:00,23.5,86.0, ,25,25
2006264N23087,2006,UNNAMED,2006-09-23 00:00:00,23.5,86.0, ,25,25
2006264N23087,2006,UNNAMED,2006-09-23 03:00:00,23.5,85.5, ,25,25
2006264N23087,2006,UNNAMED,2006-09-23 06:00:00,23.5,85.5, ,25,25
2006264N23087,2006,UNNAMED,2006-09-23 09:00:00,23.5,85.5, ,25,25
2006264N23087,2006,UNNAMED,2006-09-23 12:00:00,23.5,85.5, ,25,25
2006264N23087,2006,UNNAMED,2006-09-23 15:00:00,23.5,85.5, ,25,25
2006264N23087,2006,UNNAMED,2006-09-23 18:00:00,23.5,85.5, ,25,25
2006264N23087,2006,UNNAMED,2006-09-23 21:00:00,23.5,85.5, ,25,25
2006264N23087,2006,UNNAMED,2006-09-24 00:00:00,23.5,85.5, ,25,25
2006271N18089,2006,UNNAMED,2006-09-28 00:00:00,17.7,89.4,20, , 
2006271N18089,2006,UNNAMED,2006-09-28 03:00:00,17.8,89.0,25, , 
2006271N18089,2006,UNNAMED,2006-09-28 06:00:00,18.0,88.5,30, , 
2006271N18089,2006,UNNAMED,2006-09-28 09:00:00,18.1,88.2,30,25,25
2006271N18089,2006,UNNAMED,2006-09-28 12:00:00,18.4,87.9,30,25,25
2006271N18089,2006,UNNAMED,2006-09-28 15:00:00,18.4,87.5,33,25,25
2006271N18089,2006,UNNAMED,2006-09-28 18:00:00,18.5,87.2,35,25,25
2006271N18089,2006,UNNAMED,2006-09-28 21:00:00,18.8,86.7,35,25,25
2006271N18089,2006,UNNAMED,2006-09-29 00:00:00,18.9,86.3,35,25,25
2006271N18089,2006,UNNAMED,2006-09-29 03:00:00,18.9,85.9,33,25,25
2006271N18089,2006,UNNAMED,2006-09-29 06:00:00,19.0,85.5,30,25,25
2006271N18089,2006,UNNAMED,2006-09-29 09:00:00,19.0,85.0,30,25,25
2006271N18089,2006,UNNAMED,2006-09-29 12:00:00,19.1,84.5,30,25,25
2006271N18089,2006,UNNAMED,2006-09-29 15:00:00,19.2,84.2,28,25,25
2006271N18089,2006,UNNAMED,2006-09-29 18:00:00,19.2,84.0,25,25,25
2006271N18089,2006,UNNAMED,2006-09-29 21:00:00,19.2,83.4,25,25,25
2006271N18089,2006,UNNAMED,2006-09-30 00:00:00,19.4,82.8,25,25,25
2006300N07078,2006,UNNAMED,2006-10-27 06:00:00,7.4,78.1,15, , 
2006300N07078,2006,UNNAMED,2006-10-27 09:00:00,8.0,78.2,15, , 
2006300N07078,2006,UNNAMED,2006-10-27 12:00:00,8.6,78.4,15, , 
2006300N07078,2006,UNNAMED,2006-10-27 15:00:00,9.1,78.7,15, , 
2006300N07078,2006,UNNAMED,2006-10-27 18:00:00,9.5,79.1,15, , 
2006300N07078,2006,UNNAMED,2006-10-27 21:00:00,9.9,79.4,15, , 
2006300N07078,2006,UNNAMED,2006-10-28 00:00:00,10.3,79.7,15, , 
2006300N07078,2006,UNNAMED,2006-10-28 03:00:00,10.7,79.8,18, , 
2006300N07078,2006,UNNAMED,2006-10-28 06:00:00,11.2,79.9,20, , 
2006300N07078,2006,UNNAMED,2006-10-28 09:00:00,11.7,80.0,20, , 
2006300N07078,2006,UNNAMED,2006-10-28 12:00:00,12.2,80.2,20, , 
2006300N07078,2006,UNNAMED,2006-10-28 15:00:00,12.6,80.3,23, , 
2006300N07078,2006,UNNAMED,2006-10-28 18:00:00,13.1,80.4,25, , 
2006300N07078,2006,UNNAMED,2006-10-28 21:00:00,13.7,80.5,28, , 
2006300N07078,2006,UNNAMED,2006-10-29 00:00:00,14.2,80.5,30,25,25
2006300N07078,2006,UNNAMED,2006-10-29 03:00:00,14.5,80.5,35,25,25
2006300N07078,2006,UNNAMED,2006-10-29 06:00:00,14.7,80.5,40,25,25
2006300N07078,2006,UNNAMED,2006-10-29 09:00:00,15.0,80.5,45,30,30
2006300N07078,2006,UNNAMED,2006-10-29 12:00:00,15.1,80.5,50,35,35
2006300N07078,2006,UNNAMED,2006-10-29 15:00:00,15.2,80.5,53,35,35
2006300N07078,2006,UNNAMED,2006-10-29 18:00:00,15.5,80.5,55,35,35
2006300N07078,2006,UNNAMED,2006-10-29 21:00:00,15.6,80.4,53,35,35
2006300N07078,2006,UNNAMED,2006-10-30 00:00:00,15.6,80.4,50,35,35
2006300N07078,2006,UNNAMED,2006-10-30 03:00:00,15.7,80.2,45,35,35
2006300N07078,2006,UNNAMED,2006-10-30 06:00:00,15.8,80.2,40,30,30
2006300N07078,2006,UNNAMED,2006-10-30 09:00:00,15.9,80.1,35,25,25
2006300N07078,2006,UNNAMED,2006-10-30 12:00:00,16.0,79.9,30, , 
2006329N06150,2006,DURIAN,2006-11-24 12:00:00,6.1,149.8,15, , 
2006329N06150,2006,DURIAN,2006-11-24 15:00:00,6.2,149.3,15, , 
2006329N06150,2006,DURIAN,2006-11-24 18:00:00,6.4,148.8,15, , 
2006329N06150,2006,DURIAN,2006-11-24 21:00:00,6.7,148.3,18, , 
2006329N06150,2006,DURIAN,2006-11-25 00:00:00,7.1,147.9,20, , 
2006329N06150,2006,DURIAN,2006-11-25 03:00:00,7.5,147.5,20, , 
2006329N06150,2006,DURIAN,2006-11-25 06:00:00,8.4,147.1,20, , 
2006329N06150,2006,DURIAN,2006-11-25 09:00:00,8.8,146.6,23, , 
2006329N06150,2006,DURIAN,2006-11-25 12:00:00,9.0,146.1,25, , 
2006329N06150,2006,DURIAN,2006-11-25 15:00:00,9.2,145.7,28, , 
2006329N06150,2006,DURIAN,2006-11-25 18:00:00,9.4,145.3,30, , 
2006329N06150,2006,DURIAN,2006-11-25 21:00:00,9.6,144.7,30, , 
2006329N06150,2006,DURIAN,2006-11-26 00:00:00,9.8,144.1,30, , 
2006329N06150,2006,DURIAN,2006-11-26 03:00:00,9.9,143.5,33, , 
2006329N06150,2006,DURIAN,2006-11-26 06:00:00,10.0,142.8,35, , 
2006329N06150,2006,DURIAN,2006-11-26 09:00:00,10.1,142.2,35, , 
2006329N06150,2006,DURIAN,2006-11-26 12:00:00,10.2,141.7,35,35, 
2006329N06150,2006,DURIAN,2006-11-26 15:00:00,10.2,141.1,35, , 
2006329N06150,2006,DURIAN,2006-11-26 18:00:00,10.3,140.6,35,35, 
2006329N06150,2006,DURIAN,2006-11-26 21:00:00,10.3,140.1,35, , 
2006329N06150,2006,DURIAN,2006-11-27 00:00:00,10.3,139.7,35,40, 
2006329N06150,2006,DURIAN,2006-11-27 03:00:00,10.4,139.2,38, , 
2006329N06150,2006,DURIAN,2006-11-27 06:00:00,10.5,138.7,40,40, 
2006329N06150,2006,DURIAN,2006-11-27 09:00:00,10.6,138.2,43, , 
2006329N06150,2006,DURIAN,2006-11-27 12:00:00,10.7,137.7,45,45, 
2006329N06150,2006,DURIAN,2006-11-27 15:00:00,10.7,137.0,48, , 
2006329N06150,2006,DURIAN,2006-11-27 18:00:00,10.8,136.3,50,50, 
2006329N06150,2006,DURIAN,2006-11-27 21:00:00,11.0,135.4,53, , 
2006329N06150,2006,DURIAN,2006-11-28 00:00:00,11.3,134.6,55,50, 
2006329N06150,2006,DURIAN,2006-11-28 03:00:00,11.6,133.8,58, , 
2006329N06150,2006,DURIAN,2006-11-28 06:00:00,11.8,133.1,60,55, 
2006329N06150,2006,DURIAN,2006-11-28 09:00:00,12.0,132.3,63, , 
2006329N06150,2006,DURIAN,2006-11-28 12:00:00,12.2,131.6,65,60, 
2006329N06150,2006,DURIAN,2006-11-28 15:00:00,12.4,130.8,70, , 
2006329N06150,2006,DURIAN,2006-11-28 18:00:00,12.6,130.1,75,70, 
2006329N06150,2006,DURIAN,2006-11-28 21:00:00,12.8,129.3,83, , 
2006329N06150,2006,DURIAN,2006-11-29 00:00:00,12.9,128.6,90,80, 
2006329N06150,2006,DURIAN,2006-11-29 03:00:00,13.1,127.9,108, , 
2006329N06150,2006,DURIAN,2006-11-29 06:00:00,13.2,127.3,125,100, 
2006329N06150,2006,DURIAN,2006-11-29 09:00:00,13.2,126.8,130, , 
2006329N06150,2006,DURIAN,2006-11-29 12:00:00,13.3,126.4,135,105, 
2006329N06150,2006,DURIAN,2006-11-29 15:00:00,13.3,125.9,133, , 
2006329N06150,2006,DURIAN,2006-11-29 18:00:00,13.4,125.4,130,100, 
2006329N06150,2006,DURIAN,2006-11-29 21:00:00,13.4,125.0,133, , 
2006329N06150,2006,DURIAN,2006-11-30 00:00:00,13.4,124.6,135,90, 
2006329N06150,2006,DURIAN,2006-11-30 03:00:00,13.4,124.1,130, , 
2006329N06150,2006,DURIAN,2006-11-30 06:00:00,13.4,123.6,125,90, 
2006329N06150,2006,DURIAN,2006-11-30 09:00:00,13.5,123.0,120, , 
2006329N06150,2006,DURIAN,2006-11-30 12:00:00,13.5,122.4,115,80, 
2006329N06150,2006,DURIAN,2006-11-30 15:00:00,13.5,121.8,108, , 
2006329N06150,2006,DURIAN,2006-11-30 18:00:00,13.5,121.2,100,75, 
2006329N06150,2006,DURIAN,2006-11-30 21:00:00,13.5,120.6,98, , 
2006329N06150,2006,DURIAN,2006-12-01 00:00:00,13.6,120.1,95,75, 
2006329N06150,2006,DURIAN,2006-12-01 03:00:00,13.6,119.7,93, , 
2006329N06150,2006,DURIAN,2006-12-01 06:00:00,13.6,119.3,90,70, 
2006329N06150,2006,DURIAN,2006-12-01 09:00:00,13.6,119.0,85, , 
2006329N06150,2006,DURIAN,2006-12-01 12:00:00,13.6,118.6,80,70, 
2006329N06150,2006,DURIAN,2006-12-01 15:00:00,13.5,118.2,80, , 
2006329N06150,2006,DURIAN,2006-12-01 18:00:00,13.5,117.8,80,70, 
2006329N06150,2006,DURIAN,2006-12-01 21:00:00,13.6,117.3,78, , 
2006329N06150,2006,DURIAN,2006-12-02 00:00:00,13.6,117.0,75,70, 
2006329N06150,2006,DURIAN,2006-12-02 03:00:00,13.7,116.7,75, , 
2006329N06150,2006,DURIAN,2006-12-02 06:00:00,13.7,116.4,75,70, 
2006329N06150,2006,DURIAN,2006-12-02 09:00:00,13.8,116.0,75, , 
2006329N06150,2006,DURIAN,2006-12-02 12:00:00,13.9,115.6,75,70, 
2006329N06150,2006,DURIAN,2006-12-02 15:00:00,13.9,115.1,83, , 
2006329N06150,2006,DURIAN,2006-12-02 18:00:00,13.9,114.7,90,75, 
2006329N06150,2006,DURIAN,2006-12-02 21:00:00,13.9,114.3,90, , 
2006329N06150,2006,DURIAN,2006-12-03 00:00:00,13.8,114.0,90,75, 
2006329N06150,2006,DURIAN,2006-12-03 03:00:00,13.8,113.6,90, , 
2006329N06150,2006,DURIAN,2006-12-03 06:00:00,13.7,113.3,90,75, 
2006329N06150,2006,DURIAN,2006-12-03 09:00:00,13.6,113.0,90, , 
2006329N06150,2006,DURIAN,2006-12-03 12:00:00,13.5,112.8,90,75, 
2006329N06150,2006,DURIAN,2006-12-03 15:00:00,13.3,112.4,85, , 
2006329N06150,2006,DURIAN,2006-12-03 18:00:00,13.1,112.1,80,75, 
2006329N06150,2006,DURIAN,2006-12-03 21:00:00,12.9,111.7,73, , 
2006329N06150,2006,DURIAN,2006-12-04 00:00:00,12.6,111.3,65,65, 
2006329N06150,2006,DURIAN,2006-12-04 03:00:00,12.1,110.9,58, , 
2006329N06150,2006,DURIAN,2006-12-04 06:00:00,11.7,110.4,50,60, 
2006329N06150,2006,DURIAN,2006-12-04 09:00:00,11.3,110.0,53, , 
2006329N06150,2006,DURIAN,2006-12-04 12:00:00,11.0,109.6,55,60, 
2006329N06150,2006,DURIAN,2006-12-04 15:00:00,10.7,109.0,60, , 
2006329N06150,2006,DURIAN,2006-12-04 18:00:00,10.4,108.4,65,60, 
2006329N06150,2006,DURIAN,2006-12-04 21:00:00,10.2,107.7,60, , 
2006329N06150,2006,DURIAN,2006-12-05 00:00:00,10.0,107.0,55,45, 
2006329N06150,2006,DURIAN,2006-12-05 03:00:00,9.6,106.4,50, , 
2006329N06150,2006,DURIAN,2006-12-05 06:00:00,9.2,105.6,45, , 
2006329N06150,2006,DURIAN,2006-12-05 09:00:00,8.8,104.6,40, , 
2006329N06150,2006,DURIAN,2006-12-05 12:00:00,8.7,103.6,35, , 
2006329N06150,2006,DURIAN,2006-12-05 15:00:00,8.7,102.8,30, , 
2006329N06150,2006,DURIAN,2006-12-05 18:00:00,8.9,102.1,25, , 
2006329N06150,2006,DURIAN,2006-12-05 21:00:00,9.0,101.4,25, , 
2006329N06150,2006,DURIAN,2006-12-06 00:00:00,9.1,100.7,25, , 
2006329N06150,2006,DURIAN,2006-12-06 03:00:00,9.2,100.2,23, , 
2006329N06150,2006,DURIAN,2006-12-06 06:00:00,9.5,99.5,20, , 
2006329N06150,2006,DURIAN,2006-12-06 09:00:00,9.7,98.8,20, , 
2006329N06150,2006,DURIAN,2006-12-06 12:00:00,9.9,98.2,20, , 
2006329N06150,2006,DURIAN,2006-12-06 15:00:00,10.1,97.7,20, , 
2006329N06150,2006,DURIAN,2006-12-06 18:00:00,10.2,97.1,20, , 
2006329N06150,2006,DURIAN,2006-12-06 21:00:00,10.3,96.4,20, , 
2006329N06150,2006,DURIAN,2006-12-07 00:00:00,10.4,95.7,20, , 
2006329N06150,2006,DURIAN,2006-12-07 03:00:00,10.6,95.1,20, , 
2006329N06150,2006,DURIAN,2006-12-07 06:00:00,10.7,94.5,20, , 
2006329N06150,2006,DURIAN,2006-12-07 09:00:00,10.7,93.9,20, , 
2006329N06150,2006,DURIAN,2006-12-07 12:00:00,10.7,93.4,20, , 
2006329N06150,2006,DURIAN,2006-12-07 15:00:00,10.7,92.8,20, , 
2006329N06150,2006,DURIAN,2006-12-07 18:00:00,10.7,92.2,20, , 
2006329N06150,2006,DURIAN,2006-12-07 21:00:00,10.7,91.7,20, , 
2006329N06150,2006,DURIAN,2006-12-08 00:00:00,10.7,91.2,20, , 
2006329N06150,2006,DURIAN,2006-12-08 03:00:00,10.7,90.5,20, , 
2006329N06150,2006,DURIAN,2006-12-08 06:00:00,10.8,89.8,20, , 
2006329N06150,2006,DURIAN,2006-12-08 09:00:00,10.8,89.2,20, , 
2006329N06150,2006,DURIAN,2006-12-08 12:00:00,10.9,88.7,20, , 
2006329N06150,2006,DURIAN,2006-12-08 15:00:00,11.0,88.0,18, , 
2006329N06150,2006,DURIAN,2006-12-08 18:00:00,11.1,87.3,15, , 
2006329N06150,2006,DURIAN,2006-12-08 21:00:00,11.1,86.7,15, , 
2006329N06150,2006,DURIAN,2006-12-09 00:00:00,11.2,86.0,15, , 
2006329N06150,2006,DURIAN,2006-12-09 03:00:00,11.3,85.2,15, , 
2006329N06150,2006,DURIAN,2006-12-09 06:00:00,11.4,84.5,15, , 
2006329N06150,2006,DURIAN,2006-12-09 09:00:00,11.4,83.9,15, , 
2006329N06150,2006,DURIAN,2006-12-09 12:00:00,11.5,83.3,15, , 
2006329N06150,2006,DURIAN,2006-12-09 15:00:00,11.6,82.6,15, , 
2006329N06150,2006,DURIAN,2006-12-09 18:00:00,11.7,81.8,15, , 
2007133N15091,2007,AKASH,2007-05-12 21:00:00,15.0,90.5, ,25,25
2007133N15091,2007,AKASH,2007-05-13 00:00:00,14.8,90.7,25,25,25
2007133N15091,2007,AKASH,2007-05-13 03:00:00,14.9,90.8,25,25,25
2007133N15091,2007,AKASH,2007-05-13 06:00:00,15.2,90.8,25,25,25
2007133N15091,2007,AKASH,2007-05-13 09:00:00,15.4,90.9,28,25,25
2007133N15091,2007,AKASH,2007-05-13 12:00:00,15.6,90.9,30,25,25
2007133N15091,2007,AKASH,2007-05-13 15:00:00,16.0,90.9,33,30,30
2007133N15091,2007,AKASH,2007-05-13 18:00:00,16.2,90.9,35,30,30
2007133N15091,2007,AKASH,2007-05-13 21:00:00,16.6,91.3,43,35,35
2007133N15091,2007,AKASH,2007-05-14 00:00:00,17.2,91.4,50,45,45
2007133N15091,2007,AKASH,2007-05-14 03:00:00,17.9,91.6,53,45,45
2007133N15091,2007,AKASH,2007-05-14 06:00:00,18.8,91.6,55,45,45
2007133N15091,2007,AKASH,2007-05-14 09:00:00,19.3,91.7,58,45,45
2007133N15091,2007,AKASH,2007-05-14 12:00:00,19.9,91.9,60,45,45
2007133N15091,2007,AKASH,2007-05-14 15:00:00,20.6,92.0,63,45,45
2007133N15091,2007,AKASH,2007-05-14 18:00:00,21.2,92.1,65, , 
2007133N15091,2007,AKASH,2007-05-14 21:00:00,22.1,92.2,55, , 
2007133N15091,2007,AKASH,2007-05-15 00:00:00,23.0,92.4,45, , 
2007151N14072,2007,GONU,2007-05-31 06:00:00,13.7,71.6,15, , 
2007151N14072,2007,GONU,2007-05-31 09:00:00,13.9,71.7,15, , 
2007151N14072,2007,GONU,2007-05-31 12:00:00,14.0,71.7,15, , 
2007151N14072,2007,GONU,2007-05-31 15:00:00,14.1,71.7,15, , 
2007151N14072,2007,GONU,2007-05-31 18:00:00,14.2,71.5,15, , 
2007151N14072,2007,GONU,2007-05-31 21:00:00,14.3,71.3,15, , 
2007151N14072,2007,GONU,2007-06-01 00:00:00,14.4,70.9,15, , 
2007151N14072,2007,GONU,2007-06-01 03:00:00,14.5,70.5,23, , 
2007151N14072,2007,GONU,2007-06-01 06:00:00,14.7,70.0,30, , 
2007151N14072,2007,GONU,2007-06-01 09:00:00,14.9,69.4,30, , 
2007151N14072,2007,GONU,2007-06-01 12:00:00,15.0,68.8,30, , 
2007151N14072,2007,GONU,2007-06-01 15:00:00,15.1,68.5,30, , 
2007151N14072,2007,GONU,2007-06-01 18:00:00,15.1,68.2,30,25,25
2007151N14072,2007,GONU,2007-06-01 21:00:00,15.1,68.0,35,25,25
2007151N14072,2007,GONU,2007-06-02 00:00:00,15.1,67.9,40,25,25
2007151N14072,2007,GONU,2007-06-02 03:00:00,15.0,67.5,43,30,30
2007151N14072,2007,GONU,2007-06-02 06:00:00,15.0,67.2,45, ,33
2007151N14072,2007,GONU,2007-06-02 09:00:00,15.1,67.1,50,35,35
2007151N14072,2007,GONU,2007-06-02 12:00:00,15.2,67.1,55,45,45
2007151N14072,2007,GONU,2007-06-02 15:00:00,15.2,67.1,55,45,45
2007151N14072,2007,GONU,2007-06-02 18:00:00,15.3,67.1,55,45,45
2007151N14072,2007,GONU,2007-06-02 21:00:00,15.4,66.9,58,45,45
2007151N14072,2007,GONU,2007-06-03 00:00:00,15.8,67.0,60,55,55
2007151N14072,2007,GONU,2007-06-03 03:00:00,16.0,67.1,63,55,55
2007151N14072,2007,GONU,2007-06-03 06:00:00,16.5,67.1,65,55,55
2007151N14072,2007,GONU,2007-06-03 09:00:00,16.9,66.9,68,55,55
2007151N14072,2007,GONU,2007-06-03 12:00:00,17.5,66.7,70,55,55
2007151N14072,2007,GONU,2007-06-03 15:00:00,17.6,66.5,83,55,55
2007151N14072,2007,GONU,2007-06-03 18:00:00,18.0,66.1,95,65,65
2007151N14072,2007,GONU,2007-06-03 21:00:00,18.1,65.9,108,65,65
2007151N14072,2007,GONU,2007-06-04 00:00:00,18.6,65.3,120,77,77
2007151N14072,2007,GONU,2007-06-04 03:00:00,18.7,65.1,128,90,90
2007151N14072,2007,GONU,2007-06-04 06:00:00,19.1,64.7,135,102,102
2007151N14072,2007,GONU,2007-06-04 09:00:00,19.5,64.5,140,115,115
2007151N14072,2007,GONU,2007-06-04 12:00:00,20.0,64.1,145,115,115
2007151N14072,2007,GONU,2007-06-04 15:00:00,20.1,63.8,143,127,127
2007151N14072,2007,GONU,2007-06-04 18:00:00,20.5,63.4,140,127,127
2007151N14072,2007,GONU,2007-06-04 21:00:00,20.6,63.2,138,115,115
2007151N14072,2007,GONU,2007-06-05 00:00:00,20.7,62.8,135,115,115
2007151N14072,2007,GONU,2007-06-05 03:00:00,21.0,62.0,130,115,115
2007151N14072,2007,GONU,2007-06-05 06:00:00,21.4,61.6,125,102,102
2007151N14072,2007,GONU,2007-06-05 09:00:00,21.4,61.2,120,102,102
2007151N14072,2007,GONU,2007-06-05 12:00:00,21.6,61.1,115,90,90
2007151N14072,2007,GONU,2007-06-05 15:00:00,21.9,60.9,113,77,77
2007151N14072,2007,GONU,2007-06-05 18:00:00,22.0,60.6,110,77,77
2007151N14072,2007,GONU,2007-06-05 21:00:00,22.4,60.4,100,77,77
2007151N14072,2007,GONU,2007-06-06 00:00:00,22.6,59.8,90,77,77
2007151N14072,2007,GONU,2007-06-06 03:00:00,22.9,59.4,90,77,77
2007151N14072,2007,GONU,2007-06-06 06:00:00,23.3,59.5,90,77,77
2007151N14072,2007,GONU,2007-06-06 09:00:00,23.5,59.4,83,77,77
2007151N14072,2007,GONU,2007-06-06 12:00:00,23.9,59.1,75,77,77
2007151N14072,2007,GONU,2007-06-06 15:00:00,24.1,59.0,70,77,77
2007151N14072,2007,GONU,2007-06-06 18:00:00,24.5,59.0,65,65,65
2007151N14072,2007,GONU,2007-06-06 21:00:00,24.8,58.8,60,55,55
2007151N14072,2007,GONU,2007-06-07 00:00:00,24.9,58.6,55,45,45
2007151N14072,2007,GONU,2007-06-07 03:00:00,25.0,58.4,50,45,45
2007151N14072,2007,GONU,2007-06-07 06:00:00,24.9,58.3,45, , 
2007151N14072,2007,GONU,2007-06-07 09:00:00,25.0,58.2,40, , 
2007151N14072,2007,GONU,2007-06-07 12:00:00,25.1,58.2,35, , 
2007151N14072,2007,GONU,2007-06-07 15:00:00,25.3,58.2,30, , 
2007151N14072,2007,GONU,2007-06-07 18:00:00,25.5,58.1,25, , 
2007151N14072,2007,GONU,2007-06-07 21:00:00,25.7,58.0,20, , 
2007151N14072,2007,GONU,2007-06-08 00:00:00,25.9,57.8,15, , 
2007172N15088,2007,UNNAMED,2007-06-20 18:00:00,14.5,88.4,25, , 
2007172N15088,2007,UNNAMED,2007-06-20 21:00:00,15.0,87.8,28, , 
2007172N15088,2007,UNNAMED,2007-06-21 00:00:00,15.4,87.1,30, , 
2007172N15088,2007,UNNAMED,2007-06-21 03:00:00,15.6,86.2,30, , 
2007172N15088,2007,UNNAMED,2007-06-21 06:00:00,15.7,85.3,30, , 
2007172N15088,2007,UNNAMED,2007-06-21 09:00:00,15.8,84.7,30, , 
2007172N15088,2007,UNNAMED,2007-06-21 12:00:00,15.9,84.1,30, , 
2007172N15088,2007,UNNAMED,2007-06-21 15:00:00,15.9,83.5,30, , 
2007172N15088,2007,UNNAMED,2007-06-21 18:00:00,15.8,82.9,30, , 
2007172N15088,2007,UNNAMED,2007-06-21 21:00:00,15.8,82.3,30, , 
2007172N15088,2007,UNNAMED,2007-06-22 00:00:00,15.7,81.7,30, , 
2007172N15088,2007,UNNAMED,2007-06-22 03:00:00,15.4,80.9,30, , 
2007172N15088,2007,UNNAMED,2007-06-22 06:00:00,15.3,80.2,30, , 
2007172N15088,2007,UNNAMED,2007-06-22 09:00:00,15.7,79.6,28, , 
2007172N15088,2007,UNNAMED,2007-06-22 12:00:00,16.3,79.0,25, , 
2007172N15088,2007,UNNAMED,2007-06-22 15:00:00,16.6,78.5,20, , 
2007172N15088,2007,UNNAMED,2007-06-22 18:00:00,17.0,78.1,15, , 
2007172N15088,2007,UNNAMED,2007-06-22 21:00:00,17.5,77.8,18, , 
2007172N15088,2007,UNNAMED,2007-06-23 00:00:00,18.0,77.5,20, , 
2007172N15088,2007,UNNAMED,2007-06-23 03:00:00,18.7,77.1,20, , 
2007172N15088,2007,UNNAMED,2007-06-23 06:00:00,19.3,76.6,20, , 
2007172N15088,2007,UNNAMED,2007-06-23 09:00:00,19.7,76.0,20, , 
2007172N15088,2007,UNNAMED,2007-06-23 12:00:00,20.1,75.4,20, , 
2007172N15088,2007,UNNAMED,2007-06-23 15:00:00,20.5,74.8,20, , 
2007172N15088,2007,UNNAMED,2007-06-23 18:00:00,20.8,74.2,20, , 
2007172N15088,2007,UNNAMED,2007-06-23 21:00:00,21.1,73.6,20, , 
2007172N15088,2007,UNNAMED,2007-06-24 00:00:00,21.3,72.9,20, , 
2007172N15088,2007,UNNAMED,2007-06-24 03:00:00,21.4,72.2,23, , 
2007172N15088,2007,UNNAMED,2007-06-24 06:00:00,21.5,71.6,25, , 
2007172N15088,2007,UNNAMED,2007-06-24 09:00:00,21.7,71.0,23, , 
2007172N15088,2007,UNNAMED,2007-06-24 12:00:00,21.9,70.4,20, , 
2007172N15088,2007,UNNAMED,2007-06-24 15:00:00,22.0,69.8,20, , 
2007172N15088,2007,UNNAMED,2007-06-24 18:00:00,22.1,69.2,20, , 
2007172N15088,2007,UNNAMED,2007-06-24 21:00:00,22.2,68.6,25, , 
2007172N15088,2007,UNNAMED,2007-06-25 00:00:00,22.3,68.0,30, , 
2007172N15088,2007,UNNAMED,2007-06-25 03:00:00,22.7,67.6,33,25,25
2007172N15088,2007,UNNAMED,2007-06-25 06:00:00,23.1,67.4,35,25,25
2007172N15088,2007,UNNAMED,2007-06-25 09:00:00,23.3,67.0,35,25,25
2007172N15088,2007,UNNAMED,2007-06-25 12:00:00,23.6,66.6,35,30,30
2007172N15088,2007,UNNAMED,2007-06-25 15:00:00,23.8,66.4,40,30,30
2007172N15088,2007,UNNAMED,2007-06-25 18:00:00,24.0,66.0,45,30,30
2007172N15088,2007,UNNAMED,2007-06-25 21:00:00,24.3,65.8,48,35,35
2007172N15088,2007,UNNAMED,2007-06-26 00:00:00,24.8,65.3,50,35,35
2007172N15088,2007,UNNAMED,2007-06-26 03:00:00,25.4,64.8,50, , 
2007172N15088,2007,UNNAMED,2007-06-26 06:00:00,25.7,64.2,50, , 
2007172N15088,2007,UNNAMED,2007-06-26 09:00:00,26.0,63.6,45, , 
2007172N15088,2007,UNNAMED,2007-06-26 12:00:00,26.2,63.1,40, , 
2007172N15088,2007,UNNAMED,2007-06-26 15:00:00,26.2,62.7,35, , 
2007172N15088,2007,UNNAMED,2007-06-26 18:00:00,26.3,62.6,30, , 
2007172N15088,2007,UNNAMED,2007-06-26 21:00:00,26.7,62.7,28, , 
2007172N15088,2007,UNNAMED,2007-06-27 00:00:00,27.2,62.9,25, , 
2007172N15088,2007,UNNAMED,2007-06-27 03:00:00,27.5,63.3,23, , 
2007172N15088,2007,UNNAMED,2007-06-27 06:00:00,27.8,63.6,20, , 
2007172N15088,2007,UNNAMED,2007-06-27 09:00:00,28.1,63.7,20, , 
2007172N15088,2007,UNNAMED,2007-06-27 12:00:00,28.5,63.6,20, , 
2007178N18089,2007,UNNAMED,2007-06-27 00:00:00,18.1,89.3,25, , 
2007178N18089,2007,UNNAMED,2007-06-27 03:00:00,17.8,89.0,25, , 
2007178N18089,2007,UNNAMED,2007-06-27 06:00:00,17.6,88.7,25, , 
2007178N18089,2007,UNNAMED,2007-06-27 09:00:00,17.4,88.3,25, , 
2007178N18089,2007,UNNAMED,2007-06-27 12:00:00,17.2,88.0,25, , 
2007178N18089,2007,UNNAMED,2007-06-27 15:00:00,17.1,87.7,25, , 
2007178N18089,2007,UNNAMED,2007-06-27 18:00:00,17.0,87.5,25, , 
2007178N18089,2007,UNNAMED,2007-06-27 21:00:00,17.0,87.2,28, , 
2007178N18089,2007,UNNAMED,2007-06-28 00:00:00,17.1,86.9,30, , 
2007178N18089,2007,UNNAMED,2007-06-28 03:00:00,17.3,86.7,30, , 
2007178N18089,2007,UNNAMED,2007-06-28 06:00:00,17.6,86.6,30, , 
2007178N18089,2007,UNNAMED,2007-06-28 09:00:00,17.9,86.5,33, , 
2007178N18089,2007,UNNAMED,2007-06-28 12:00:00,18.3,86.4,35, , 
2007178N18089,2007,UNNAMED,2007-06-28 15:00:00,18.6,86.3,40, , 
2007178N18089,2007,UNNAMED,2007-06-28 18:00:00,19.0,86.2,45, , 
2007178N18089,2007,UNNAMED,2007-06-28 21:00:00,19.3,86.0,45, , 
2007178N18089,2007,UNNAMED,2007-06-29 00:00:00,19.7,85.6,45, , 
2007178N18089,2007,UNNAMED,2007-06-29 03:00:00,20.0,85.2,43, , 
2007178N18089,2007,UNNAMED,2007-06-29 06:00:00,20.4,84.7,40, , 
2007178N18089,2007,UNNAMED,2007-06-29 09:00:00,20.8,84.2,38, , 
2007178N18089,2007,UNNAMED,2007-06-29 12:00:00,21.2,83.7,35, , 
2007178N18089,2007,UNNAMED,2007-06-29 15:00:00,21.5,83.1,33, , 
2007178N18089,2007,UNNAMED,2007-06-29 18:00:00,21.8,82.5,30, , 
2007178N18089,2007,UNNAMED,2007-06-29 21:00:00,22.1,82.0,25, , 
2007178N18089,2007,UNNAMED,2007-06-30 00:00:00,22.4,81.5,20, , 
2007178N18089,2007,UNNAMED,2007-06-30 03:00:00,22.7,81.0,20, , 
2007178N18089,2007,UNNAMED,2007-06-30 06:00:00,22.9,80.4,20, , 
2007300N11068,2007,UNNAMED,2007-10-27 06:00:00,11.2,68.2,25, , 
2007300N11068,2007,UNNAMED,2007-10-27 09:00:00,11.2,68.0,25, , 
2007300N11068,2007,UNNAMED,2007-10-27 12:00:00,11.2,67.7,25, , 
2007300N11068,2007,UNNAMED,2007-10-27 15:00:00,11.2,67.4,28, , 
2007300N11068,2007,UNNAMED,2007-10-27 18:00:00,11.2,67.2,30, , 
2007300N11068,2007,UNNAMED,2007-10-27 21:00:00,11.2,67.0,35, , 
2007300N11068,2007,UNNAMED,2007-10-28 00:00:00,11.3,66.8,40, , 
2007300N11068,2007,UNNAMED,2007-10-28 03:00:00,11.3,66.7,40, , 
2007300N11068,2007,UNNAMED,2007-10-28 06:00:00,11.4,66.6,40, , 
2007300N11068,2007,UNNAMED,2007-10-28 09:00:00,11.5,66.6,40, , 
2007300N11068,2007,UNNAMED,2007-10-28 12:00:00,11.5,66.5,40, , 
2007300N11068,2007,UNNAMED,2007-10-28 15:00:00,11.4,66.4,40, , 
2007300N11068,2007,UNNAMED,2007-10-28 18:00:00,11.3,66.3,40, , 
2007300N11068,2007,UNNAMED,2007-10-28 21:00:00,11.2,66.4,40, , 
2007300N11068,2007,UNNAMED,2007-10-29 00:00:00,11.1,66.5,40, , 
2007300N11068,2007,UNNAMED,2007-10-29 03:00:00,11.1,66.7,40, , 
2007300N11068,2007,UNNAMED,2007-10-29 06:00:00,11.1,66.8,40, , 
2007300N11068,2007,UNNAMED,2007-10-29 09:00:00,11.1,66.8,38, , 
2007300N11068,2007,UNNAMED,2007-10-29 12:00:00,11.2,66.7,35, , 
2007300N11068,2007,UNNAMED,2007-10-29 15:00:00,11.3,66.6,35, , 
2007300N11068,2007,UNNAMED,2007-10-29 18:00:00,11.3,66.5,35, , 
2007300N11068,2007,UNNAMED,2007-10-29 21:00:00,11.3,66.4,33, , 
2007300N11068,2007,UNNAMED,2007-10-30 00:00:00,11.2,66.2,30, , 
2007300N11068,2007,UNNAMED,2007-10-30 03:00:00,11.1,66.0,28, , 
2007300N11068,2007,UNNAMED,2007-10-30 06:00:00,11.1,65.7,25, , 
2007314N10093,2007,SIDR,2007-11-10 06:00:00,9.6,93.2,15, , 
2007314N10093,2007,SIDR,2007-11-10 09:00:00,9.7,93.1,18, , 
2007314N10093,2007,SIDR,2007-11-10 12:00:00,9.7,93.0,20, , 
2007314N10093,2007,SIDR,2007-11-10 15:00:00,9.7,92.9,23, , 
2007314N10093,2007,SIDR,2007-11-10 18:00:00,9.8,92.7,25, , 
2007314N10093,2007,SIDR,2007-11-10 21:00:00,9.9,92.6,28, , 
2007314N10093,2007,SIDR,2007-11-11 00:00:00,10.0,92.5,30, , 
2007314N10093,2007,SIDR,2007-11-11 03:00:00,10.1,92.4,33, , 
2007314N10093,2007,SIDR,2007-11-11 06:00:00,10.1,92.2,35, , 
2007314N10093,2007,SIDR,2007-11-11 09:00:00,10.1,92.1,40,25,25
2007314N10093,2007,SIDR,2007-11-11 12:00:00,10.1,91.9,45,25,25
2007314N10093,2007,SIDR,2007-11-11 15:00:00,10.1,91.8,48,25,25
2007314N10093,2007,SIDR,2007-11-11 18:00:00,10.4,91.5,50,30,30
2007314N10093,2007,SIDR,2007-11-11 21:00:00,10.4,91.3,55,30,30
2007314N10093,2007,SIDR,2007-11-12 00:00:00,10.5,91.2,60,30,30
2007314N10093,2007,SIDR,2007-11-12 03:00:00,10.5,90.8,65,35,35
2007314N10093,2007,SIDR,2007-11-12 06:00:00,10.9,90.5,70,40,40
2007314N10093,2007,SIDR,2007-11-12 09:00:00,10.9,90.4,75,45,45
2007314N10093,2007,SIDR,2007-11-12 12:00:00,11.3,90.1,80,55,55
2007314N10093,2007,SIDR,2007-11-12 15:00:00,11.4,90.0,93,55,55
2007314N10093,2007,SIDR,2007-11-12 18:00:00,11.6,90.0,105,65,65
2007314N10093,2007,SIDR,2007-11-12 21:00:00,11.6,90.0,108,80,80
2007314N10093,2007,SIDR,2007-11-13 00:00:00,12.0,89.7,110,90,90
2007314N10093,2007,SIDR,2007-11-13 03:00:00,12.1,89.7,113,90,90
2007314N10093,2007,SIDR,2007-11-13 06:00:00,12.3,89.7,115,90,90
2007314N10093,2007,SIDR,2007-11-13 09:00:00,12.9,89.6,115,90,90
2007314N10093,2007,SIDR,2007-11-13 12:00:00,13.0,89.6,115,90,90
2007314N10093,2007,SIDR,2007-11-13 15:00:00,13.2,89.5,115,90,90
2007314N10093,2007,SIDR,2007-11-13 18:00:00,13.6,89.5,115,90,90
2007314N10093,2007,SIDR,2007-11-13 21:00:00,14.0,89.5,115,90,90
2007314N10093,2007,SIDR,2007-11-14 00:00:00,14.4,89.5,115,90,90
2007314N10093,2007,SIDR,2007-11-14 03:00:00,14.6,89.4,118,90,90
2007314N10093,2007,SIDR,2007-11-14 06:00:00,15.0,89.4,120,90,90
2007314N10093,2007,SIDR,2007-11-14 09:00:00,15.4,89.4,125,90,90
2007314N10093,2007,SIDR,2007-11-14 12:00:00,15.9,89.1,130,90,90
2007314N10093,2007,SIDR,2007-11-14 15:00:00,16.1,89.1,135,90,90
2007314N10093,2007,SIDR,2007-11-14 18:00:00,16.6,89.1,140,105,105
2007314N10093,2007,SIDR,2007-11-14 21:00:00,17.1,89.1,140,105,105
2007314N10093,2007,SIDR,2007-11-15 00:00:00,17.7,89.1,140,105,105
2007314N10093,2007,SIDR,2007-11-15 03:00:00,18.3,89.1,140,115,115
2007314N10093,2007,SIDR,2007-11-15 06:00:00,19.4,89.1,140,115,115
2007314N10093,2007,SIDR,2007-11-15 09:00:00,20.1,89.1,135,115,115
2007314N10093,2007,SIDR,2007-11-15 12:00:00,21.0,89.2,130,115,115
2007314N10093,2007,SIDR,2007-11-15 15:00:00,21.6,89.6,115,115,115
2007314N10093,2007,SIDR,2007-11-15 18:00:00,22.5,90.4,100, , 
2007314N10093,2007,SIDR,2007-11-15 21:00:00,23.5,90.8,80, , 
2007314N10093,2007,SIDR,2007-11-16 00:00:00,23.8,91.0,60, , 
2007314N10093,2007,SIDR,2007-11-16 03:00:00,24.5,91.5, , , 
2008117N11090,2008,NARGIS,2008-04-25 12:00:00,10.5,90.3,20, , 
2008117N11090,2008,NARGIS,2008-04-25 15:00:00,10.7,89.9,20, , 
2008117N11090,2008,NARGIS,2008-04-25 18:00:00,10.8,89.5,20, , 
2008117N11090,2008,NARGIS,2008-04-25 21:00:00,10.7,89.1,20, , 
2008117N11090,2008,NARGIS,2008-04-26 00:00:00,10.7,88.7,20, , 
2008117N11090,2008,NARGIS,2008-04-26 03:00:00,10.9,88.6,20, , 
2008117N11090,2008,NARGIS,2008-04-26 06:00:00,11.2,88.5,20, , 
2008117N11090,2008,NARGIS,2008-04-26 09:00:00,11.4,88.2,20, , 
2008117N11090,2008,NARGIS,2008-04-26 12:00:00,11.5,87.9,20, , 
2008117N11090,2008,NARGIS,2008-04-26 15:00:00,11.5,87.5,23, , 
2008117N11090,2008,NARGIS,2008-04-26 18:00:00,11.5,87.2,25, , 
2008117N11090,2008,NARGIS,2008-04-26 21:00:00,11.5,86.9,25, , 
2008117N11090,2008,NARGIS,2008-04-27 00:00:00,11.6,86.7,25, , 
2008117N11090,2008,NARGIS,2008-04-27 03:00:00,11.7,86.6,28,25,25
2008117N11090,2008,NARGIS,2008-04-27 06:00:00,11.8,86.5,30,25,25
2008117N11090,2008,NARGIS,2008-04-27 09:00:00,12.0,86.3,33,25,25
2008117N11090,2008,NARGIS,2008-04-27 12:00:00,12.1,86.2,35,30,30
2008117N11090,2008,NARGIS,2008-04-27 15:00:00,12.2,86.1,40,30,30
2008117N11090,2008,NARGIS,2008-04-27 18:00:00,12.5,85.9,45,30,30
2008117N11090,2008,NARGIS,2008-04-27 21:00:00,12.8,85.6,50,30,30
2008117N11090,2008,NARGIS,2008-04-28 00:00:00,12.9,85.6,55,35,35
2008117N11090,2008,NARGIS,2008-04-28 03:00:00,13.0,85.6,60,40,40
2008117N11090,2008,NARGIS,2008-04-28 06:00:00,13.1,85.6,65,45,45
2008117N11090,2008,NARGIS,2008-04-28 09:00:00,13.0,85.5,68,55,55
2008117N11090,2008,NARGIS,2008-04-28 12:00:00,13.0,85.4,70,55,55
2008117N11090,2008,NARGIS,2008-04-28 15:00:00,13.0,85.4,73,55,55
2008117N11090,2008,NARGIS,2008-04-28 18:00:00,13.1,85.4,75,55,55
2008117N11090,2008,NARGIS,2008-04-28 21:00:00,13.1,85.5,75,55,55
2008117N11090,2008,NARGIS,2008-04-29 00:00:00,13.2,85.6,75,55,55
2008117N11090,2008,NARGIS,2008-04-29 03:00:00,13.3,85.6,75,65,65
2008117N11090,2008,NARGIS,2008-04-29 06:00:00,13.3,85.7,75,65,65
2008117N11090,2008,NARGIS,2008-04-29 09:00:00,13.4,85.7,73,65,65
2008117N11090,2008,NARGIS,2008-04-29 12:00:00,13.8,85.9,70,65,65
2008117N11090,2008,NARGIS,2008-04-29 15:00:00,13.9,86.0,70,65,65
2008117N11090,2008,NARGIS,2008-04-29 18:00:00,14.0,86.1,70,65,65
2008117N11090,2008,NARGIS,2008-04-29 21:00:00,14.1,86.3,70,65,65
2008117N11090,2008,NARGIS,2008-04-30 00:00:00,14.2,86.4,70,65,65
2008117N11090,2008,NARGIS,2008-04-30 03:00:00,14.5,86.7,65,65,65
2008117N11090,2008,NARGIS,2008-04-30 06:00:00,14.6,86.8,60,65,65
2008117N11090,2008,NARGIS,2008-04-30 09:00:00,14.7,87.1,63,65,65
2008117N11090,2008,NARGIS,2008-04-30 12:00:00,14.8,87.3,65,65,65
2008117N11090,2008,NARGIS,2008-04-30 15:00:00,15.1,87.7,65,65,65
2008117N11090,2008,NARGIS,2008-04-30 18:00:00,15.2,87.9,65,65,65
2008117N11090,2008,NARGIS,2008-04-30 21:00:00,15.2,88.0,65,65,65
2008117N11090,2008,NARGIS,2008-05-01 00:00:00,15.6,88.5,65,65,65
2008117N11090,2008,NARGIS,2008-05-01 03:00:00,15.6,89.2,68,65,65
2008117N11090,2008,NARGIS,2008-05-01 06:00:00,16.0,89.7,70,65,65
2008117N11090,2008,NARGIS,2008-05-01 09:00:00,16.0,90.1,85,65,65
2008117N11090,2008,NARGIS,2008-05-01 12:00:00,16.0,90.6,100,65,65
2008117N11090,2008,NARGIS,2008-05-01 15:00:00,15.9,91.1,100,65,65
2008117N11090,2008,NARGIS,2008-05-01 18:00:00,15.9,91.6,100,65,65
2008117N11090,2008,NARGIS,2008-05-01 21:00:00,15.9,92.1,105,65,65
2008117N11090,2008,NARGIS,2008-05-02 00:00:00,15.9,92.6,110,77,77
2008117N11090,2008,NARGIS,2008-05-02 03:00:00,15.9,93.1,113,77,77
2008117N11090,2008,NARGIS,2008-05-02 06:00:00,16.0,93.6,115,90,90
2008117N11090,2008,NARGIS,2008-05-02 09:00:00,16.0,94.1,115,90,90
2008117N11090,2008,NARGIS,2008-05-02 12:00:00,16.0,94.5,115,90,90
2008117N11090,2008,NARGIS,2008-05-02 15:00:00,16.1,95.1,100,90,90
2008117N11090,2008,NARGIS,2008-05-02 18:00:00,16.5,95.6,85,80,80
2008117N11090,2008,NARGIS,2008-05-02 21:00:00,16.5,95.8,78,60,60
2008117N11090,2008,NARGIS,2008-05-03 00:00:00,16.7,96.0,70,50,50
2008117N11090,2008,NARGIS,2008-05-03 03:00:00,17.0,96.4,60,50,50
2008117N11090,2008,NARGIS,2008-05-03 06:00:00,17.4,96.9,50,45,45
2008117N11090,2008,NARGIS,2008-05-03 09:00:00,17.8,97.3,45,35,35
2008117N11090,2008,NARGIS,2008-05-03 12:00:00,18.3,97.6,40, , 
2008117N11090,2008,NARGIS,2008-05-03 15:00:00,18.8,97.7,35, , 
2008117N11090,2008,NARGIS,2008-05-03 18:00:00,19.4,97.8,30, , 
2008117N11090,2008,NARGIS,2008-05-03 21:00:00,20.1,98.1,28, , 
2008117N11090,2008,NARGIS,2008-05-04 00:00:00,20.8,98.5,25, , 
2008157N16066,2008,UNNAMED,2008-06-05 00:00:00,15.5,66.0, ,25,25
2008157N16066,2008,UNNAMED,2008-06-05 03:00:00,16.0,66.0, ,25,25
2008157N16066,2008,UNNAMED,2008-06-05 06:00:00,16.5,65.5, ,25,25
2008157N16066,2008,UNNAMED,2008-06-05 09:00:00,17.0,65.0, ,25,25
2008157N16066,2008,UNNAMED,2008-06-05 12:00:00,18.0,64.5, ,25,25
2008157N16066,2008,UNNAMED,2008-06-05 15:00:00,18.5,64.5, ,25,25
2008157N16066,2008,UNNAMED,2008-06-05 18:00:00,19.0,64.0, ,25,25
2008157N16066,2008,UNNAMED,2008-06-05 21:00:00,19.5,63.5, ,25,25
2008157N16066,2008,UNNAMED,2008-06-06 00:00:00,19.5,63.0, ,25,25
2008157N16066,2008,UNNAMED,2008-06-06 03:00:00,19.5,62.0, ,25,25
2008157N16066,2008,UNNAMED,2008-06-06 06:00:00,20.0,62.0, ,25,25
2008157N16066,2008,UNNAMED,2008-06-06 09:00:00,20.0,61.5, ,25,25
2008157N16066,2008,UNNAMED,2008-06-06 12:00:00,20.0,61.5, ,25,25
2008157N16066,2008,UNNAMED,2008-06-06 15:00:00,20.0,61.5, ,25,25
2008157N16066,2008,UNNAMED,2008-06-06 18:00:00,20.0,61.0, ,25,25
2008157N16066,2008,UNNAMED,2008-06-06 21:00:00,20.0,61.0, ,25,25
2008168N22090,2008,UNNAMED,2008-06-16 03:00:00,21.5,90.0, ,25,25
2008168N22090,2008,UNNAMED,2008-06-16 06:00:00,21.4,89.7, , ,25
2008168N22090,2008,UNNAMED,2008-06-16 09:00:00,21.5,89.5, ,25,25
2008168N22090,2008,UNNAMED,2008-06-16 12:00:00,22.0,89.5, ,25,25
2008168N22090,2008,UNNAMED,2008-06-16 15:00:00,22.4,89.4, , , 
2008168N22090,2008,UNNAMED,2008-06-16 18:00:00,22.7,89.2, , , 
2008168N22090,2008,UNNAMED,2008-06-16 21:00:00,22.8,89.0, , , 
2008168N22090,2008,UNNAMED,2008-06-17 00:00:00,23.0,88.8, , , 
2008168N22090,2008,UNNAMED,2008-06-17 03:00:00,23.0,88.5, ,25,25
2008168N22090,2008,UNNAMED,2008-06-17 06:00:00,23.0,88.2, , ,25
2008168N22090,2008,UNNAMED,2008-06-17 09:00:00,23.0,88.0, ,25,25
2008168N22090,2008,UNNAMED,2008-06-17 12:00:00,23.0,88.0, ,25,25
2008168N22090,2008,UNNAMED,2008-06-17 15:00:00,23.1,87.9, , , 
2008168N22090,2008,UNNAMED,2008-06-17 18:00:00,23.2,87.8, , , 
2008168N22090,2008,UNNAMED,2008-06-17 21:00:00,23.5,87.6, , , 
2008168N22090,2008,UNNAMED,2008-06-18 00:00:00,23.7,87.3, , , 
2008168N22090,2008,UNNAMED,2008-06-18 03:00:00,24.0,87.0, ,20,20
2008223N20086,2008,UNNAMED,2008-08-09 12:00:00,20.0,86.0, ,25,25
2008223N20086,2008,UNNAMED,2008-08-09 15:00:00,20.3,85.9, , , 
2008223N20086,2008,UNNAMED,2008-08-09 18:00:00,20.6,85.8, , , 
2008223N20086,2008,UNNAMED,2008-08-09 21:00:00,20.9,85.7, , , 
2008223N20086,2008,UNNAMED,2008-08-10 00:00:00,21.2,85.6, , , 
2008223N20086,2008,UNNAMED,2008-08-10 03:00:00,21.5,85.5, ,25,25
2008223N20086,2008,UNNAMED,2008-08-10 06:00:00,22.0,85.4, , ,25
2008223N20086,2008,UNNAMED,2008-08-10 09:00:00,22.5,85.2, ,25,25
2008259N20089,2008,UNNAMED,2008-09-15 06:00:00,19.7,88.8,20, , 
2008259N20089,2008,UNNAMED,2008-09-15 09:00:00,19.6,88.7,23, , 
2008259N20089,2008,UNNAMED,2008-09-15 12:00:00,19.6,88.5,25,25,25
2008259N20089,2008,UNNAMED,2008-09-15 15:00:00,19.6,88.4,28,25,25
2008259N20089,2008,UNNAMED,2008-09-15 18:00:00,19.7,88.1,30,25,25
2008259N20089,2008,UNNAMED,2008-09-15 21:00:00,19.7,88.0,30, ,25
2008259N20089,2008,UNNAMED,2008-09-16 00:00:00,19.8,87.9,30,25,25
2008259N20089,2008,UNNAMED,2008-09-16 03:00:00,20.1,87.6,33,30,30
2008259N20089,2008,UNNAMED,2008-09-16 06:00:00,20.4,87.4,35, ,30
2008259N20089,2008,UNNAMED,2008-09-16 09:00:00,20.6,87.2,38,30,30
2008259N20089,2008,UNNAMED,2008-09-16 12:00:00,20.8,87.2,40,30,30
2008259N20089,2008,UNNAMED,2008-09-16 15:00:00,21.1,87.0,43,30,30
2008259N20089,2008,UNNAMED,2008-09-16 18:00:00,21.1,86.6,45,30,30
2008259N20089,2008,UNNAMED,2008-09-16 21:00:00,21.1,86.3,45, ,30
2008259N20089,2008,UNNAMED,2008-09-17 00:00:00,21.1,86.1,45,30,30
2008259N20089,2008,UNNAMED,2008-09-17 03:00:00,21.5,85.6,43,30,30
2008259N20089,2008,UNNAMED,2008-09-17 06:00:00,21.7,85.2,40, ,30
2008259N20089,2008,UNNAMED,2008-09-17 09:00:00,21.9,84.8,35,30,30
2008259N20089,2008,UNNAMED,2008-09-17 12:00:00,22.0,84.6,30,30,30
2008259N20089,2008,UNNAMED,2008-09-17 15:00:00,22.0,84.3,30, , 
2008259N20089,2008,UNNAMED,2008-09-17 18:00:00,22.0,83.9,30, , 
2008259N20089,2008,UNNAMED,2008-09-17 21:00:00,22.1,83.5,30, , 
2008259N20089,2008,UNNAMED,2008-09-18 00:00:00,22.2,83.1,30, , 
2008259N20089,2008,UNNAMED,2008-09-18 03:00:00,22.4,82.7,28,30,30
2008259N20089,2008,UNNAMED,2008-09-18 06:00:00,22.6,82.4,25, ,28
2008259N20089,2008,UNNAMED,2008-09-18 09:00:00,22.9,82.1,25,25,25
2008259N20089,2008,UNNAMED,2008-09-18 12:00:00,23.0,82.0,25,25,25
2008259N20089,2008,UNNAMED,2008-09-18 15:00:00,23.1,81.9, , , 
2008259N20089,2008,UNNAMED,2008-09-18 18:00:00,23.2,81.6, , , 
2008259N20089,2008,UNNAMED,2008-09-18 21:00:00,23.5,81.2, , , 
2008259N20089,2008,UNNAMED,2008-09-19 00:00:00,23.9,80.8, , , 
2008259N20089,2008,UNNAMED,2008-09-19 03:00:00,24.5,80.5, ,25,25
2008259N20089,2008,UNNAMED,2008-09-19 06:00:00,25.2,80.2, , ,25
2008259N20089,2008,UNNAMED,2008-09-19 09:00:00,26.0,80.0, ,25,25
2008293N09060,2008,UNNAMED,2008-10-19 09:00:00,9.0,60.0, ,25,25
2008293N09060,2008,UNNAMED,2008-10-19 12:00:00,9.0,59.5, ,25,25
2008293N09060,2008,UNNAMED,2008-10-19 15:00:00,9.1,59.0, , , 
2008293N09060,2008,UNNAMED,2008-10-19 18:00:00,9.3,58.6, , , 
2008293N09060,2008,UNNAMED,2008-10-19 21:00:00,9.6,58.2, , , 
2008293N09060,2008,UNNAMED,2008-10-20 00:00:00,9.8,57.7,20, , 
2008293N09060,2008,UNNAMED,2008-10-20 03:00:00,9.9,57.3,23,25,25
2008293N09060,2008,UNNAMED,2008-10-20 06:00:00,10.0,56.9,25, ,25
2008293N09060,2008,UNNAMED,2008-10-20 09:00:00,10.0,56.5,25, ,25
2008293N09060,2008,UNNAMED,2008-10-20 12:00:00,10.1,56.2,25,25,25
2008293N09060,2008,UNNAMED,2008-10-20 15:00:00,10.2,55.8,28, , 
2008293N09060,2008,UNNAMED,2008-10-20 18:00:00,10.3,55.5,30, , 
2008293N09060,2008,UNNAMED,2008-10-20 21:00:00,10.4,55.1,30, , 
2008293N09060,2008,UNNAMED,2008-10-21 00:00:00,10.5,54.8,30, , 
2008293N09060,2008,UNNAMED,2008-10-21 03:00:00,10.6,54.5,30,30,30
2008293N09060,2008,UNNAMED,2008-10-21 06:00:00,10.8,54.3,30, ,30
2008293N09060,2008,UNNAMED,2008-10-21 09:00:00,11.0,54.2,30, ,30
2008293N09060,2008,UNNAMED,2008-10-21 12:00:00,11.4,54.2,30,30,30
2008293N09060,2008,UNNAMED,2008-10-21 15:00:00,11.8,54.1,30, , 
2008293N09060,2008,UNNAMED,2008-10-21 18:00:00,12.3,53.9,30, , 
2008293N09060,2008,UNNAMED,2008-10-21 21:00:00,12.7,53.6,30, , 
2008293N09060,2008,UNNAMED,2008-10-22 00:00:00,13.0,53.3,30, , 
2008293N09060,2008,UNNAMED,2008-10-22 03:00:00,13.2,53.1,30,25,25
2008293N09060,2008,UNNAMED,2008-10-22 06:00:00,13.4,52.9,30, ,25
2008293N09060,2008,UNNAMED,2008-10-22 09:00:00,13.5,52.8,30, ,25
2008293N09060,2008,UNNAMED,2008-10-22 12:00:00,13.7,52.6,30,25,25
2008293N09060,2008,UNNAMED,2008-10-22 15:00:00,13.7,52.3,30, , 
2008293N09060,2008,UNNAMED,2008-10-22 18:00:00,13.7,52.0,30, , 
2008293N09060,2008,UNNAMED,2008-10-22 21:00:00,13.7,51.7,28, , 
2008293N09060,2008,UNNAMED,2008-10-23 00:00:00,13.7,51.4,25, , 
2008293N09060,2008,UNNAMED,2008-10-23 03:00:00,13.7,51.1,25, , 
2008293N09060,2008,UNNAMED,2008-10-23 06:00:00,13.8,50.8,25, , 
2008293N09060,2008,UNNAMED,2008-10-23 09:00:00,13.9,50.5,25, , 
2008293N09060,2008,UNNAMED,2008-10-23 12:00:00,14.1,50.2,25, , 
2008293N09060,2008,UNNAMED,2008-10-23 15:00:00,14.5,49.9,25, , 
2008293N09060,2008,UNNAMED,2008-10-23 18:00:00,15.0,49.5,25, , 
2008298N16085,2008,RASHMI,2008-10-24 06:00:00,16.0,85.0,15, , 
2008298N16085,2008,RASHMI,2008-10-24 09:00:00,16.0,85.2,18, , 
2008298N16085,2008,RASHMI,2008-10-24 12:00:00,16.0,85.5,20, , 
2008298N16085,2008,RASHMI,2008-10-24 15:00:00,16.0,85.8,23, , 
2008298N16085,2008,RASHMI,2008-10-24 18:00:00,16.1,86.0,25, , 
2008298N16085,2008,RASHMI,2008-10-24 21:00:00,16.2,86.2,25, , 
2008298N16085,2008,RASHMI,2008-10-25 00:00:00,16.4,86.5,25, , 
2008298N16085,2008,RASHMI,2008-10-25 03:00:00,16.5,86.7,28,25,25
2008298N16085,2008,RASHMI,2008-10-25 06:00:00,16.7,87.0,30, ,25
2008298N16085,2008,RASHMI,2008-10-25 09:00:00,17.0,87.2,30,25,25
2008298N16085,2008,RASHMI,2008-10-25 12:00:00,17.4,87.3,30,25,25
2008298N16085,2008,RASHMI,2008-10-25 15:00:00,17.6,87.3,30, ,25
2008298N16085,2008,RASHMI,2008-10-25 18:00:00,17.9,87.4,30,25,25
2008298N16085,2008,RASHMI,2008-10-25 21:00:00,17.9,87.4,33, ,28
2008298N16085,2008,RASHMI,2008-10-26 00:00:00,18.1,87.6,35,30,30
2008298N16085,2008,RASHMI,2008-10-26 03:00:00,18.5,87.9,35,30,30
2008298N16085,2008,RASHMI,2008-10-26 06:00:00,18.6,88.0,35, ,30
2008298N16085,2008,RASHMI,2008-10-26 09:00:00,18.8,88.0,35,30,30
2008298N16085,2008,RASHMI,2008-10-26 12:00:00,19.7,88.4,35,35,35
2008298N16085,2008,RASHMI,2008-10-26 15:00:00,20.4,88.8,40,40,40
2008298N16085,2008,RASHMI,2008-10-26 18:00:00,21.0,89.3,45,40,40
2008298N16085,2008,RASHMI,2008-10-26 21:00:00,21.9,89.8,40,45,45
2008298N16085,2008,RASHMI,2008-10-27 00:00:00,23.0,90.2,35,35,35
2008298N16085,2008,RASHMI,2008-10-27 03:00:00,23.9,90.7,30,30,30
2008298N16085,2008,RASHMI,2008-10-27 06:00:00,25.0,90.6,25, , 
2008317N11089,2008,KHAI-MUK,2008-11-11 18:00:00,10.5,89.0,15, , 
2008317N11089,2008,KHAI-MUK,2008-11-11 21:00:00,10.7,89.2,18, , 
2008317N11089,2008,KHAI-MUK,2008-11-12 00:00:00,10.9,89.2,20, , 
2008317N11089,2008,KHAI-MUK,2008-11-12 03:00:00,11.2,89.0,20, , 
2008317N11089,2008,KHAI-MUK,2008-11-12 06:00:00,11.4,88.6,20, , 
2008317N11089,2008,KHAI-MUK,2008-11-12 09:00:00,11.5,88.2,20, , 
2008317N11089,2008,KHAI-MUK,2008-11-12 12:00:00,11.5,87.8,20, , 
2008317N11089,2008,KHAI-MUK,2008-11-12 15:00:00,11.6,87.4,20, , 
2008317N11089,2008,KHAI-MUK,2008-11-12 18:00:00,11.6,86.9,20, , 
2008317N11089,2008,KHAI-MUK,2008-11-12 21:00:00,11.6,86.4,20, , 
2008317N11089,2008,KHAI-MUK,2008-11-13 00:00:00,11.6,86.0,20, , 
2008317N11089,2008,KHAI-MUK,2008-11-13 03:00:00,11.6,85.7,20, , 
2008317N11089,2008,KHAI-MUK,2008-11-13 06:00:00,11.7,85.6,20, , 
2008317N11089,2008,KHAI-MUK,2008-11-13 09:00:00,11.8,85.5,23, , 
2008317N11089,2008,KHAI-MUK,2008-11-13 12:00:00,11.8,85.4,25,25,25
2008317N11089,2008,KHAI-MUK,2008-11-13 15:00:00,12.0,85.3,28, ,25
2008317N11089,2008,KHAI-MUK,2008-11-13 18:00:00,12.2,85.2,30,25,25
2008317N11089,2008,KHAI-MUK,2008-11-13 21:00:00,12.3,85.1,33, ,25
2008317N11089,2008,KHAI-MUK,2008-11-14 00:00:00,12.5,85.1,35,25,25
2008317N11089,2008,KHAI-MUK,2008-11-14 03:00:00,12.9,85.0,38,30,30
2008317N11089,2008,KHAI-MUK,2008-11-14 06:00:00,13.3,84.9,40,30,30
2008317N11089,2008,KHAI-MUK,2008-11-14 09:00:00,13.7,84.5,43,30,30
2008317N11089,2008,KHAI-MUK,2008-11-14 12:00:00,14.0,84.1,45,35,35
2008317N11089,2008,KHAI-MUK,2008-11-14 15:00:00,14.4,83.6,45,35,35
2008317N11089,2008,KHAI-MUK,2008-11-14 18:00:00,14.4,83.5,45,35,35
2008317N11089,2008,KHAI-MUK,2008-11-14 21:00:00,14.4,83.1,45,40,40
2008317N11089,2008,KHAI-MUK,2008-11-15 00:00:00,14.4,83.0,45,40,40
2008317N11089,2008,KHAI-MUK,2008-11-15 03:00:00,14.4,82.6,43,35,35
2008317N11089,2008,KHAI-MUK,2008-11-15 06:00:00,14.4,82.5,40,30,30
2008317N11089,2008,KHAI-MUK,2008-11-15 09:00:00,14.4,82.0,40,30,30
2008317N11089,2008,KHAI-MUK,2008-11-15 12:00:00,14.5,81.6,40,30,30
2008317N11089,2008,KHAI-MUK,2008-11-15 15:00:00,14.5,81.1,40,30,30
2008317N11089,2008,KHAI-MUK,2008-11-15 18:00:00,14.8,80.6,40,30,30
2008317N11089,2008,KHAI-MUK,2008-11-15 21:00:00,14.9,80.2,38,30,30
2008317N11089,2008,KHAI-MUK,2008-11-16 00:00:00,15.1,79.7,35,30,30
2008317N11089,2008,KHAI-MUK,2008-11-16 03:00:00,15.2,79.0,30,25,25
2008317N11089,2008,KHAI-MUK,2008-11-16 06:00:00,15.4,78.8,25, , 
2008329N09082,2008,NISHA,2008-11-24 06:00:00,8.7,81.8,15, , 
2008329N09082,2008,NISHA,2008-11-24 09:00:00,8.8,81.5,15, , 
2008329N09082,2008,NISHA,2008-11-24 12:00:00,8.9,81.3,15, , 
2008329N09082,2008,NISHA,2008-11-24 15:00:00,9.0,81.2,18, , 
2008329N09082,2008,NISHA,2008-11-24 18:00:00,9.0,81.1,20, , 
2008329N09082,2008,NISHA,2008-11-24 21:00:00,9.0,81.0,23, , 
2008329N09082,2008,NISHA,2008-11-25 00:00:00,9.1,80.9,25, , 
2008329N09082,2008,NISHA,2008-11-25 03:00:00,9.2,80.8,28, , 
2008329N09082,2008,NISHA,2008-11-25 06:00:00,9.3,80.7,30, , 
2008329N09082,2008,NISHA,2008-11-25 09:00:00,9.3,80.7,30,25,25
2008329N09082,2008,NISHA,2008-11-25 12:00:00,9.2,80.7,30,30,30
2008329N09082,2008,NISHA,2008-11-25 15:00:00,9.4,80.7,33,30,30
2008329N09082,2008,NISHA,2008-11-25 18:00:00,9.7,80.5,35,30,30
2008329N09082,2008,NISHA,2008-11-25 21:00:00,10.0,80.3,40,30,30
2008329N09082,2008,NISHA,2008-11-26 00:00:00,10.1,80.4,45,30,30
2008329N09082,2008,NISHA,2008-11-26 03:00:00,10.4,80.4,48,40,40
2008329N09082,2008,NISHA,2008-11-26 06:00:00,10.6,80.4,50,40,40
2008329N09082,2008,NISHA,2008-11-26 09:00:00,10.6,80.3,50,45,45
2008329N09082,2008,NISHA,2008-11-26 12:00:00,10.9,80.3,50,45,45
2008329N09082,2008,NISHA,2008-11-26 15:00:00,11.0,80.2,50,45,45
2008329N09082,2008,NISHA,2008-11-26 18:00:00,11.1,80.2,50,45,45
2008329N09082,2008,NISHA,2008-11-26 21:00:00,11.1,80.1,50,45,45
2008329N09082,2008,NISHA,2008-11-27 00:00:00,11.3,80.0,50,45,45
2008329N09082,2008,NISHA,2008-11-27 03:00:00,11.5,79.6,50,40,40
2008329N09082,2008,NISHA,2008-11-27 06:00:00,11.7,79.4,50, ,35
2008329N09082,2008,NISHA,2008-11-27 09:00:00,11.8,79.1,45,30,30
2008329N09082,2008,NISHA,2008-11-27 12:00:00,11.8,78.6,40,20,20
2008329N09082,2008,NISHA,2008-11-27 15:00:00,11.9,78.2,35, , 
2008329N09082,2008,NISHA,2008-11-27 18:00:00,12.1,77.7,30, , 
2008329N09082,2008,NISHA,2008-11-27 21:00:00,12.3,77.1,25, , 
2008329N09082,2008,NISHA,2008-11-28 00:00:00,12.5,76.4,20, , 
2008338N06092,2008,UNNAMED,2008-12-03 00:00:00,5.8,91.5,20, , 
2008338N06092,2008,UNNAMED,2008-12-03 03:00:00,5.9,91.4,20, , 
2008338N06092,2008,UNNAMED,2008-12-03 06:00:00,5.9,91.3,20, , 
2008338N06092,2008,UNNAMED,2008-12-03 09:00:00,5.9,91.2,23, , 
2008338N06092,2008,UNNAMED,2008-12-03 12:00:00,6.0,91.1,25, , 
2008338N06092,2008,UNNAMED,2008-12-03 15:00:00,6.1,91.0,28, , 
2008338N06092,2008,UNNAMED,2008-12-03 18:00:00,6.2,90.8,30, , 
2008338N06092,2008,UNNAMED,2008-12-03 21:00:00,6.3,90.6,30, , 
2008338N06092,2008,UNNAMED,2008-12-04 00:00:00,6.4,90.5,30, , 
2008338N06092,2008,UNNAMED,2008-12-04 03:00:00,6.5,90.3,30,25,25
2008338N06092,2008,UNNAMED,2008-12-04 06:00:00,6.7,90.0,30, ,25
2008338N06092,2008,UNNAMED,2008-12-04 09:00:00,6.9,89.8,30,25,25
2008338N06092,2008,UNNAMED,2008-12-04 12:00:00,7.1,89.6,30,25,25
2008338N06092,2008,UNNAMED,2008-12-04 15:00:00,7.1,89.4,30, ,25
2008338N06092,2008,UNNAMED,2008-12-04 18:00:00,7.3,89.1,30,25,25
2008338N06092,2008,UNNAMED,2008-12-04 21:00:00,7.5,88.8,30, ,28
2008338N06092,2008,UNNAMED,2008-12-05 00:00:00,7.7,88.6,30,30,30
2008338N06092,2008,UNNAMED,2008-12-05 03:00:00,7.7,88.5,33,30,30
2008338N06092,2008,UNNAMED,2008-12-05 06:00:00,7.9,88.2,35, ,30
2008338N06092,2008,UNNAMED,2008-12-05 09:00:00,8.2,87.9,35,30,30
2008338N06092,2008,UNNAMED,2008-12-05 12:00:00,8.6,87.5,35,30,30
2008338N06092,2008,UNNAMED,2008-12-05 15:00:00,8.6,87.1,35, ,30
2008338N06092,2008,UNNAMED,2008-12-05 18:00:00,8.6,86.7,35,30,30
2008338N06092,2008,UNNAMED,2008-12-05 21:00:00,8.5,86.2,35, ,30
2008338N06092,2008,UNNAMED,2008-12-06 00:00:00,8.4,85.6,35, ,30
2008338N06092,2008,UNNAMED,2008-12-06 03:00:00,8.3,85.1,35,30,30
2008338N06092,2008,UNNAMED,2008-12-06 06:00:00,8.3,84.8,35, ,30
2008338N06092,2008,UNNAMED,2008-12-06 09:00:00,8.2,84.5,35,30,30
2008338N06092,2008,UNNAMED,2008-12-06 12:00:00,8.2,84.1,35,30,30
2008338N06092,2008,UNNAMED,2008-12-06 15:00:00,8.2,83.8,33, ,30
2008338N06092,2008,UNNAMED,2008-12-06 18:00:00,8.2,83.6,30,30,30
2008338N06092,2008,UNNAMED,2008-12-06 21:00:00,8.1,83.3,28, ,28
2008338N06092,2008,UNNAMED,2008-12-07 00:00:00,8.2,83.1,25,25,25
2008338N06092,2008,UNNAMED,2008-12-07 03:00:00,8.1,82.8,25,25,25
2008338N06092,2008,UNNAMED,2008-12-07 06:00:00,8.1,82.6,25, ,25
2008338N06092,2008,UNNAMED,2008-12-07 09:00:00,8.0,82.3,25,25,25
2008338N06092,2008,UNNAMED,2008-12-07 12:00:00,7.9,81.9,25,25,25
2008338N06092,2008,UNNAMED,2008-12-07 15:00:00,7.7,81.5,25, , 
2008338N06092,2008,UNNAMED,2008-12-07 18:00:00,7.5,81.0,25, , 
2008338N06092,2008,UNNAMED,2008-12-07 21:00:00,7.3,80.4,25, , 
2008338N06092,2008,UNNAMED,2008-12-08 00:00:00,7.0,79.9,25, , 
2008338N06092,2008,UNNAMED,2008-12-08 03:00:00,6.8,79.4,25, , 
2008338N06092,2008,UNNAMED,2008-12-08 06:00:00,6.7,79.1,25, , 
2008338N06092,2008,UNNAMED,2008-12-08 09:00:00,6.5,78.9,25, , 
2008338N06092,2008,UNNAMED,2008-12-08 12:00:00,6.4,78.7,25, , 
2008338N06092,2008,UNNAMED,2008-12-08 15:00:00,6.5,78.4,25, , 
2008338N06092,2008,UNNAMED,2008-12-08 18:00:00,6.6,78.1,25, , 
2008338N06092,2008,UNNAMED,2008-12-08 21:00:00,6.7,77.7,23, , 
2008338N06092,2008,UNNAMED,2008-12-09 00:00:00,6.7,77.3,20, , 
2008338N06092,2008,UNNAMED,2008-12-09 03:00:00,6.7,76.9,18, , 
2008338N06092,2008,UNNAMED,2008-12-09 06:00:00,6.7,76.5,15, , 
2008338N06092,2008,UNNAMED,2008-12-09 09:00:00,6.7,75.9,15, , 
2008338N06092,2008,UNNAMED,2008-12-09 12:00:00,6.7,75.3,15, , 
2008338N06092,2008,UNNAMED,2008-12-09 15:00:00,6.9,74.6,15, , 
2008338N06092,2008,UNNAMED,2008-12-09 18:00:00,7.1,73.9,15, , 
2009104N13088,2009,BIJLI,2009-04-14 00:00:00,12.6,87.7,25, , 
2009104N13088,2009,BIJLI,2009-04-14 03:00:00,12.7,87.9,28, , 
2009104N13088,2009,BIJLI,2009-04-14 06:00:00,12.7,88.1,30, , 
2009104N13088,2009,BIJLI,2009-04-14 09:00:00,12.5,88.1,30,25,25
2009104N13088,2009,BIJLI,2009-04-14 12:00:00,12.4,87.9,30,25,25
2009104N13088,2009,BIJLI,2009-04-14 15:00:00,12.4,87.8,30, ,25
2009104N13088,2009,BIJLI,2009-04-14 18:00:00,12.5,87.7,30,25,25
2009104N13088,2009,BIJLI,2009-04-14 21:00:00,12.8,87.7,30, ,25
2009104N13088,2009,BIJLI,2009-04-15 00:00:00,13.3,87.7,30,25,25
2009104N13088,2009,BIJLI,2009-04-15 03:00:00,13.9,87.3,33,25,25
2009104N13088,2009,BIJLI,2009-04-15 06:00:00,14.5,87.1,35,30,30
2009104N13088,2009,BIJLI,2009-04-15 09:00:00,15.0,86.7,38, ,33
2009104N13088,2009,BIJLI,2009-04-15 12:00:00,15.4,86.3,40,35,35
2009104N13088,2009,BIJLI,2009-04-15 15:00:00,15.8,86.2,40,40,40
2009104N13088,2009,BIJLI,2009-04-15 18:00:00,16.2,86.2,40,40,40
2009104N13088,2009,BIJLI,2009-04-15 21:00:00,16.3,86.2,43,40,40
2009104N13088,2009,BIJLI,2009-04-16 00:00:00,16.7,86.0,45,40,40
2009104N13088,2009,BIJLI,2009-04-16 03:00:00,17.1,86.0,45,40,40
2009104N13088,2009,BIJLI,2009-04-16 06:00:00,17.6,86.1,45,40,40
2009104N13088,2009,BIJLI,2009-04-16 09:00:00,18.0,86.2,48,40,40
2009104N13088,2009,BIJLI,2009-04-16 12:00:00,18.5,86.6,50,40,40
2009104N13088,2009,BIJLI,2009-04-16 15:00:00,18.6,86.7,50,40,40
2009104N13088,2009,BIJLI,2009-04-16 18:00:00,19.3,87.1,50,40,40
2009104N13088,2009,BIJLI,2009-04-16 21:00:00,19.8,87.6,50,40,40
2009104N13088,2009,BIJLI,2009-04-17 00:00:00,20.3,88.1,50,40,40
2009104N13088,2009,BIJLI,2009-04-17 03:00:00,20.5,88.6,50,35,35
2009104N13088,2009,BIJLI,2009-04-17 06:00:00,20.9,89.2,50,35,35
2009104N13088,2009,BIJLI,2009-04-17 09:00:00,21.3,89.8,48,30,30
2009104N13088,2009,BIJLI,2009-04-17 12:00:00,21.4,90.4,45,25,25
2009104N13088,2009,BIJLI,2009-04-17 15:00:00,21.7,91.3,45,25,25
2009104N13088,2009,BIJLI,2009-04-17 18:00:00,21.9,91.8,45, , 
2009104N13088,2009,BIJLI,2009-04-17 21:00:00,22.1,92.4,43, , 
2009104N13088,2009,BIJLI,2009-04-18 00:00:00,22.4,93.1,40, , 
2009143N17089,2009,AILA,2009-05-22 18:00:00,16.9,88.8,25, , 
2009143N17089,2009,AILA,2009-05-22 21:00:00,16.7,88.8,25, , 
2009143N17089,2009,AILA,2009-05-23 00:00:00,16.7,88.8,25, , 
2009143N17089,2009,AILA,2009-05-23 03:00:00,16.8,88.9,28, , 
2009143N17089,2009,AILA,2009-05-23 06:00:00,16.9,88.8,30,25,25
2009143N17089,2009,AILA,2009-05-23 09:00:00,16.9,88.6,30, ,25
2009143N17089,2009,AILA,2009-05-23 12:00:00,16.9,88.5,30,25,25
2009143N17089,2009,AILA,2009-05-23 15:00:00,17.1,88.5,30, ,25
2009143N17089,2009,AILA,2009-05-23 18:00:00,17.3,88.6,30,25,25
2009143N17089,2009,AILA,2009-05-23 21:00:00,17.2,88.6,33, ,25
2009143N17089,2009,AILA,2009-05-24 00:00:00,17.4,88.5,35,25,25
2009143N17089,2009,AILA,2009-05-24 03:00:00,17.9,88.4,35,30,30
2009143N17089,2009,AILA,2009-05-24 06:00:00,18.0,88.4,35,30,30
2009143N17089,2009,AILA,2009-05-24 09:00:00,18.1,88.3,40,30,30
2009143N17089,2009,AILA,2009-05-24 12:00:00,18.5,88.3,45,35,35
2009143N17089,2009,AILA,2009-05-24 15:00:00,18.9,88.3,48,35,35
2009143N17089,2009,AILA,2009-05-24 18:00:00,19.1,88.3,50,35,35
2009143N17089,2009,AILA,2009-05-24 21:00:00,19.7,88.0,53,40,40
2009143N17089,2009,AILA,2009-05-25 00:00:00,20.0,88.1,55,40,40
2009143N17089,2009,AILA,2009-05-25 03:00:00,20.6,88.1,60,50,50
2009143N17089,2009,AILA,2009-05-25 06:00:00,21.6,88.2,65,55,55
2009143N17089,2009,AILA,2009-05-25 09:00:00,22.1,88.2,60,60,60
2009143N17089,2009,AILA,2009-05-25 12:00:00,22.7,88.2,55,50,50
2009143N17089,2009,AILA,2009-05-25 15:00:00,23.3,88.2,48,45,45
2009143N17089,2009,AILA,2009-05-25 18:00:00,23.9,88.3,40,40,40
2009143N17089,2009,AILA,2009-05-25 21:00:00,24.5,88.3,35,35,35
2009143N17089,2009,AILA,2009-05-26 00:00:00,25.4,88.4,30,30,30
2009143N17089,2009,AILA,2009-05-26 03:00:00,25.9,88.4,23,25,25
2009143N17089,2009,AILA,2009-05-26 06:00:00,26.9,88.8,15,20,20
2009174N18072,2009,UNNAMED,2009-06-23 00:00:00,18.0,71.5, ,25,25
2009174N18072,2009,UNNAMED,2009-06-23 03:00:00,19.0,71.5, ,25,25
2009174N18072,2009,UNNAMED,2009-06-23 06:00:00,19.0,71.5, ,25,25
2009174N18072,2009,UNNAMED,2009-06-23 09:00:00,20.0,71.5, ,25,25
2009174N18072,2009,UNNAMED,2009-06-23 12:00:00,20.5,71.0, ,25,25
2009174N18072,2009,UNNAMED,2009-06-23 15:00:00,21.0,71.0, ,25,25
2009174N18072,2009,UNNAMED,2009-06-23 18:00:00,21.3,71.0, , ,25
2009174N18072,2009,UNNAMED,2009-06-23 21:00:00,21.4,70.8, , ,25
2009174N18072,2009,UNNAMED,2009-06-24 00:00:00,21.5,70.5, ,25,25
2009176N23069,2009,UNNAMED,2009-06-25 09:00:00,22.5,68.5, ,25,25
2009176N23069,2009,UNNAMED,2009-06-25 12:00:00,22.5,68.5, ,25,25
2009176N23069,2009,UNNAMED,2009-06-25 15:00:00,22.8,68.5, , ,25
2009176N23069,2009,UNNAMED,2009-06-25 18:00:00,23.0,68.5, ,25,25
2009201N21089,2009,UNNAMED,2009-07-20 03:00:00,21.0,88.5, ,25,25
2009201N21089,2009,UNNAMED,2009-07-20 06:00:00,21.0,88.5, ,25,25
2009201N21089,2009,UNNAMED,2009-07-20 09:00:00,21.0,88.3, , ,28
2009201N21089,2009,UNNAMED,2009-07-20 12:00:00,21.0,88.0, ,30,30
2009201N21089,2009,UNNAMED,2009-07-20 15:00:00,21.2,87.6, , ,30
2009201N21089,2009,UNNAMED,2009-07-20 18:00:00,21.5,87.0, ,30,30
2009201N21089,2009,UNNAMED,2009-07-20 21:00:00,21.8,86.0, , ,30
2009201N21089,2009,UNNAMED,2009-07-21 00:00:00,22.0,85.0, ,30,30
2009201N21089,2009,UNNAMED,2009-07-21 03:00:00,22.0,84.5, ,30,30
2009201N21089,2009,UNNAMED,2009-07-21 06:00:00,22.0,84.0, ,25,25
2009247N19089,2009,UNNAMED,2009-09-03 18:00:00,19.4,88.8,15, , 
2009247N19089,2009,UNNAMED,2009-09-03 21:00:00,19.5,88.6,18, , 
2009247N19089,2009,UNNAMED,2009-09-04 00:00:00,19.5,88.4,20, , 
2009247N19089,2009,UNNAMED,2009-09-04 03:00:00,19.5,88.2,20, , 
2009247N19089,2009,UNNAMED,2009-09-04 06:00:00,19.6,88.0,20, , 
2009247N19089,2009,UNNAMED,2009-09-04 09:00:00,19.7,87.9,20, , 
2009247N19089,2009,UNNAMED,2009-09-04 12:00:00,19.9,87.8,20, , 
2009247N19089,2009,UNNAMED,2009-09-04 15:00:00,20.1,87.8,23, , 
2009247N19089,2009,UNNAMED,2009-09-04 18:00:00,20.4,87.9,25, , 
2009247N19089,2009,UNNAMED,2009-09-04 21:00:00,20.6,88.1,28, , 
2009247N19089,2009,UNNAMED,2009-09-05 00:00:00,20.8,88.2,30,25,25
2009247N19089,2009,UNNAMED,2009-09-05 03:00:00,21.2,88.0,33,30,30
2009247N19089,2009,UNNAMED,2009-09-05 06:00:00,21.6,88.1,35,30,30
2009247N19089,2009,UNNAMED,2009-09-05 09:00:00,22.0,87.7,38,30,30
2009247N19089,2009,UNNAMED,2009-09-05 12:00:00,22.4,87.6,40,30,30
2009247N19089,2009,UNNAMED,2009-09-05 15:00:00,22.6,87.4,38, ,30
2009247N19089,2009,UNNAMED,2009-09-05 18:00:00,22.8,87.1,35,30,30
2009247N19089,2009,UNNAMED,2009-09-05 21:00:00,22.9,86.9,33, ,30
2009247N19089,2009,UNNAMED,2009-09-06 00:00:00,23.1,86.6,30,30,30
2009247N19089,2009,UNNAMED,2009-09-06 03:00:00,23.4,86.2,30,30,30
2009247N19089,2009,UNNAMED,2009-09-06 06:00:00,23.4,85.9,30, ,30
2009247N19089,2009,UNNAMED,2009-09-06 09:00:00,23.5,85.7,28,30,30
2009247N19089,2009,UNNAMED,2009-09-06 12:00:00,23.8,85.3,25,30,30
2009247N19089,2009,UNNAMED,2009-09-06 15:00:00,24.0,84.9,25, ,30
2009247N19089,2009,UNNAMED,2009-09-06 18:00:00,24.1,84.7,25,30,30
2009247N19089,2009,UNNAMED,2009-09-06 21:00:00,24.3,84.3,20, ,30
2009247N19089,2009,UNNAMED,2009-09-07 00:00:00,24.4,84.1,15,30,30
2009247N19089,2009,UNNAMED,2009-09-07 03:00:00,24.5,84.0, ,30,30
2009247N19089,2009,UNNAMED,2009-09-07 06:00:00,24.5,84.0, , ,28
2009247N19089,2009,UNNAMED,2009-09-07 09:00:00,24.5,84.0, ,25,25
2009313N11072,2009,PHYAN,2009-11-09 03:00:00,11.0,72.0, ,25,25
2009313N11072,2009,PHYAN,2009-11-09 06:00:00,11.6,71.4,20,25,25
2009313N11072,2009,PHYAN,2009-11-09 09:00:00,11.9,71.2,25, ,25
2009313N11072,2009,PHYAN,2009-11-09 12:00:00,12.1,71.1,30,25,25
2009313N11072,2009,PHYAN,2009-11-09 15:00:00,12.4,70.9,33, ,25
2009313N11072,2009,PHYAN,2009-11-09 18:00:00,12.7,70.8,35,25,25
2009313N11072,2009,PHYAN,2009-11-09 21:00:00,13.0,70.8,35,30,30
2009313N11072,2009,PHYAN,2009-11-10 00:00:00,13.4,70.8,35,30,30
2009313N11072,2009,PHYAN,2009-11-10 03:00:00,13.9,71.0,35, ,30
2009313N11072,2009,PHYAN,2009-11-10 06:00:00,14.4,71.2,35,30,30
2009313N11072,2009,PHYAN,2009-11-10 09:00:00,14.6,71.2,40, ,33
2009313N11072,2009,PHYAN,2009-11-10 12:00:00,15.0,71.3,45,35,35
2009313N11072,2009,PHYAN,2009-11-10 15:00:00,15.4,71.6,48,35,35
2009313N11072,2009,PHYAN,2009-11-10 18:00:00,15.8,71.8,50,40,40
2009313N11072,2009,PHYAN,2009-11-10 21:00:00,16.5,72.2,50,45,45
2009313N11072,2009,PHYAN,2009-11-11 00:00:00,17.0,72.6,50,45,45
2009313N11072,2009,PHYAN,2009-11-11 03:00:00,17.9,72.7,48,40,40
2009313N11072,2009,PHYAN,2009-11-11 06:00:00,18.8,73.3,45,30,30
2009313N11072,2009,PHYAN,2009-11-11 09:00:00,19.4,73.7,40,30,30
2009313N11072,2009,PHYAN,2009-11-11 12:00:00,19.7,73.9,35,20,20
2009344N06085,2009,WARD,2009-12-10 09:00:00,6.5,85.0, ,25,25
2009344N06085,2009,WARD,2009-12-10 12:00:00,6.5,85.0, ,25,25
2009344N06085,2009,WARD,2009-12-10 15:00:00,6.5,85.0, , ,25
2009344N06085,2009,WARD,2009-12-10 18:00:00,6.7,85.0,20,25,25
2009344N06085,2009,WARD,2009-12-10 21:00:00,7.1,84.8,23, ,28
2009344N06085,2009,WARD,2009-12-11 00:00:00,7.4,84.6,25,30,30
2009344N06085,2009,WARD,2009-12-11 03:00:00,7.7,84.7,28,30,30
2009344N06085,2009,WARD,2009-12-11 06:00:00,8.4,84.7,30,30,30
2009344N06085,2009,WARD,2009-12-11 09:00:00,8.7,84.8,35,35,35
2009344N06085,2009,WARD,2009-12-11 12:00:00,8.8,84.9,40,35,35
2009344N06085,2009,WARD,2009-12-11 15:00:00,9.2,84.9,43,35,35
2009344N06085,2009,WARD,2009-12-11 18:00:00,9.3,84.8,45,40,40
2009344N06085,2009,WARD,2009-12-11 21:00:00,9.6,84.7,45,45,45
2009344N06085,2009,WARD,2009-12-12 00:00:00,9.9,84.6,45,45,45
2009344N06085,2009,WARD,2009-12-12 03:00:00,9.9,84.5,45,45,45
2009344N06085,2009,WARD,2009-12-12 06:00:00,10.0,84.4,45,45,45
2009344N06085,2009,WARD,2009-12-12 09:00:00,9.9,84.0,45,40,40
2009344N06085,2009,WARD,2009-12-12 12:00:00,9.9,83.7,45,35,35
2009344N06085,2009,WARD,2009-12-12 15:00:00,9.7,83.6,45,35,35
2009344N06085,2009,WARD,2009-12-12 18:00:00,9.4,83.5,45,30,30
2009344N06085,2009,WARD,2009-12-12 21:00:00,9.3,83.3,43, ,30
2009344N06085,2009,WARD,2009-12-13 00:00:00,9.3,83.2,40,30,30
2009344N06085,2009,WARD,2009-12-13 03:00:00,9.3,83.1,38,30,30
2009344N06085,2009,WARD,2009-12-13 06:00:00,9.0,83.0,35,30,30
2009344N06085,2009,WARD,2009-12-13 09:00:00,8.9,82.9,35, ,30
2009344N06085,2009,WARD,2009-12-13 12:00:00,9.0,82.8,35,30,30
2009344N06085,2009,WARD,2009-12-13 15:00:00,8.9,82.6,35, ,30
2009344N06085,2009,WARD,2009-12-13 18:00:00,9.0,82.3,35,30,30
2009344N06085,2009,WARD,2009-12-13 21:00:00,9.0,82.1,33, ,30
2009344N06085,2009,WARD,2009-12-14 00:00:00,9.0,81.8,30,30,30
2009344N06085,2009,WARD,2009-12-14 03:00:00,8.6,81.5,30,30,30
2009344N06085,2009,WARD,2009-12-14 06:00:00,8.5,81.5,30,30,30
2009344N06085,2009,WARD,2009-12-14 09:00:00,8.5,81.2,28,25,25
2009344N06085,2009,WARD,2009-12-14 12:00:00,8.5,81.1,25,25,25
2009344N06085,2009,WARD,2009-12-14 15:00:00,8.5,81.1,20, ,25
2009344N06085,2009,WARD,2009-12-14 18:00:00,8.5,81.0,15,25,25
2009344N06085,2009,WARD,2009-12-14 21:00:00,8.5,80.8, , ,25
2009344N06085,2009,WARD,2009-12-15 00:00:00,8.5,80.5, ,25,25
2010136N09057,2010,BANDU,2010-05-15 12:00:00,9.3,56.5,15, , 
2010136N09057,2010,BANDU,2010-05-15 15:00:00,9.3,56.8,15, , 
2010136N09057,2010,BANDU,2010-05-15 18:00:00,9.4,57.0,15, , 
2010136N09057,2010,BANDU,2010-05-15 21:00:00,9.6,57.1,15, , 
2010136N09057,2010,BANDU,2010-05-16 00:00:00,9.8,57.0,15, , 
2010136N09057,2010,BANDU,2010-05-16 03:00:00,9.9,57.0,15, , 
2010136N09057,2010,BANDU,2010-05-16 06:00:00,10.0,56.8,15, , 
2010136N09057,2010,BANDU,2010-05-16 09:00:00,10.1,56.4,15, , 
2010136N09057,2010,BANDU,2010-05-16 12:00:00,10.1,56.1,15, , 
2010136N09057,2010,BANDU,2010-05-16 15:00:00,10.0,56.0,15, , 
2010136N09057,2010,BANDU,2010-05-16 18:00:00,9.9,56.0,15, , 
2010136N09057,2010,BANDU,2010-05-16 21:00:00,9.7,56.2,15, , 
2010136N09057,2010,BANDU,2010-05-17 00:00:00,9.6,56.6,15, , 
2010136N09057,2010,BANDU,2010-05-17 03:00:00,9.7,57.0,15, , 
2010136N09057,2010,BANDU,2010-05-17 06:00:00,9.7,57.3,15, , 
2010136N09057,2010,BANDU,2010-05-17 09:00:00,9.5,57.5,15, , 
2010136N09057,2010,BANDU,2010-05-17 12:00:00,9.3,57.6,15, , 
2010136N09057,2010,BANDU,2010-05-17 15:00:00,9.0,57.5,15, , 
2010136N09057,2010,BANDU,2010-05-17 18:00:00,8.9,57.3,15, , 
2010136N09057,2010,BANDU,2010-05-17 21:00:00,9.0,57.0,15, , 
2010136N09057,2010,BANDU,2010-05-18 00:00:00,9.2,56.7,15, , 
2010136N09057,2010,BANDU,2010-05-18 03:00:00,9.4,56.6,15, , 
2010136N09057,2010,BANDU,2010-05-18 06:00:00,9.6,56.5,15, , 
2010136N09057,2010,BANDU,2010-05-18 09:00:00,9.9,56.3,15, , 
2010136N09057,2010,BANDU,2010-05-18 12:00:00,10.2,56.1,15, , 
2010136N09057,2010,BANDU,2010-05-18 15:00:00,10.4,55.8,18, , 
2010136N09057,2010,BANDU,2010-05-18 18:00:00,10.6,55.4,20, , 
2010136N09057,2010,BANDU,2010-05-18 21:00:00,10.8,54.9,23, , 
2010136N09057,2010,BANDU,2010-05-19 00:00:00,10.9,54.5,25, , 
2010136N09057,2010,BANDU,2010-05-19 03:00:00,11.0,54.2,28, , 
2010136N09057,2010,BANDU,2010-05-19 06:00:00,11.1,54.0,30, , 
2010136N09057,2010,BANDU,2010-05-19 09:00:00,11.1,53.8,33,25,25
2010136N09057,2010,BANDU,2010-05-19 12:00:00,11.2,53.7,35,25,25
2010136N09057,2010,BANDU,2010-05-19 15:00:00,11.4,53.4,35,25,25
2010136N09057,2010,BANDU,2010-05-19 18:00:00,11.5,53.3,35,30,30
2010136N09057,2010,BANDU,2010-05-19 21:00:00,11.5,53.0,38,30,30
2010136N09057,2010,BANDU,2010-05-20 00:00:00,11.6,53.0,40,30,30
2010136N09057,2010,BANDU,2010-05-20 03:00:00,11.7,52.9,40,30,30
2010136N09057,2010,BANDU,2010-05-20 06:00:00,11.8,52.9,40,30,30
2010136N09057,2010,BANDU,2010-05-20 09:00:00,12.1,52.8,43,30,30
2010136N09057,2010,BANDU,2010-05-20 12:00:00,12.4,52.5,45,30,30
2010136N09057,2010,BANDU,2010-05-20 15:00:00,12.5,52.2,45, ,30
2010136N09057,2010,BANDU,2010-05-20 18:00:00,12.5,51.9,45,30,30
2010136N09057,2010,BANDU,2010-05-20 21:00:00,12.5,51.8,45, ,30
2010136N09057,2010,BANDU,2010-05-21 00:00:00,12.5,51.8,45,30,30
2010136N09057,2010,BANDU,2010-05-21 03:00:00,12.6,51.7,50,30,30
2010136N09057,2010,BANDU,2010-05-21 06:00:00,12.6,51.7,55,30,30
2010136N09057,2010,BANDU,2010-05-21 09:00:00,12.6,51.7,55,30,30
2010136N09057,2010,BANDU,2010-05-21 12:00:00,12.7,51.7,55,40,40
2010136N09057,2010,BANDU,2010-05-21 15:00:00,12.6,51.7,53,40,40
2010136N09057,2010,BANDU,2010-05-21 18:00:00,12.6,51.7,50,40,40
2010136N09057,2010,BANDU,2010-05-21 21:00:00,12.5,51.3,48,40,40
2010136N09057,2010,BANDU,2010-05-22 00:00:00,12.6,51.0,45,40,40
2010136N09057,2010,BANDU,2010-05-22 03:00:00,12.5,50.9,43,40,40
2010136N09057,2010,BANDU,2010-05-22 06:00:00,12.6,50.9,40,40,40
2010136N09057,2010,BANDU,2010-05-22 09:00:00,12.5,50.6,38,35,35
2010136N09057,2010,BANDU,2010-05-22 12:00:00,12.6,50.6,35,30,30
2010136N09057,2010,BANDU,2010-05-22 15:00:00,12.6,50.5,33, ,28
2010136N09057,2010,BANDU,2010-05-22 18:00:00,12.6,50.4,30,25,25
2010137N10090,2010,LAILA,2010-05-16 18:00:00,9.8,90.4,15, , 
2010137N10090,2010,LAILA,2010-05-16 21:00:00,10.2,90.1,18, , 
2010137N10090,2010,LAILA,2010-05-17 00:00:00,10.5,89.7,20, , 
2010137N10090,2010,LAILA,2010-05-17 03:00:00,10.7,89.3,23, , 
2010137N10090,2010,LAILA,2010-05-17 06:00:00,10.8,88.7,25,25,25
2010137N10090,2010,LAILA,2010-05-17 09:00:00,11.0,88.3,28, ,28
2010137N10090,2010,LAILA,2010-05-17 12:00:00,11.2,87.9,30,30,30
2010137N10090,2010,LAILA,2010-05-17 15:00:00,11.4,87.6,33, ,30
2010137N10090,2010,LAILA,2010-05-17 18:00:00,11.6,87.2,35,30,30
2010137N10090,2010,LAILA,2010-05-17 21:00:00,11.7,86.8,38, ,33
2010137N10090,2010,LAILA,2010-05-18 00:00:00,11.8,86.3,40,35,35
2010137N10090,2010,LAILA,2010-05-18 03:00:00,12.1,85.4,43,40,40
2010137N10090,2010,LAILA,2010-05-18 06:00:00,12.5,84.6,45,45,45
2010137N10090,2010,LAILA,2010-05-18 09:00:00,12.9,84.0,50,45,45
2010137N10090,2010,LAILA,2010-05-18 12:00:00,13.1,83.5,55,45,45
2010137N10090,2010,LAILA,2010-05-18 15:00:00,13.1,83.0,58,45,45
2010137N10090,2010,LAILA,2010-05-18 18:00:00,13.1,82.6,60,45,45
2010137N10090,2010,LAILA,2010-05-18 21:00:00,13.1,82.1,63,45,45
2010137N10090,2010,LAILA,2010-05-19 00:00:00,13.5,82.0,65,45,45
2010137N10090,2010,LAILA,2010-05-19 03:00:00,13.5,81.8,65,45,45
2010137N10090,2010,LAILA,2010-05-19 06:00:00,13.6,81.5,65,55,55
2010137N10090,2010,LAILA,2010-05-19 09:00:00,13.9,81.5,63,55,55
2010137N10090,2010,LAILA,2010-05-19 12:00:00,14.0,81.5,60,55,55
2010137N10090,2010,LAILA,2010-05-19 15:00:00,14.1,81.4,58,55,55
2010137N10090,2010,LAILA,2010-05-19 18:00:00,14.6,81.1,55,55,55
2010137N10090,2010,LAILA,2010-05-19 21:00:00,14.7,81.0,55,55,55
2010137N10090,2010,LAILA,2010-05-20 00:00:00,15.1,81.0,55,55,55
2010137N10090,2010,LAILA,2010-05-20 03:00:00,15.4,80.6,55,55,55
2010137N10090,2010,LAILA,2010-05-20 06:00:00,15.6,80.6,55,55,55
2010137N10090,2010,LAILA,2010-05-20 09:00:00,15.7,80.5,55,55,55
2010137N10090,2010,LAILA,2010-05-20 12:00:00,15.9,80.5,55,45,45
2010137N10090,2010,LAILA,2010-05-20 15:00:00,15.9,80.5,55,45,45
2010137N10090,2010,LAILA,2010-05-20 18:00:00,16.0,80.6,55,45,45
2010137N10090,2010,LAILA,2010-05-20 21:00:00,16.1,80.7,53,40,40
2010137N10090,2010,LAILA,2010-05-21 00:00:00,16.3,80.8,50,35,35
2010137N10090,2010,LAILA,2010-05-21 03:00:00,16.5,81.0,45,30,30
2010137N10090,2010,LAILA,2010-05-21 06:00:00,16.8,81.2,40,20,20
2010137N10090,2010,LAILA,2010-05-21 09:00:00,16.8,81.3,35, , 
2010137N10090,2010,LAILA,2010-05-21 12:00:00,16.9,81.5,30, , 
2010137N10090,2010,LAILA,2010-05-21 15:00:00,17.0,81.7,28, , 
2010137N10090,2010,LAILA,2010-05-21 18:00:00,17.1,81.9,25, , 
2010151N14065,2010,PHET,2010-05-30 12:00:00,14.4,65.0,15, , 
2010151N14065,2010,PHET,2010-05-30 15:00:00,14.5,64.9,18, , 
2010151N14065,2010,PHET,2010-05-30 18:00:00,14.5,64.7,20, , 
2010151N14065,2010,PHET,2010-05-30 21:00:00,14.5,64.5,23, , 
2010151N14065,2010,PHET,2010-05-31 00:00:00,14.5,64.4,25, , 
2010151N14065,2010,PHET,2010-05-31 03:00:00,14.6,64.3,28, , 
2010151N14065,2010,PHET,2010-05-31 06:00:00,14.8,64.2,30,25,25
2010151N14065,2010,PHET,2010-05-31 09:00:00,15.0,64.0,30, ,25
2010151N14065,2010,PHET,2010-05-31 12:00:00,15.2,63.8,30,25,25
2010151N14065,2010,PHET,2010-05-31 15:00:00,15.4,63.7,33, ,25
2010151N14065,2010,PHET,2010-05-31 18:00:00,15.5,63.6,35,25,25
2010151N14065,2010,PHET,2010-05-31 21:00:00,15.5,63.5,40, ,28
2010151N14065,2010,PHET,2010-06-01 00:00:00,15.7,63.4,45,30,30
2010151N14065,2010,PHET,2010-06-01 03:00:00,15.8,63.2,50,30,30
2010151N14065,2010,PHET,2010-06-01 06:00:00,16.2,62.9,55,30,30
2010151N14065,2010,PHET,2010-06-01 09:00:00,16.3,62.8,58,35,35
2010151N14065,2010,PHET,2010-06-01 12:00:00,16.7,62.4,60,35,35
2010151N14065,2010,PHET,2010-06-01 15:00:00,16.7,62.2,68,40,40
2010151N14065,2010,PHET,2010-06-01 18:00:00,17.1,61.8,75,45,45
2010151N14065,2010,PHET,2010-06-01 21:00:00,17.1,61.6,83,45,45
2010151N14065,2010,PHET,2010-06-02 00:00:00,17.5,61.3,90,55,55
2010151N14065,2010,PHET,2010-06-02 03:00:00,17.5,60.9,103,60,60
2010151N14065,2010,PHET,2010-06-02 06:00:00,17.7,60.8,115,70,70
2010151N14065,2010,PHET,2010-06-02 09:00:00,18.0,60.4,120,80,80
2010151N14065,2010,PHET,2010-06-02 12:00:00,18.1,60.3,125,85,85
2010151N14065,2010,PHET,2010-06-02 15:00:00,18.4,59.9,123,85,85
2010151N14065,2010,PHET,2010-06-02 18:00:00,18.5,59.9,120,85,85
2010151N14065,2010,PHET,2010-06-02 21:00:00,18.5,59.8,120,80,80
2010151N14065,2010,PHET,2010-06-03 00:00:00,18.5,59.6,120,75,75
2010151N14065,2010,PHET,2010-06-03 03:00:00,18.6,59.5,118,75,75
2010151N14065,2010,PHET,2010-06-03 06:00:00,19.1,59.6,115,70,70
2010151N14065,2010,PHET,2010-06-03 09:00:00,19.5,59.5,113,70,70
2010151N14065,2010,PHET,2010-06-03 12:00:00,20.0,59.5,110,70,70
2010151N14065,2010,PHET,2010-06-03 15:00:00,20.2,59.4,108,70,70
2010151N14065,2010,PHET,2010-06-03 18:00:00,20.7,59.4,105,65,65
2010151N14065,2010,PHET,2010-06-03 21:00:00,21.1,59.3,98,65,65
2010151N14065,2010,PHET,2010-06-04 00:00:00,21.5,59.3,90,65,65
2010151N14065,2010,PHET,2010-06-04 03:00:00,21.9,59.3,83,60,60
2010151N14065,2010,PHET,2010-06-04 06:00:00,22.2,59.4,75,60,60
2010151N14065,2010,PHET,2010-06-04 09:00:00,22.6,59.4,70,60,60
2010151N14065,2010,PHET,2010-06-04 12:00:00,23.0,59.5,65,60,60
2010151N14065,2010,PHET,2010-06-04 15:00:00,23.2,59.5,60,55,55
2010151N14065,2010,PHET,2010-06-04 18:00:00,23.3,59.6,55,55,55
2010151N14065,2010,PHET,2010-06-04 21:00:00,23.7,60.0,50,50,50
2010151N14065,2010,PHET,2010-06-05 00:00:00,24.0,60.4,45,45,45
2010151N14065,2010,PHET,2010-06-05 03:00:00,24.2,60.8,43,40,40
2010151N14065,2010,PHET,2010-06-05 06:00:00,24.2,61.0,40,40,40
2010151N14065,2010,PHET,2010-06-05 09:00:00,24.1,61.1,40,40,40
2010151N14065,2010,PHET,2010-06-05 12:00:00,24.0,61.6,40,40,40
2010151N14065,2010,PHET,2010-06-05 15:00:00,23.9,62.0,38,35,35
2010151N14065,2010,PHET,2010-06-05 18:00:00,23.9,62.5,35,30,30
2010151N14065,2010,PHET,2010-06-05 21:00:00,23.7,63.1,35,30,30
2010151N14065,2010,PHET,2010-06-06 00:00:00,23.7,64.1,35,30,30
2010151N14065,2010,PHET,2010-06-06 03:00:00,23.8,65.0,35,25,25
2010151N14065,2010,PHET,2010-06-06 06:00:00,24.0,65.9,35,25,25
2010151N14065,2010,PHET,2010-06-06 09:00:00,24.2,66.6,33,25,25
2010151N14065,2010,PHET,2010-06-06 12:00:00,24.6,67.2,30,25,25
2010151N14065,2010,PHET,2010-06-06 15:00:00,25.0,67.9,30,25,25
2010151N14065,2010,PHET,2010-06-06 18:00:00,25.1,68.7,30,25,25
2010151N14065,2010,PHET,2010-06-06 21:00:00,25.7,69.6,28, ,25
2010151N14065,2010,PHET,2010-06-07 00:00:00,26.4,70.5,25,25,25
2010151N14065,2010,PHET,2010-06-07 03:00:00,26.7,71.5,28,25,25
2010151N14065,2010,PHET,2010-06-07 06:00:00,27.1,72.9,30,20,20
2010280N17085,2010,UNNAMED,2010-10-07 03:00:00,16.5,84.5, ,25,25
2010280N17085,2010,UNNAMED,2010-10-07 06:00:00,17.5,84.5, ,25,25
2010280N17085,2010,UNNAMED,2010-10-07 09:00:00,18.1,84.7, , ,25
2010280N17085,2010,UNNAMED,2010-10-07 12:00:00,18.5,85.0, ,25,25
2010280N17085,2010,UNNAMED,2010-10-07 15:00:00,18.7,85.2, , ,25
2010280N17085,2010,UNNAMED,2010-10-07 18:00:00,19.0,85.5, ,25,25
2010280N17085,2010,UNNAMED,2010-10-07 21:00:00,19.4,85.9, , ,25
2010280N17085,2010,UNNAMED,2010-10-08 00:00:00,20.0,86.5, ,25,25
2010280N17085,2010,UNNAMED,2010-10-08 03:00:00,21.0,87.5, ,25,25
2010280N17085,2010,UNNAMED,2010-10-08 06:00:00,22.0,89.0, ,25,25
2010280N17085,2010,UNNAMED,2010-10-08 09:00:00,22.8,90.0, , ,25
2010280N17085,2010,UNNAMED,2010-10-08 12:00:00,23.5,90.5, ,25,25
2010280N17085,2010,UNNAMED,2010-10-08 15:00:00,24.0,90.8, , ,25
2010280N17085,2010,UNNAMED,2010-10-08 18:00:00,24.5,91.0, ,25,25
2010286N18090,2010,UNNAMED,2010-10-13 06:00:00,17.5,90.0, ,25,25
2010286N18090,2010,UNNAMED,2010-10-13 09:00:00,17.4,89.5, , ,25
2010286N18090,2010,UNNAMED,2010-10-13 12:00:00,17.5,89.0, ,25,25
2010286N18090,2010,UNNAMED,2010-10-13 15:00:00,17.7,88.7, , ,25
2010286N18090,2010,UNNAMED,2010-10-13 18:00:00,18.0,88.5, ,25,25
2010286N18090,2010,UNNAMED,2010-10-13 21:00:00,18.0,88.5, , ,25
2010286N18090,2010,UNNAMED,2010-10-14 00:00:00,18.0,88.5, ,25,25
2010286N18090,2010,UNNAMED,2010-10-14 03:00:00,18.0,88.5, ,25,25
2010286N18090,2010,UNNAMED,2010-10-14 06:00:00,18.0,88.5, ,25,25
2010286N18090,2010,UNNAMED,2010-10-14 09:00:00,18.0,88.3, , ,25
2010286N18090,2010,UNNAMED,2010-10-14 12:00:00,18.0,88.0, ,25,25
2010286N18090,2010,UNNAMED,2010-10-14 15:00:00,18.0,88.0, , ,25
2010286N18090,2010,UNNAMED,2010-10-14 18:00:00,18.0,88.0, ,25,25
2010286N18090,2010,UNNAMED,2010-10-14 21:00:00,18.2,87.8, , ,25
2010286N18090,2010,UNNAMED,2010-10-15 00:00:00,18.5,87.5, ,25,25
2010286N18090,2010,UNNAMED,2010-10-15 03:00:00,19.0,87.0, ,30,30
2010286N18090,2010,UNNAMED,2010-10-15 06:00:00,19.5,86.0, ,30,30
2010286N18090,2010,UNNAMED,2010-10-15 09:00:00,19.6,85.6, , ,30
2010286N18090,2010,UNNAMED,2010-10-15 12:00:00,19.5,85.5, ,30,30
2010286N18090,2010,UNNAMED,2010-10-15 15:00:00,19.3,85.0, , ,30
2010286N18090,2010,UNNAMED,2010-10-15 18:00:00,19.0,84.5, ,30,30
2010286N18090,2010,UNNAMED,2010-10-15 21:00:00,18.9,84.2, , ,28
2010286N18090,2010,UNNAMED,2010-10-16 00:00:00,19.0,84.0, ,25,25
2010293N17093,2010,GIRI,2010-10-19 12:00:00,16.7,92.6,15, , 
2010293N17093,2010,GIRI,2010-10-19 15:00:00,16.8,92.4,18, , 
2010293N17093,2010,GIRI,2010-10-19 18:00:00,16.9,92.3,20, , 
2010293N17093,2010,GIRI,2010-10-19 21:00:00,17.0,92.2,23, , 
2010293N17093,2010,GIRI,2010-10-20 00:00:00,17.0,92.1,25, , 
2010293N17093,2010,GIRI,2010-10-20 03:00:00,17.0,92.0,28, , 
2010293N17093,2010,GIRI,2010-10-20 06:00:00,17.0,91.8,30, , 
2010293N17093,2010,GIRI,2010-10-20 09:00:00,16.9,91.6,30, , 
2010293N17093,2010,GIRI,2010-10-20 12:00:00,16.9,91.5,30,25,25
2010293N17093,2010,GIRI,2010-10-20 15:00:00,17.1,91.5,33, ,25
2010293N17093,2010,GIRI,2010-10-20 18:00:00,17.3,91.6,35,25,25
2010293N17093,2010,GIRI,2010-10-20 21:00:00,17.4,91.5,43, ,25
2010293N17093,2010,GIRI,2010-10-21 00:00:00,17.4,91.5,50,25,25
2010293N17093,2010,GIRI,2010-10-21 03:00:00,17.4,91.6,53,30,30
2010293N17093,2010,GIRI,2010-10-21 06:00:00,17.5,91.7,55,35,35
2010293N17093,2010,GIRI,2010-10-21 09:00:00,17.6,91.8,60,40,40
2010293N17093,2010,GIRI,2010-10-21 12:00:00,17.9,92.1,65,45,45
2010293N17093,2010,GIRI,2010-10-21 15:00:00,18.0,92.2,68,45,45
2010293N17093,2010,GIRI,2010-10-21 18:00:00,18.1,92.2,70,50,50
2010293N17093,2010,GIRI,2010-10-21 21:00:00,18.4,92.5,80,55,55
2010293N17093,2010,GIRI,2010-10-22 00:00:00,18.5,92.6,90,60,60
2010293N17093,2010,GIRI,2010-10-22 03:00:00,18.9,92.9,108,80,80
2010293N17093,2010,GIRI,2010-10-22 06:00:00,19.0,93.0,125,90,90
2010293N17093,2010,GIRI,2010-10-22 09:00:00,19.4,93.3,130,105,105
2010293N17093,2010,GIRI,2010-10-22 12:00:00,19.8,93.4,135,105,105
2010293N17093,2010,GIRI,2010-10-22 15:00:00,20.1,93.5,108,80,80
2010293N17093,2010,GIRI,2010-10-22 18:00:00,20.5,93.9,80,70,70
2010293N17093,2010,GIRI,2010-10-22 21:00:00,20.7,94.2,68,55,55
2010293N17093,2010,GIRI,2010-10-23 00:00:00,21.2,94.8,55,45,45
2010293N17093,2010,GIRI,2010-10-23 03:00:00,21.6,95.2,48,35,35
2010293N17093,2010,GIRI,2010-10-23 06:00:00,22.1,95.5,40,25,25
2010293N17093,2010,GIRI,2010-10-23 09:00:00,22.4,95.8,38, , 
2010293N17093,2010,GIRI,2010-10-23 12:00:00,22.7,96.2,35, , 
2010293N17093,2010,GIRI,2010-10-23 15:00:00,22.8,96.7,35, , 
2010293N17093,2010,GIRI,2010-10-23 18:00:00,23.0,97.4,35, , 
2010293N17093,2010,GIRI,2010-10-23 21:00:00,23.3,98.5,33, , 
2010293N17093,2010,GIRI,2010-10-24 00:00:00,23.7,99.8,30, , 
2010305N06105,2010,JAL,2010-10-31 18:00:00,6.3,104.5,15, , 
2010305N06105,2010,JAL,2010-10-31 21:00:00,6.1,104.0,18, , 
2010305N06105,2010,JAL,2010-11-01 00:00:00,6.0,103.5,20, , 
2010305N06105,2010,JAL,2010-11-01 03:00:00,6.2,103.0,20, , 
2010305N06105,2010,JAL,2010-11-01 06:00:00,6.5,102.6,20, , 
2010305N06105,2010,JAL,2010-11-01 09:00:00,6.8,102.2,20, , 
2010305N06105,2010,JAL,2010-11-01 12:00:00,7.1,101.7,20, , 
2010305N06105,2010,JAL,2010-11-01 15:00:00,7.4,101.3,20, , 
2010305N06105,2010,JAL,2010-11-01 18:00:00,7.6,100.7,20, , 
2010305N06105,2010,JAL,2010-11-01 21:00:00,7.6,99.8,20, , 
2010305N06105,2010,JAL,2010-11-02 00:00:00,7.7,98.9,20, , 
2010305N06105,2010,JAL,2010-11-02 03:00:00,8.1,98.3,20, , 
2010305N06105,2010,JAL,2010-11-02 06:00:00,8.4,97.9,20, , 
2010305N06105,2010,JAL,2010-11-02 09:00:00,8.4,97.4,20, , 
2010305N06105,2010,JAL,2010-11-02 12:00:00,8.3,96.9,20, , 
2010305N06105,2010,JAL,2010-11-02 15:00:00,8.3,96.4,23, , 
2010305N06105,2010,JAL,2010-11-02 18:00:00,8.3,95.9,25, , 
2010305N06105,2010,JAL,2010-11-02 21:00:00,8.3,95.4,25, , 
2010305N06105,2010,JAL,2010-11-03 00:00:00,8.3,94.9,25, , 
2010305N06105,2010,JAL,2010-11-03 03:00:00,8.3,94.4,25, , 
2010305N06105,2010,JAL,2010-11-03 06:00:00,8.3,94.0,25, , 
2010305N06105,2010,JAL,2010-11-03 09:00:00,8.3,93.6,25, , 
2010305N06105,2010,JAL,2010-11-03 12:00:00,8.3,93.2,25, , 
2010305N06105,2010,JAL,2010-11-03 15:00:00,8.3,92.8,28, , 
2010305N06105,2010,JAL,2010-11-03 18:00:00,8.4,92.3,30, , 
2010305N06105,2010,JAL,2010-11-03 21:00:00,8.4,91.9,30, , 
2010305N06105,2010,JAL,2010-11-04 00:00:00,8.4,91.6,30,25,25
2010305N06105,2010,JAL,2010-11-04 03:00:00,8.6,91.1,30,25,25
2010305N06105,2010,JAL,2010-11-04 06:00:00,8.6,90.7,30,25,25
2010305N06105,2010,JAL,2010-11-04 09:00:00,8.6,90.3,33, ,25
2010305N06105,2010,JAL,2010-11-04 12:00:00,8.7,90.0,35,25,25
2010305N06105,2010,JAL,2010-11-04 15:00:00,8.7,89.7,35, ,25
2010305N06105,2010,JAL,2010-11-04 18:00:00,8.8,89.4,35,25,25
2010305N06105,2010,JAL,2010-11-04 21:00:00,8.9,89.0,40, ,28
2010305N06105,2010,JAL,2010-11-05 00:00:00,9.1,88.6,45,30,30
2010305N06105,2010,JAL,2010-11-05 03:00:00,9.1,88.1,45,30,30
2010305N06105,2010,JAL,2010-11-05 06:00:00,9.2,87.7,45,35,35
2010305N06105,2010,JAL,2010-11-05 09:00:00,9.3,87.5,45,40,40
2010305N06105,2010,JAL,2010-11-05 12:00:00,9.6,87.1,45,45,45
2010305N06105,2010,JAL,2010-11-05 15:00:00,9.7,86.9,50,45,45
2010305N06105,2010,JAL,2010-11-05 18:00:00,10.1,86.5,55,50,50
2010305N06105,2010,JAL,2010-11-05 21:00:00,10.1,86.1,55,55,55
2010305N06105,2010,JAL,2010-11-06 00:00:00,10.2,85.8,55,55,55
2010305N06105,2010,JAL,2010-11-06 03:00:00,10.3,85.6,55,55,55
2010305N06105,2010,JAL,2010-11-06 06:00:00,10.4,85.3,55,55,55
2010305N06105,2010,JAL,2010-11-06 09:00:00,10.5,85.1,55,55,55
2010305N06105,2010,JAL,2010-11-06 12:00:00,11.1,84.6,55,60,60
2010305N06105,2010,JAL,2010-11-06 15:00:00,11.2,84.4,55,60,60
2010305N06105,2010,JAL,2010-11-06 18:00:00,11.3,84.0,55,60,60
2010305N06105,2010,JAL,2010-11-06 21:00:00,11.4,83.7,50,60,60
2010305N06105,2010,JAL,2010-11-07 00:00:00,11.6,83.2,45,60,60
2010305N06105,2010,JAL,2010-11-07 03:00:00,12.2,82.7,45,55,55
2010305N06105,2010,JAL,2010-11-07 06:00:00,12.3,82.2,45,45,45
2010305N06105,2010,JAL,2010-11-07 09:00:00,12.3,81.5,43,40,40
2010305N06105,2010,JAL,2010-11-07 12:00:00,13.0,81.1,40,30,30
2010305N06105,2010,JAL,2010-11-07 15:00:00,13.0,80.6,38,30,30
2010305N06105,2010,JAL,2010-11-07 18:00:00,13.1,80.0,35,30,30
2010305N06105,2010,JAL,2010-11-07 21:00:00,13.5,79.5,33, ,28
2010305N06105,2010,JAL,2010-11-08 00:00:00,14.2,78.9,30,25,25
2010305N06105,2010,JAL,2010-11-08 03:00:00,15.0,78.0, ,25,25
2010341N14082,2010,UNNAMED,2010-12-07 03:00:00,14.0,82.0, ,25,25
2010341N14082,2010,UNNAMED,2010-12-07 06:00:00,14.5,82.0, ,25,25
2010341N14082,2010,UNNAMED,2010-12-07 09:00:00,14.8,81.8, , ,25
2010341N14082,2010,UNNAMED,2010-12-07 12:00:00,15.0,81.5, ,25,25
2010341N14082,2010,UNNAMED,2010-12-07 15:00:00,15.2,81.3, , ,25
2010341N14082,2010,UNNAMED,2010-12-07 18:00:00,15.5,81.0, ,25,25
2010341N14082,2010,UNNAMED,2010-12-07 21:00:00,15.8,80.6, , ,23
2010341N14082,2010,UNNAMED,2010-12-08 00:00:00,16.0,80.0, ,20,20
2011033N06083,2011,UNNAMED,2011-02-02 09:00:00,6.5,82.5, ,25,25
2011033N06083,2011,UNNAMED,2011-02-02 12:00:00,6.5,82.5, ,25,25
2011033N06083,2011,UNNAMED,2011-02-02 15:00:00,6.5,82.5, , ,25
2011033N06083,2011,UNNAMED,2011-02-02 18:00:00,6.5,82.5, ,25,25
2011160N18070,2011,UNNAMED,2011-06-09 06:00:00,18.1,69.9,20, , 
2011160N18070,2011,UNNAMED,2011-06-09 09:00:00,18.2,70.1,23, , 
2011160N18070,2011,UNNAMED,2011-06-09 12:00:00,18.3,70.3,25, , 
2011160N18070,2011,UNNAMED,2011-06-09 15:00:00,18.4,70.5,25, , 
2011160N18070,2011,UNNAMED,2011-06-09 18:00:00,18.6,70.6,25, , 
2011160N18070,2011,UNNAMED,2011-06-09 21:00:00,18.8,70.6,25, , 
2011160N18070,2011,UNNAMED,2011-06-10 00:00:00,19.0,70.7,25, , 
2011160N18070,2011,UNNAMED,2011-06-10 03:00:00,19.1,70.9,25, , 
2011160N18070,2011,UNNAMED,2011-06-10 06:00:00,19.1,71.1,25, , 
2011160N18070,2011,UNNAMED,2011-06-10 09:00:00,19.1,71.4,28, , 
2011160N18070,2011,UNNAMED,2011-06-10 12:00:00,19.0,71.7,30, , 
2011160N18070,2011,UNNAMED,2011-06-10 15:00:00,19.0,71.8,30, , 
2011160N18070,2011,UNNAMED,2011-06-10 18:00:00,19.1,71.9,30, , 
2011160N18070,2011,UNNAMED,2011-06-10 21:00:00,19.1,72.0,30, , 
2011160N18070,2011,UNNAMED,2011-06-11 00:00:00,19.2,72.1,30, , 
2011160N18070,2011,UNNAMED,2011-06-11 03:00:00,19.3,72.1,33, , 
2011160N18070,2011,UNNAMED,2011-06-11 06:00:00,19.5,72.0,35, , 
2011160N18070,2011,UNNAMED,2011-06-11 09:00:00,19.7,71.9,35, , 
2011160N18070,2011,UNNAMED,2011-06-11 12:00:00,20.0,71.7,35,25,25
2011160N18070,2011,UNNAMED,2011-06-11 15:00:00,20.1,71.6,35, ,25
2011160N18070,2011,UNNAMED,2011-06-11 18:00:00,20.2,71.4,35,25,25
2011160N18070,2011,UNNAMED,2011-06-11 21:00:00,20.5,71.0,33, ,25
2011160N18070,2011,UNNAMED,2011-06-12 00:00:00,20.7,70.7,30,25,25
2011160N18070,2011,UNNAMED,2011-06-12 03:00:00,20.6,70.6,25,20,20
2011160N18070,2011,UNNAMED,2011-06-12 06:00:00,20.6,70.4,20,20,20
2011160N18070,2011,UNNAMED,2011-06-12 09:00:00,20.6,70.2,23, , 
2011160N18070,2011,UNNAMED,2011-06-12 12:00:00,20.9,70.1,25, , 
2011167N22089,2011,UNNAMED,2011-06-16 03:00:00,21.5,89.0, ,25,25
2011167N22089,2011,UNNAMED,2011-06-16 06:00:00,21.5,89.0, ,25,25
2011167N22089,2011,UNNAMED,2011-06-16 09:00:00,21.7,89.0, , ,28
2011167N22089,2011,UNNAMED,2011-06-16 12:00:00,22.0,89.0, ,30,30
2011167N22089,2011,UNNAMED,2011-06-16 15:00:00,22.3,89.0, , ,30
2011167N22089,2011,UNNAMED,2011-06-16 18:00:00,22.5,89.0, ,30,30
2011167N22089,2011,UNNAMED,2011-06-16 21:00:00,22.5,89.0, , ,30
2011167N22089,2011,UNNAMED,2011-06-17 00:00:00,22.5,89.0, ,30,30
2011167N22089,2011,UNNAMED,2011-06-17 03:00:00,22.5,89.0, ,30,30
2011167N22089,2011,UNNAMED,2011-06-17 06:00:00,22.8,88.5, ,35,35
2011167N22089,2011,UNNAMED,2011-06-17 09:00:00,23.0,88.2, , ,30
2011167N22089,2011,UNNAMED,2011-06-17 12:00:00,23.0,88.0, ,25,25
2011167N22089,2011,UNNAMED,2011-06-17 15:00:00,23.0,88.0, , ,25
2011167N22089,2011,UNNAMED,2011-06-17 18:00:00,23.0,88.0, ,25,25
2011167N22089,2011,UNNAMED,2011-06-17 21:00:00,23.0,87.8, , ,25
2011167N22089,2011,UNNAMED,2011-06-18 00:00:00,23.0,87.5, ,25,25
2011167N22089,2011,UNNAMED,2011-06-18 03:00:00,23.0,87.0, ,25,25
2011167N22089,2011,UNNAMED,2011-06-18 06:00:00,23.0,87.0, ,25,25
2011167N22089,2011,UNNAMED,2011-06-18 09:00:00,23.0,87.0, , ,25
2011167N22089,2011,UNNAMED,2011-06-18 12:00:00,23.0,87.0, ,25,25
2011167N22089,2011,UNNAMED,2011-06-18 15:00:00,23.0,86.8, , ,25
2011167N22089,2011,UNNAMED,2011-06-18 18:00:00,23.0,86.5, ,25,25
2011167N22089,2011,UNNAMED,2011-06-18 21:00:00,22.9,86.3, , ,25
2011167N22089,2011,UNNAMED,2011-06-19 00:00:00,23.0,86.0, ,25,25
2011167N22089,2011,UNNAMED,2011-06-19 03:00:00,23.5,85.5, ,25,25
2011167N22089,2011,UNNAMED,2011-06-19 06:00:00,23.5,85.5, ,25,25
2011167N22089,2011,UNNAMED,2011-06-19 09:00:00,23.5,85.3, , ,25
2011167N22089,2011,UNNAMED,2011-06-19 12:00:00,23.5,85.0, ,25,25
2011167N22089,2011,UNNAMED,2011-06-19 15:00:00,23.5,84.8, , ,25
2011167N22089,2011,UNNAMED,2011-06-19 18:00:00,23.5,84.5, ,25,25
2011167N22089,2011,UNNAMED,2011-06-19 21:00:00,23.5,84.3, , ,25
2011167N22089,2011,UNNAMED,2011-06-20 00:00:00,23.5,84.0, ,25,25
2011167N22089,2011,UNNAMED,2011-06-20 03:00:00,23.7,83.5, ,25,25
2011167N22089,2011,UNNAMED,2011-06-20 06:00:00,23.7,83.5, ,20,20
2011167N22089,2011,UNNAMED,2011-06-20 09:00:00,23.8,83.3, , ,20
2011167N22089,2011,UNNAMED,2011-06-20 12:00:00,24.0,83.0, ,20,20
2011167N22089,2011,UNNAMED,2011-06-20 15:00:00,24.0,83.0, , ,20
2011167N22089,2011,UNNAMED,2011-06-20 18:00:00,24.0,83.0, ,20,20
2011167N22089,2011,UNNAMED,2011-06-20 21:00:00,24.3,82.8, , ,20
2011167N22089,2011,UNNAMED,2011-06-21 00:00:00,24.5,82.5, ,20,20
2011167N22089,2011,UNNAMED,2011-06-21 03:00:00,24.5,82.0, ,20,20
2011167N22089,2011,UNNAMED,2011-06-21 06:00:00,24.5,81.5, ,20,20
2011167N22089,2011,UNNAMED,2011-06-21 09:00:00,24.5,81.2, , ,20
2011167N22089,2011,UNNAMED,2011-06-21 12:00:00,24.5,81.0, ,20,20
2011167N22089,2011,UNNAMED,2011-06-21 15:00:00,24.5,81.0, , ,20
2011167N22089,2011,UNNAMED,2011-06-21 18:00:00,24.5,81.0, ,20,20
2011167N22089,2011,UNNAMED,2011-06-21 21:00:00,24.5,80.8, , ,20
2011167N22089,2011,UNNAMED,2011-06-22 00:00:00,24.5,80.5, ,20,20
2011167N22089,2011,UNNAMED,2011-06-22 03:00:00,24.5,80.0, ,20,20
2011167N22089,2011,UNNAMED,2011-06-22 06:00:00,24.5,80.0, ,20,20
2011167N22089,2011,UNNAMED,2011-06-22 09:00:00,24.5,79.6, , ,20
2011167N22089,2011,UNNAMED,2011-06-22 12:00:00,24.5,79.1, ,20,20
2011167N22089,2011,UNNAMED,2011-06-22 15:00:00,24.5,78.7, , ,20
2011167N22089,2011,UNNAMED,2011-06-22 18:00:00,24.5,78.5, ,20,20
2011203N24085,2011,UNNAMED,2011-07-22 03:00:00,23.5,84.5, ,20,20
2011203N24085,2011,UNNAMED,2011-07-22 06:00:00,24.0,84.0, ,20,20
2011203N24085,2011,UNNAMED,2011-07-22 09:00:00,24.0,84.0, ,20,20
2011203N24085,2011,UNNAMED,2011-07-22 12:00:00,24.0,83.0, ,20,20
2011203N24085,2011,UNNAMED,2011-07-22 15:00:00,24.0,82.2, , ,20
2011203N24085,2011,UNNAMED,2011-07-22 18:00:00,24.0,81.5, ,20,20
2011203N24085,2011,UNNAMED,2011-07-22 21:00:00,24.2,81.0, , ,20
2011203N24085,2011,UNNAMED,2011-07-23 00:00:00,24.5,80.5, ,20,20
2011265N21088,2011,UNNAMED,2011-09-22 03:00:00,21.5,87.5, ,4,4
2011265N21088,2011,UNNAMED,2011-09-22 06:00:00,21.6,87.3, ,4,4
2011265N21088,2011,UNNAMED,2011-09-22 09:00:00,21.7,87.2, , ,4
2011265N21088,2011,UNNAMED,2011-09-22 12:00:00,21.7,87.2, ,4,4
2011265N21088,2011,UNNAMED,2011-09-22 15:00:00,21.7,87.1, , ,4
2011265N21088,2011,UNNAMED,2011-09-22 18:00:00,21.8,87.0, ,4,4
2011265N21088,2011,UNNAMED,2011-09-22 21:00:00,22.2,86.7, , ,4
2011265N21088,2011,UNNAMED,2011-09-23 00:00:00,22.5,86.5, ,4,4
2011265N21088,2011,UNNAMED,2011-09-23 03:00:00,22.5,86.5, ,4,4
2011265N21088,2011,UNNAMED,2011-09-23 06:00:00,22.5,86.5, ,4,4
2011290N15090,2011,UNNAMED,2011-10-17 00:00:00,15.2,89.5,15, , 
2011290N15090,2011,UNNAMED,2011-10-17 03:00:00,15.3,89.4,15, , 
2011290N15090,2011,UNNAMED,2011-10-17 06:00:00,15.5,89.2,15, , 
2011290N15090,2011,UNNAMED,2011-10-17 09:00:00,15.7,89.0,15, , 
2011290N15090,2011,UNNAMED,2011-10-17 12:00:00,15.9,88.8,15, , 
2011290N15090,2011,UNNAMED,2011-10-17 15:00:00,16.2,88.7,15, , 
2011290N15090,2011,UNNAMED,2011-10-17 18:00:00,16.6,88.6,15, , 
2011290N15090,2011,UNNAMED,2011-10-17 21:00:00,17.0,88.6,15, , 
2011290N15090,2011,UNNAMED,2011-10-18 00:00:00,17.4,88.6,15, , 
2011290N15090,2011,UNNAMED,2011-10-18 03:00:00,17.8,88.4,18, , 
2011290N15090,2011,UNNAMED,2011-10-18 06:00:00,18.3,88.4,20, , 
2011290N15090,2011,UNNAMED,2011-10-18 09:00:00,18.8,88.7,23, , 
2011290N15090,2011,UNNAMED,2011-10-18 12:00:00,19.2,89.2,25, , 
2011290N15090,2011,UNNAMED,2011-10-18 15:00:00,19.5,89.7,28, , 
2011290N15090,2011,UNNAMED,2011-10-18 18:00:00,19.7,90.1,30, , 
2011290N15090,2011,UNNAMED,2011-10-18 21:00:00,20.0,90.5,33, , 
2011290N15090,2011,UNNAMED,2011-10-19 00:00:00,20.2,90.8,35,3,3
2011290N15090,2011,UNNAMED,2011-10-19 03:00:00,20.3,91.1,35,3,3
2011290N15090,2011,UNNAMED,2011-10-19 06:00:00,20.6,91.5,35,5,5
2011290N15090,2011,UNNAMED,2011-10-19 09:00:00,20.9,91.8,33, ,5
2011290N15090,2011,UNNAMED,2011-10-19 12:00:00,21.2,92.0,30,5,5
2011290N15090,2011,UNNAMED,2011-10-19 15:00:00,21.4,92.3,28, ,5
2011290N15090,2011,UNNAMED,2011-10-19 18:00:00,21.5,92.7,25,5,5
2011290N15090,2011,UNNAMED,2011-10-19 21:00:00,21.6,93.0, , ,4
2011290N15090,2011,UNNAMED,2011-10-20 00:00:00,21.5,93.5, ,3,3
2011302N13062,2011,KEILA,2011-10-29 06:00:00,13.0,62.0, ,25,25
2011302N13062,2011,KEILA,2011-10-29 09:00:00,13.0,61.4, , ,25
2011302N13062,2011,KEILA,2011-10-29 12:00:00,13.0,61.0, ,25,25
2011302N13062,2011,KEILA,2011-10-29 15:00:00,13.0,61.0, , ,25
2011302N13062,2011,KEILA,2011-10-29 18:00:00,13.0,61.0, ,25,25
2011302N13062,2011,KEILA,2011-10-29 21:00:00,13.0,60.8, , ,25
2011302N13062,2011,KEILA,2011-10-30 00:00:00,13.0,60.5, ,25,25
2011302N13062,2011,KEILA,2011-10-30 03:00:00,13.0,60.0, ,25,25
2011302N13062,2011,KEILA,2011-10-30 06:00:00,13.0,60.0, ,25,25
2011302N13062,2011,KEILA,2011-10-30 09:00:00,13.2,59.8, , ,25
2011302N13062,2011,KEILA,2011-10-30 12:00:00,13.5,59.5, ,25,25
2011302N13062,2011,KEILA,2011-10-30 15:00:00,13.8,59.2, , ,25
2011302N13062,2011,KEILA,2011-10-30 18:00:00,14.0,59.0, ,25,25
2011302N13062,2011,KEILA,2011-10-30 21:00:00,14.2,59.1, , ,25
2011302N13062,2011,KEILA,2011-10-31 00:00:00,14.5,59.0, ,25,25
2011302N13062,2011,KEILA,2011-10-31 03:00:00,15.0,58.5, ,25,25
2011302N13062,2011,KEILA,2011-10-31 06:00:00,16.0,57.0, ,25,25
2011302N13062,2011,KEILA,2011-10-31 09:00:00,16.2,57.0, , ,25
2011302N13062,2011,KEILA,2011-10-31 12:00:00,16.0,57.5, ,25,25
2011302N13062,2011,KEILA,2011-10-31 15:00:00,16.0,57.3, , ,25
2011302N13062,2011,KEILA,2011-10-31 18:00:00,16.0,57.0, ,25,25
2011302N13062,2011,KEILA,2011-10-31 21:00:00,16.0,56.8, , ,25
2011302N13062,2011,KEILA,2011-11-01 00:00:00,15.9,56.6,15,25,25
2011302N13062,2011,KEILA,2011-11-01 03:00:00,15.9,56.2,18,30,30
2011302N13062,2011,KEILA,2011-11-01 06:00:00,15.9,56.1,20,30,30
2011302N13062,2011,KEILA,2011-11-01 09:00:00,15.9,55.9,25, ,30
2011302N13062,2011,KEILA,2011-11-01 12:00:00,16.0,55.7,30,30,30
2011302N13062,2011,KEILA,2011-11-01 15:00:00,16.0,55.5,30, ,30
2011302N13062,2011,KEILA,2011-11-01 18:00:00,16.0,55.5,30,30,30
2011302N13062,2011,KEILA,2011-11-01 21:00:00,16.0,55.4,33, ,30
2011302N13062,2011,KEILA,2011-11-02 00:00:00,16.1,55.3,35,30,30
2011302N13062,2011,KEILA,2011-11-02 03:00:00,16.2,55.0,38,35,35
2011302N13062,2011,KEILA,2011-11-02 06:00:00,16.3,54.8,40,35,35
2011302N13062,2011,KEILA,2011-11-02 09:00:00,16.4,54.7,40,35,35
2011302N13062,2011,KEILA,2011-11-02 12:00:00,16.7,54.8,40,35,35
2011302N13062,2011,KEILA,2011-11-02 15:00:00,16.9,54.6,43,35,35
2011302N13062,2011,KEILA,2011-11-02 18:00:00,17.0,54.5,45,30,30
2011302N13062,2011,KEILA,2011-11-02 21:00:00,17.0,54.5,48, ,30
2011302N13062,2011,KEILA,2011-11-03 00:00:00,17.0,54.6,50,30,30
2011302N13062,2011,KEILA,2011-11-03 03:00:00,17.0,54.6,53,30,30
2011302N13062,2011,KEILA,2011-11-03 06:00:00,17.1,54.6,55,30,30
2011302N13062,2011,KEILA,2011-11-03 09:00:00,17.1,54.7,53, ,30
2011302N13062,2011,KEILA,2011-11-03 12:00:00,17.1,54.9,50,30,30
2011302N13062,2011,KEILA,2011-11-03 15:00:00,17.1,55.1,48, ,30
2011302N13062,2011,KEILA,2011-11-03 18:00:00,17.1,55.2,45,30,30
2011302N13062,2011,KEILA,2011-11-03 21:00:00,17.0,55.1,43, ,30
2011302N13062,2011,KEILA,2011-11-04 00:00:00,16.7,54.9,40,30,30
2011302N13062,2011,KEILA,2011-11-04 03:00:00,16.4,54.7,35,25,25
2011302N13062,2011,KEILA,2011-11-04 06:00:00,16.3,54.3,30, , 
2011302N13062,2011,KEILA,2011-11-04 09:00:00,16.1,54.1,30, , 
2011302N13062,2011,KEILA,2011-11-04 12:00:00,16.0,53.9,30, , 
2011302N13062,2011,KEILA,2011-11-04 15:00:00,15.9,53.7,30, , 
2011302N13062,2011,KEILA,2011-11-04 18:00:00,15.9,53.5,30, , 
2011302N13062,2011,KEILA,2011-11-04 21:00:00,15.9,53.2,28, , 
2011302N13062,2011,KEILA,2011-11-05 00:00:00,16.0,53.0,25, , 
2011302N13062,2011,KEILA,2011-11-05 03:00:00,16.3,52.8,25, , 
2011302N13062,2011,KEILA,2011-11-05 06:00:00,16.6,52.6,25, , 
2011310N11066,2011,UNNAMED,2011-11-06 06:00:00,10.5,65.5, ,25,25
2011310N11066,2011,UNNAMED,2011-11-06 09:00:00,10.4,65.6, , ,25
2011310N11066,2011,UNNAMED,2011-11-06 12:00:00,10.5,65.5, ,25,25
2011310N11066,2011,UNNAMED,2011-11-06 15:00:00,10.7,65.0, , ,25
2011310N11066,2011,UNNAMED,2011-11-06 18:00:00,11.0,64.5, ,25,25
2011310N11066,2011,UNNAMED,2011-11-06 21:00:00,11.3,64.3, , ,25
2011310N11066,2011,UNNAMED,2011-11-07 00:00:00,11.5,64.0, ,25,25
2011310N11066,2011,UNNAMED,2011-11-07 03:00:00,11.5,63.5, ,25,25
2011310N11066,2011,UNNAMED,2011-11-07 06:00:00,12.5,62.0, ,25,25
2011310N11066,2011,UNNAMED,2011-11-07 09:00:00,13.2,61.0, , ,25
2011310N11066,2011,UNNAMED,2011-11-07 12:00:00,13.4,60.5,20,25,25
2011310N11066,2011,UNNAMED,2011-11-07 15:00:00,13.4,60.3,23, ,25
2011310N11066,2011,UNNAMED,2011-11-07 18:00:00,13.4,60.2,25,25,25
2011310N11066,2011,UNNAMED,2011-11-07 21:00:00,13.5,60.0,28, ,25
2011310N11066,2011,UNNAMED,2011-11-08 00:00:00,13.6,59.8,30,25,25
2011310N11066,2011,UNNAMED,2011-11-08 03:00:00,13.6,59.7,30,30,30
2011310N11066,2011,UNNAMED,2011-11-08 06:00:00,13.8,59.3,30,30,30
2011310N11066,2011,UNNAMED,2011-11-08 09:00:00,13.9,59.1,33, ,30
2011310N11066,2011,UNNAMED,2011-11-08 12:00:00,14.2,59.0,35,30,30
2011310N11066,2011,UNNAMED,2011-11-08 15:00:00,14.4,58.8,35, ,30
2011310N11066,2011,UNNAMED,2011-11-08 18:00:00,14.7,58.7,35,30,30
2011310N11066,2011,UNNAMED,2011-11-08 21:00:00,14.9,58.6,35, ,30
2011310N11066,2011,UNNAMED,2011-11-09 00:00:00,15.1,58.6,35,30,30
2011310N11066,2011,UNNAMED,2011-11-09 03:00:00,15.2,58.5,33,30,30
2011310N11066,2011,UNNAMED,2011-11-09 06:00:00,15.3,58.5,30,30,30
2011310N11066,2011,UNNAMED,2011-11-09 09:00:00,15.4,58.5,30, ,28
2011310N11066,2011,UNNAMED,2011-11-09 12:00:00,15.7,58.5,30,25,25
2011310N11066,2011,UNNAMED,2011-11-09 15:00:00,15.7,58.5,28, ,25
2011310N11066,2011,UNNAMED,2011-11-09 18:00:00,15.8,58.6,25,25,25
2011310N11066,2011,UNNAMED,2011-11-09 21:00:00,16.0,58.5,25, ,25
2011310N11066,2011,UNNAMED,2011-11-10 00:00:00,16.2,58.5,25,25,25
2011310N11066,2011,UNNAMED,2011-11-10 03:00:00,16.2,58.4,25,25,25
2011310N11066,2011,UNNAMED,2011-11-10 06:00:00,15.9,58.3,25, , 
2011310N11066,2011,UNNAMED,2011-11-10 09:00:00,15.4,58.6,25, , 
2011310N11066,2011,UNNAMED,2011-11-10 12:00:00,14.9,58.8,25, , 
2011310N11066,2011,UNNAMED,2011-11-10 15:00:00,14.7,58.8,25, , 
2011310N11066,2011,UNNAMED,2011-11-10 18:00:00,14.5,58.6,25, , 
2011310N11066,2011,UNNAMED,2011-11-10 21:00:00,14.3,58.1,25, , 
2011310N11066,2011,UNNAMED,2011-11-11 00:00:00,14.1,57.5,25, , 
2011310N11066,2011,UNNAMED,2011-11-11 03:00:00,13.9,57.1,20, , 
2011310N11066,2011,UNNAMED,2011-11-11 06:00:00,13.7,56.8,15, , 
2011310N11066,2011,UNNAMED,2011-11-11 09:00:00,13.6,56.5,15, , 
2011310N11066,2011,UNNAMED,2011-11-11 12:00:00,13.5,56.3,15, , 
2011330N06078,2011,UNNAMED,2011-11-25 12:00:00,6.0,78.1,25, , 
2011330N06078,2011,UNNAMED,2011-11-25 15:00:00,6.4,77.6,28, , 
2011330N06078,2011,UNNAMED,2011-11-25 18:00:00,6.8,77.2,30, , 
2011330N06078,2011,UNNAMED,2011-11-25 21:00:00,7.2,76.8,30, , 
2011330N06078,2011,UNNAMED,2011-11-26 00:00:00,7.6,76.4,30, , 
2011330N06078,2011,UNNAMED,2011-11-26 03:00:00,7.9,76.1,30,25,25
2011330N06078,2011,UNNAMED,2011-11-26 06:00:00,8.2,75.6,30,25,25
2011330N06078,2011,UNNAMED,2011-11-26 09:00:00,8.5,75.2,30, ,25
2011330N06078,2011,UNNAMED,2011-11-26 12:00:00,8.7,74.9,30,25,25
2011330N06078,2011,UNNAMED,2011-11-26 15:00:00,8.8,74.7,30, ,25
2011330N06078,2011,UNNAMED,2011-11-26 18:00:00,9.1,74.5,30,25,25
2011330N06078,2011,UNNAMED,2011-11-26 21:00:00,9.4,74.1,30, ,25
2011330N06078,2011,UNNAMED,2011-11-27 00:00:00,10.0,73.6,30,25,25
2011330N06078,2011,UNNAMED,2011-11-27 03:00:00,10.7,72.9,30,25,25
2011330N06078,2011,UNNAMED,2011-11-27 06:00:00,11.2,72.4,30,25,25
2011330N06078,2011,UNNAMED,2011-11-27 09:00:00,11.6,71.9,30, ,25
2011330N06078,2011,UNNAMED,2011-11-27 12:00:00,12.1,71.5,30,25,25
2011330N06078,2011,UNNAMED,2011-11-27 15:00:00,12.4,71.1,30, ,25
2011330N06078,2011,UNNAMED,2011-11-27 18:00:00,12.8,70.7,30,25,25
2011330N06078,2011,UNNAMED,2011-11-27 21:00:00,13.2,70.2,30, ,28
2011330N06078,2011,UNNAMED,2011-11-28 00:00:00,13.7,69.8,30,30,30
2011330N06078,2011,UNNAMED,2011-11-28 03:00:00,14.1,69.3,33,30,30
2011330N06078,2011,UNNAMED,2011-11-28 06:00:00,14.6,68.9,35,30,30
2011330N06078,2011,UNNAMED,2011-11-28 09:00:00,14.8,68.4,35, ,30
2011330N06078,2011,UNNAMED,2011-11-28 12:00:00,15.1,68.1,35,30,30
2011330N06078,2011,UNNAMED,2011-11-28 15:00:00,15.3,67.8,35, ,30
2011330N06078,2011,UNNAMED,2011-11-28 18:00:00,15.5,67.6,35,30,30
2011330N06078,2011,UNNAMED,2011-11-28 21:00:00,15.5,67.3,33, ,30
2011330N06078,2011,UNNAMED,2011-11-29 00:00:00,15.6,67.1,30,30,30
2011330N06078,2011,UNNAMED,2011-11-29 03:00:00,15.6,66.8,30,30,30
2011330N06078,2011,UNNAMED,2011-11-29 06:00:00,15.9,66.6,30,30,30
2011330N06078,2011,UNNAMED,2011-11-29 09:00:00,16.1,66.4,30, ,28
2011330N06078,2011,UNNAMED,2011-11-29 12:00:00,16.3,66.3,30,25,25
2011330N06078,2011,UNNAMED,2011-11-29 15:00:00,16.5,65.9,28, ,25
2011330N06078,2011,UNNAMED,2011-11-29 18:00:00,16.7,65.4,25,25,25
2011330N06078,2011,UNNAMED,2011-11-29 21:00:00,16.9,64.9,25, ,25
2011330N06078,2011,UNNAMED,2011-11-30 00:00:00,17.1,64.5,25,25,25
2011330N06078,2011,UNNAMED,2011-11-30 03:00:00,17.2,64.3,25,25,25
2011330N06078,2011,UNNAMED,2011-11-30 06:00:00,17.7,63.7,25,25,25
2011330N06078,2011,UNNAMED,2011-11-30 09:00:00,18.1,63.5,25, ,25
2011330N06078,2011,UNNAMED,2011-11-30 12:00:00,18.4,63.4,25,25,25
2011330N06078,2011,UNNAMED,2011-11-30 15:00:00,18.7,63.0,25, ,25
2011330N06078,2011,UNNAMED,2011-11-30 18:00:00,19.0,62.7,25,25,25
2011330N06078,2011,UNNAMED,2011-11-30 21:00:00,19.2,62.6,25, ,25
2011330N06078,2011,UNNAMED,2011-12-01 00:00:00,19.3,62.6,25,25,25
2011330N06078,2011,UNNAMED,2011-12-01 03:00:00,19.4,62.5,23,25,25
2011330N06078,2011,UNNAMED,2011-12-01 06:00:00,19.5,62.4,20, , 
2011360N09088,2011,THANE,2011-12-25 12:00:00,8.9,88.4,30,25,25
2011360N09088,2011,THANE,2011-12-25 15:00:00,9.1,88.3,30, ,25
2011360N09088,2011,THANE,2011-12-25 18:00:00,9.3,88.3,30,25,25
2011360N09088,2011,THANE,2011-12-25 21:00:00,9.6,88.1,30, ,28
2011360N09088,2011,THANE,2011-12-26 00:00:00,9.8,88.0,30,30,30
2011360N09088,2011,THANE,2011-12-26 03:00:00,9.9,88.0,35,30,30
2011360N09088,2011,THANE,2011-12-26 06:00:00,10.3,88.0,40,30,30
2011360N09088,2011,THANE,2011-12-26 09:00:00,10.6,87.9,45, ,30
2011360N09088,2011,THANE,2011-12-26 12:00:00,10.8,87.9,50,30,30
2011360N09088,2011,THANE,2011-12-26 15:00:00,11.1,87.8,50, ,33
2011360N09088,2011,THANE,2011-12-26 18:00:00,11.3,87.7,50,35,35
2011360N09088,2011,THANE,2011-12-26 21:00:00,11.4,87.6,50,35,35
2011360N09088,2011,THANE,2011-12-27 00:00:00,11.7,87.5,50,40,40
2011360N09088,2011,THANE,2011-12-27 03:00:00,12.0,87.2,50,40,40
2011360N09088,2011,THANE,2011-12-27 06:00:00,12.1,87.1,50,40,40
2011360N09088,2011,THANE,2011-12-27 09:00:00,12.2,86.8,53,40,40
2011360N09088,2011,THANE,2011-12-27 12:00:00,12.4,86.6,55,40,40
2011360N09088,2011,THANE,2011-12-27 15:00:00,12.4,86.4,58,45,45
2011360N09088,2011,THANE,2011-12-27 18:00:00,12.3,86.0,60,45,45
2011360N09088,2011,THANE,2011-12-27 21:00:00,12.2,85.8,63,45,45
2011360N09088,2011,THANE,2011-12-28 00:00:00,12.2,85.4,65,45,45
2011360N09088,2011,THANE,2011-12-28 03:00:00,12.2,85.2,68,45,45
2011360N09088,2011,THANE,2011-12-28 06:00:00,12.3,84.9,70,45,45
2011360N09088,2011,THANE,2011-12-28 09:00:00,12.3,84.7,73,55,55
2011360N09088,2011,THANE,2011-12-28 12:00:00,12.4,84.4,75,65,65
2011360N09088,2011,THANE,2011-12-28 15:00:00,12.3,83.9,75,65,65
2011360N09088,2011,THANE,2011-12-28 18:00:00,12.3,83.8,75,65,65
2011360N09088,2011,THANE,2011-12-28 21:00:00,12.2,83.3,80,65,65
2011360N09088,2011,THANE,2011-12-29 00:00:00,12.1,82.9,85,70,70
2011360N09088,2011,THANE,2011-12-29 03:00:00,11.9,82.5,88,75,75
2011360N09088,2011,THANE,2011-12-29 06:00:00,12.0,82.1,90,75,75
2011360N09088,2011,THANE,2011-12-29 09:00:00,12.0,81.7,85,75,75
2011360N09088,2011,THANE,2011-12-29 12:00:00,12.0,81.3,80,75,75
2011360N09088,2011,THANE,2011-12-29 15:00:00,11.9,81.0,78,75,75
2011360N09088,2011,THANE,2011-12-29 18:00:00,11.8,80.6,75,75,75
2011360N09088,2011,THANE,2011-12-29 21:00:00,11.8,80.3,70,75,75
2011360N09088,2011,THANE,2011-12-30 00:00:00,11.7,79.9,65,75,75
2011360N09088,2011,THANE,2011-12-30 03:00:00,11.6,79.5,58,55,55
2011360N09088,2011,THANE,2011-12-30 06:00:00,11.6,79.1,50,30,30
2011360N09088,2011,THANE,2011-12-30 09:00:00,11.8,78.6,45, ,28
2011360N09088,2011,THANE,2011-12-30 12:00:00,12.2,78.2,40,25,25
2012285N21091,2012,UNNAMED,2012-10-10 12:00:00,21.0,91.0, ,25,25
2012285N21091,2012,UNNAMED,2012-10-10 15:00:00,21.5,91.0, ,25,25
2012285N21091,2012,UNNAMED,2012-10-10 18:00:00,22.0,91.0, ,30,30
2012285N21091,2012,UNNAMED,2012-10-10 21:00:00,22.3,91.1, , ,30
2012285N21091,2012,UNNAMED,2012-10-11 00:00:00,22.5,91.3, ,30,30
2012285N21091,2012,UNNAMED,2012-10-11 03:00:00,23.0,91.5, ,20,20
2012297N11067,2012,MURJAN,2012-10-22 15:00:00,11.0,66.5, ,25,25
2012297N11067,2012,MURJAN,2012-10-22 18:00:00,11.1,66.0,15, ,25
2012297N11067,2012,MURJAN,2012-10-22 21:00:00,11.2,65.6,18,25,25
2012297N11067,2012,MURJAN,2012-10-23 00:00:00,11.3,65.1,20, ,25
2012297N11067,2012,MURJAN,2012-10-23 03:00:00,11.4,64.4,20, ,25
2012297N11067,2012,MURJAN,2012-10-23 06:00:00,11.5,63.8,20,25,25
2012297N11067,2012,MURJAN,2012-10-23 09:00:00,11.5,63.2,23,30,30
2012297N11067,2012,MURJAN,2012-10-23 12:00:00,11.4,62.4,25, ,30
2012297N11067,2012,MURJAN,2012-10-23 15:00:00,11.2,61.4,28, ,30
2012297N11067,2012,MURJAN,2012-10-23 18:00:00,11.0,60.4,30, ,30
2012297N11067,2012,MURJAN,2012-10-23 21:00:00,10.9,59.4,30,30,30
2012297N11067,2012,MURJAN,2012-10-24 00:00:00,10.7,58.6,30, ,32
2012297N11067,2012,MURJAN,2012-10-24 03:00:00,10.6,57.8,30, ,33
2012297N11067,2012,MURJAN,2012-10-24 06:00:00,10.5,57.1,30,35,35
2012297N11067,2012,MURJAN,2012-10-24 09:00:00,10.5,56.5,33, ,38
2012297N11067,2012,MURJAN,2012-10-24 12:00:00,10.5,55.9,35,40,40
2012297N11067,2012,MURJAN,2012-10-24 15:00:00,10.5,55.2,35, ,38
2012297N11067,2012,MURJAN,2012-10-24 18:00:00,10.5,54.5,35,35,35
2012297N11067,2012,MURJAN,2012-10-24 21:00:00,10.4,53.9,35,35,35
2012297N11067,2012,MURJAN,2012-10-25 00:00:00,10.1,53.4,35,35,35
2012297N11067,2012,MURJAN,2012-10-25 03:00:00,9.9,52.7,35, ,35
2012297N11067,2012,MURJAN,2012-10-25 06:00:00,9.7,52.0,35,35,35
2012297N11067,2012,MURJAN,2012-10-25 09:00:00,9.6,51.4,35, ,33
2012297N11067,2012,MURJAN,2012-10-25 12:00:00,9.6,50.9,35,30,30
2012297N11067,2012,MURJAN,2012-10-25 15:00:00,9.5,50.5,33, ,28
2012297N11067,2012,MURJAN,2012-10-25 18:00:00,9.5,49.9,30,25,25
2012297N11067,2012,MURJAN,2012-10-25 21:00:00,9.4,48.8,28,25,25
2012297N11067,2012,MURJAN,2012-10-26 00:00:00,9.2,47.7,25, , 
2012301N11087,2012,NILAM,2012-10-27 06:00:00,11.1,87.1,15, , 
2012301N11087,2012,NILAM,2012-10-27 09:00:00,10.9,87.0,18, , 
2012301N11087,2012,NILAM,2012-10-27 12:00:00,10.7,86.8,20, , 
2012301N11087,2012,NILAM,2012-10-27 15:00:00,10.4,86.6,20, , 
2012301N11087,2012,NILAM,2012-10-27 18:00:00,10.2,86.4,20, , 
2012301N11087,2012,NILAM,2012-10-27 21:00:00,10.1,86.2,23, , 
2012301N11087,2012,NILAM,2012-10-28 00:00:00,10.0,85.9,25, , 
2012301N11087,2012,NILAM,2012-10-28 03:00:00,9.9,85.7,25, , 
2012301N11087,2012,NILAM,2012-10-28 06:00:00,9.7,85.5,25,25,25
2012301N11087,2012,NILAM,2012-10-28 09:00:00,9.6,85.3,25, ,25
2012301N11087,2012,NILAM,2012-10-28 12:00:00,9.6,84.9,25,25,25
2012301N11087,2012,NILAM,2012-10-28 15:00:00,9.5,84.6,28, ,25
2012301N11087,2012,NILAM,2012-10-28 18:00:00,9.5,84.4,30,25,25
2012301N11087,2012,NILAM,2012-10-28 21:00:00,9.6,84.0,30, ,28
2012301N11087,2012,NILAM,2012-10-29 00:00:00,9.6,83.7,30,30,30
2012301N11087,2012,NILAM,2012-10-29 03:00:00,9.5,83.3,30,30,30
2012301N11087,2012,NILAM,2012-10-29 06:00:00,9.1,82.9,30,30,30
2012301N11087,2012,NILAM,2012-10-29 09:00:00,8.9,82.6,33, ,30
2012301N11087,2012,NILAM,2012-10-29 12:00:00,8.8,82.5,35,30,30
2012301N11087,2012,NILAM,2012-10-29 15:00:00,8.7,82.4,38, ,30
2012301N11087,2012,NILAM,2012-10-29 18:00:00,8.7,82.5,40,30,30
2012301N11087,2012,NILAM,2012-10-29 21:00:00,8.7,82.6,40, ,30
2012301N11087,2012,NILAM,2012-10-30 00:00:00,8.8,82.8,40,30,30
2012301N11087,2012,NILAM,2012-10-30 03:00:00,8.9,82.7,43,35,35
2012301N11087,2012,NILAM,2012-10-30 06:00:00,9.1,82.7,45,35,35
2012301N11087,2012,NILAM,2012-10-30 09:00:00,9.5,82.6,45,35,35
2012301N11087,2012,NILAM,2012-10-30 12:00:00,9.7,82.6,45,40,40
2012301N11087,2012,NILAM,2012-10-30 15:00:00,9.9,82.6,48,40,40
2012301N11087,2012,NILAM,2012-10-30 18:00:00,10.4,82.5,50,40,40
2012301N11087,2012,NILAM,2012-10-30 21:00:00,10.5,82.3,50,40,40
2012301N11087,2012,NILAM,2012-10-31 00:00:00,10.9,81.8,50,45,45
2012301N11087,2012,NILAM,2012-10-31 03:00:00,11.3,81.3,50,45,45
2012301N11087,2012,NILAM,2012-10-31 06:00:00,11.7,81.0,50,45,45
2012301N11087,2012,NILAM,2012-10-31 09:00:00,12.3,80.5,50,45,45
2012301N11087,2012,NILAM,2012-10-31 12:00:00,12.7,79.8,50,35,35
2012301N11087,2012,NILAM,2012-10-31 15:00:00,13.0,79.2,48,35,35
2012301N11087,2012,NILAM,2012-10-31 18:00:00,13.2,78.3,45,30,30
2012301N11087,2012,NILAM,2012-10-31 21:00:00,13.3,77.7,40, ,25
2012301N11087,2012,NILAM,2012-11-01 00:00:00,13.3,77.3,35,20,20
2012301N11087,2012,NILAM,2012-11-01 03:00:00,13.5,77.0, ,20,20
2012301N11087,2012,NILAM,2012-11-01 06:00:00,13.5,77.0, ,20,20
2012301N11087,2012,NILAM,2012-11-01 09:00:00,13.7,77.0, , ,20
2012301N11087,2012,NILAM,2012-11-01 12:00:00,14.0,77.0, ,20,20
2012301N11087,2012,NILAM,2012-11-01 15:00:00,14.3,77.0, , ,20
2012301N11087,2012,NILAM,2012-11-01 18:00:00,14.5,77.0, ,20,20
2012321N14090,2012,UNNAMED,2012-11-16 00:00:00,14.2,90.2,20, , 
2012321N14090,2012,UNNAMED,2012-11-16 03:00:00,14.4,90.1,20, , 
2012321N14090,2012,UNNAMED,2012-11-16 06:00:00,14.6,89.9,20, , 
2012321N14090,2012,UNNAMED,2012-11-16 09:00:00,14.8,89.7,20, , 
2012321N14090,2012,UNNAMED,2012-11-16 12:00:00,14.9,89.6,20, , 
2012321N14090,2012,UNNAMED,2012-11-16 15:00:00,15.0,89.4,20, , 
2012321N14090,2012,UNNAMED,2012-11-16 18:00:00,15.1,89.3,20, , 
2012321N14090,2012,UNNAMED,2012-11-16 21:00:00,15.2,89.2,23, , 
2012321N14090,2012,UNNAMED,2012-11-17 00:00:00,15.4,89.1,25, , 
2012321N14090,2012,UNNAMED,2012-11-17 03:00:00,15.6,89.1,28, , 
2012321N14090,2012,UNNAMED,2012-11-17 06:00:00,15.7,89.3,30,25,25
2012321N14090,2012,UNNAMED,2012-11-17 09:00:00,15.8,89.2,30,30,30
2012321N14090,2012,UNNAMED,2012-11-17 12:00:00,16.1,89.0,30,30,30
2012321N14090,2012,UNNAMED,2012-11-17 15:00:00,16.2,88.9,33, ,30
2012321N14090,2012,UNNAMED,2012-11-17 18:00:00,16.2,88.9,35,30,30
2012321N14090,2012,UNNAMED,2012-11-17 21:00:00,16.1,88.6,35, ,30
2012321N14090,2012,UNNAMED,2012-11-18 00:00:00,16.1,88.5,35,30,30
2012321N14090,2012,UNNAMED,2012-11-18 03:00:00,16.0,88.4,35,30,30
2012321N14090,2012,UNNAMED,2012-11-18 06:00:00,16.0,88.0,35,30,30
2012321N14090,2012,UNNAMED,2012-11-18 09:00:00,15.9,87.7,35, ,30
2012321N14090,2012,UNNAMED,2012-11-18 12:00:00,15.9,87.6,35,30,30
2012321N14090,2012,UNNAMED,2012-11-18 15:00:00,15.8,87.5,35, ,30
2012321N14090,2012,UNNAMED,2012-11-18 18:00:00,15.7,87.4,35,30,30
2012321N14090,2012,UNNAMED,2012-11-18 21:00:00,15.6,87.2,33, ,28
2012321N14090,2012,UNNAMED,2012-11-19 00:00:00,15.4,86.9,30,25,25
2012321N14090,2012,UNNAMED,2012-11-19 03:00:00,15.1,86.6,30,25,25
2012321N14090,2012,UNNAMED,2012-11-19 06:00:00,15.1,86.4,30,25,25
2012321N14090,2012,UNNAMED,2012-11-19 09:00:00,15.1,86.3,28, ,23
2012321N14090,2012,UNNAMED,2012-11-19 12:00:00,15.1,86.0,25,20,20
2012321N14090,2012,UNNAMED,2012-11-19 15:00:00,15.1,85.8,25, , 
2012321N14090,2012,UNNAMED,2012-11-19 18:00:00,15.1,85.5,25, , 
2012321N14090,2012,UNNAMED,2012-11-19 21:00:00,15.1,85.3,25, , 
2012321N14090,2012,UNNAMED,2012-11-20 00:00:00,15.2,85.0,25, , 
2012321N14090,2012,UNNAMED,2012-11-20 03:00:00,15.2,84.8,25, , 
2012321N14090,2012,UNNAMED,2012-11-20 06:00:00,15.2,84.5,25, , 
2012321N14090,2012,UNNAMED,2012-11-20 09:00:00,15.0,84.2,25, , 
2012321N14090,2012,UNNAMED,2012-11-20 12:00:00,14.8,84.0,25, , 
2012321N14090,2012,UNNAMED,2012-11-20 15:00:00,14.7,83.8,25, , 
2012321N14090,2012,UNNAMED,2012-11-20 18:00:00,14.5,83.6,25, , 
2012321N14090,2012,UNNAMED,2012-11-20 21:00:00,14.3,83.5,25, , 
2012321N14090,2012,UNNAMED,2012-11-21 00:00:00,14.0,83.3,25, , 
2012321N14090,2012,UNNAMED,2012-11-21 03:00:00,13.7,83.1,25, , 
2012321N14090,2012,UNNAMED,2012-11-21 06:00:00,13.5,82.9,25, , 
2012321N14090,2012,UNNAMED,2012-11-21 09:00:00,13.3,82.7,25, , 
2012321N14090,2012,UNNAMED,2012-11-21 12:00:00,13.1,82.5,25, , 
2012321N14090,2012,UNNAMED,2012-11-21 15:00:00,13.1,82.3,25, , 
2012321N14090,2012,UNNAMED,2012-11-21 18:00:00,13.1,82.1,25, , 
2012321N14090,2012,UNNAMED,2012-11-21 21:00:00,13.0,81.8,25, , 
2012321N14090,2012,UNNAMED,2012-11-22 00:00:00,12.9,81.6,25, , 
2012321N14090,2012,UNNAMED,2012-11-22 03:00:00,12.9,81.4,25, , 
2012321N14090,2012,UNNAMED,2012-11-22 06:00:00,12.9,81.2,25, , 
2012321N14090,2012,UNNAMED,2012-11-22 09:00:00,12.9,81.0,25, , 
2012321N14090,2012,UNNAMED,2012-11-22 12:00:00,12.9,80.7,25, , 
2012321N14090,2012,UNNAMED,2012-11-22 15:00:00,12.9,80.5,25, , 
2012321N14090,2012,UNNAMED,2012-11-22 18:00:00,12.8,80.2,25, , 
2012321N14090,2012,UNNAMED,2012-11-22 21:00:00,12.8,79.9,25, , 
2012321N14090,2012,UNNAMED,2012-11-23 00:00:00,12.7,79.5,25, , 
2012321N14090,2012,UNNAMED,2012-11-23 03:00:00,12.7,79.2,23, , 
2012321N14090,2012,UNNAMED,2012-11-23 06:00:00,12.6,78.9,20, , 
2012357N09064,2012,UNNAMED,2012-12-22 06:00:00,9.1,63.8,25,25,25
2012357N09064,2012,UNNAMED,2012-12-22 09:00:00,9.0,63.1,25,25,25
2012357N09064,2012,UNNAMED,2012-12-22 12:00:00,8.9,62.6,25,25,25
2012357N09064,2012,UNNAMED,2012-12-22 15:00:00,8.8,62.0,28, ,26
2012357N09064,2012,UNNAMED,2012-12-22 18:00:00,8.7,61.4,30, ,28
2012357N09064,2012,UNNAMED,2012-12-22 21:00:00,8.7,60.8,33, ,29
2012357N09064,2012,UNNAMED,2012-12-23 00:00:00,8.7,60.2,35,30,30
2012357N09064,2012,UNNAMED,2012-12-23 03:00:00,8.7,59.5,35,30,30
2012357N09064,2012,UNNAMED,2012-12-23 06:00:00,8.6,58.8,35, ,30
2012357N09064,2012,UNNAMED,2012-12-23 09:00:00,8.6,57.9,35, ,30
2012357N09064,2012,UNNAMED,2012-12-23 12:00:00,8.5,57.1,35,30,30
2012357N09064,2012,UNNAMED,2012-12-23 15:00:00,8.4,56.4,35, , 
2012357N09064,2012,UNNAMED,2012-12-23 18:00:00,8.4,55.8,35, , 
2012357N09064,2012,UNNAMED,2012-12-23 21:00:00,8.3,55.1,35, , 
2012357N09064,2012,UNNAMED,2012-12-24 00:00:00,8.2,54.5,35, , 
2012357N09064,2012,UNNAMED,2012-12-24 03:00:00,8.0,53.9,35,30,30
2012357N09064,2012,UNNAMED,2012-12-24 06:00:00,7.7,53.2,35, ,28
2012357N09064,2012,UNNAMED,2012-12-24 09:00:00,7.4,52.6,33, ,27
2012357N09064,2012,UNNAMED,2012-12-24 12:00:00,7.2,51.9,30,25,25
2012357N09064,2012,UNNAMED,2012-12-24 15:00:00,6.9,51.3,28, , 
2012357N09064,2012,UNNAMED,2012-12-24 18:00:00,6.7,50.7,25, , 
2012357N09064,2012,UNNAMED,2012-12-24 21:00:00,6.5,50.1,23, , 
2012357N09064,2012,UNNAMED,2012-12-25 00:00:00,6.2,49.6,20, , 
2013130N04093,2013,MAHASEN:VIYARU,2013-05-09 18:00:00,4.4,93.0,20, , 
2013130N04093,2013,MAHASEN:VIYARU,2013-05-09 21:00:00,4.4,93.3,23, , 
2013130N04093,2013,MAHASEN:VIYARU,2013-05-10 00:00:00,4.5,93.5,25, , 
2013130N04093,2013,MAHASEN:VIYARU,2013-05-10 03:00:00,4.7,93.3,30, , 
2013130N04093,2013,MAHASEN:VIYARU,2013-05-10 06:00:00,4.9,93.0,35, , 
2013130N04093,2013,MAHASEN:VIYARU,2013-05-10 09:00:00,5.1,92.6,35,25,25
2013130N04093,2013,MAHASEN:VIYARU,2013-05-10 12:00:00,5.4,92.3,35,30,30
2013130N04093,2013,MAHASEN:VIYARU,2013-05-10 15:00:00,5.8,92.0,35, ,30
2013130N04093,2013,MAHASEN:VIYARU,2013-05-10 18:00:00,6.1,91.7,35,30,30
2013130N04093,2013,MAHASEN:VIYARU,2013-05-10 21:00:00,6.4,91.3,38, ,30
2013130N04093,2013,MAHASEN:VIYARU,2013-05-11 00:00:00,6.8,91.0,40,30,30
2013130N04093,2013,MAHASEN:VIYARU,2013-05-11 03:00:00,7.3,90.4,43,35,35
2013130N04093,2013,MAHASEN:VIYARU,2013-05-11 06:00:00,7.8,90.2,45,35,35
2013130N04093,2013,MAHASEN:VIYARU,2013-05-11 09:00:00,7.9,89.7,45,35,35
2013130N04093,2013,MAHASEN:VIYARU,2013-05-11 12:00:00,8.3,89.2,45,40,40
2013130N04093,2013,MAHASEN:VIYARU,2013-05-11 15:00:00,8.7,88.8,45,40,40
2013130N04093,2013,MAHASEN:VIYARU,2013-05-11 18:00:00,9.1,88.7,45,40,40
2013130N04093,2013,MAHASEN:VIYARU,2013-05-11 21:00:00,9.4,88.3,45,40,40
2013130N04093,2013,MAHASEN:VIYARU,2013-05-12 00:00:00,9.8,87.9,45,40,40
2013130N04093,2013,MAHASEN:VIYARU,2013-05-12 03:00:00,9.8,87.5,45,40,40
2013130N04093,2013,MAHASEN:VIYARU,2013-05-12 06:00:00,10.0,87.5,45,40,40
2013130N04093,2013,MAHASEN:VIYARU,2013-05-12 09:00:00,10.3,87.1,45,40,40
2013130N04093,2013,MAHASEN:VIYARU,2013-05-12 12:00:00,10.4,87.0,45,40,40
2013130N04093,2013,MAHASEN:VIYARU,2013-05-12 15:00:00,10.5,86.7,45,40,40
2013130N04093,2013,MAHASEN:VIYARU,2013-05-12 18:00:00,10.9,86.6,45,40,40
2013130N04093,2013,MAHASEN:VIYARU,2013-05-12 21:00:00,11.0,86.5,45,40,40
2013130N04093,2013,MAHASEN:VIYARU,2013-05-13 00:00:00,11.5,86.5,45,40,40
2013130N04093,2013,MAHASEN:VIYARU,2013-05-13 03:00:00,11.8,86.4,45,40,40
2013130N04093,2013,MAHASEN:VIYARU,2013-05-13 06:00:00,12.0,86.4,45,40,40
2013130N04093,2013,MAHASEN:VIYARU,2013-05-13 09:00:00,12.0,85.9,45,40,40
2013130N04093,2013,MAHASEN:VIYARU,2013-05-13 12:00:00,12.2,85.8,45,40,40
2013130N04093,2013,MAHASEN:VIYARU,2013-05-13 15:00:00,12.6,85.7,45,40,40
2013130N04093,2013,MAHASEN:VIYARU,2013-05-13 18:00:00,12.8,85.5,45,40,40
2013130N04093,2013,MAHASEN:VIYARU,2013-05-13 21:00:00,13.2,85.4,45,40,40
2013130N04093,2013,MAHASEN:VIYARU,2013-05-14 00:00:00,13.6,85.5,45,40,40
2013130N04093,2013,MAHASEN:VIYARU,2013-05-14 03:00:00,13.7,85.5,45,40,40
2013130N04093,2013,MAHASEN:VIYARU,2013-05-14 06:00:00,14.1,85.7,45,40,40
2013130N04093,2013,MAHASEN:VIYARU,2013-05-14 09:00:00,14.2,85.7,45,40,40
2013130N04093,2013,MAHASEN:VIYARU,2013-05-14 12:00:00,14.6,86.1,45,40,40
2013130N04093,2013,MAHASEN:VIYARU,2013-05-14 15:00:00,14.8,86.2,45,40,40
2013130N04093,2013,MAHASEN:VIYARU,2013-05-14 18:00:00,15.3,86.6,45,40,40
2013130N04093,2013,MAHASEN:VIYARU,2013-05-14 21:00:00,15.8,86.7,45,40,40
2013130N04093,2013,MAHASEN:VIYARU,2013-05-15 00:00:00,16.3,87.1,45,40,40
2013130N04093,2013,MAHASEN:VIYARU,2013-05-15 03:00:00,16.7,87.2,45,40,40
2013130N04093,2013,MAHASEN:VIYARU,2013-05-15 06:00:00,17.3,87.6,45,45,45
2013130N04093,2013,MAHASEN:VIYARU,2013-05-15 09:00:00,17.7,87.7,45,45,45
2013130N04093,2013,MAHASEN:VIYARU,2013-05-15 12:00:00,18.3,88.2,45,45,45
2013130N04093,2013,MAHASEN:VIYARU,2013-05-15 15:00:00,18.8,88.6,45,45,45
2013130N04093,2013,MAHASEN:VIYARU,2013-05-15 18:00:00,19.3,88.8,45,45,45
2013130N04093,2013,MAHASEN:VIYARU,2013-05-15 21:00:00,19.8,89.2,45,45,45
2013130N04093,2013,MAHASEN:VIYARU,2013-05-16 00:00:00,20.4,89.7,45,45,45
2013130N04093,2013,MAHASEN:VIYARU,2013-05-16 03:00:00,21.2,90.2,43,45,45
2013130N04093,2013,MAHASEN:VIYARU,2013-05-16 06:00:00,22.5,91.0,40,45,45
2013130N04093,2013,MAHASEN:VIYARU,2013-05-16 09:00:00,23.4,91.9,38,40,40
2013130N04093,2013,MAHASEN:VIYARU,2013-05-16 12:00:00,24.1,92.5,35,30,30
2013130N04093,2013,MAHASEN:VIYARU,2013-05-16 15:00:00,24.5,93.0, , ,28
2013130N04093,2013,MAHASEN:VIYARU,2013-05-16 18:00:00,25.0,93.5, ,25,25
2013149N21090,2013,UNNAMED,2013-05-29 03:00:00,21.0,89.5, ,25,25
2013149N21090,2013,UNNAMED,2013-05-29 06:00:00,21.3,89.3, ,25,25
2013149N21090,2013,UNNAMED,2013-05-29 09:00:00,21.5,89.0, ,25,25
2013149N21090,2013,UNNAMED,2013-05-29 12:00:00,21.7,88.8, ,25,25
2013149N21090,2013,UNNAMED,2013-05-29 15:00:00,22.0,88.7, ,20,20
2013149N21090,2013,UNNAMED,2013-05-29 18:00:00,22.1,88.4, ,20,20
2013149N21090,2013,UNNAMED,2013-05-29 21:00:00,22.1,88.1, , ,20
2013149N21090,2013,UNNAMED,2013-05-30 00:00:00,22.2,87.8, ,20,20
2013149N21090,2013,UNNAMED,2013-05-30 03:00:00,22.3,87.5, ,20,20
2013149N21090,2013,UNNAMED,2013-05-30 06:00:00,22.3,87.5, ,20,20
2013149N21090,2013,UNNAMED,2013-05-30 09:00:00,22.5,87.4, , ,20
2013149N21090,2013,UNNAMED,2013-05-30 12:00:00,22.7,87.3, ,20,20
2013149N21090,2013,UNNAMED,2013-05-30 15:00:00,22.7,87.2, , ,20
2013149N21090,2013,UNNAMED,2013-05-30 18:00:00,22.8,87.2, , ,20
2013149N21090,2013,UNNAMED,2013-05-30 21:00:00,23.1,87.2, , ,20
2013149N21090,2013,UNNAMED,2013-05-31 00:00:00,23.5,87.1, ,20,20
2013149N21090,2013,UNNAMED,2013-05-31 03:00:00,24.0,87.0, ,20,20
2013149N21090,2013,UNNAMED,2013-05-31 06:00:00,24.5,87.0, ,20,20
2013149N21090,2013,UNNAMED,2013-05-31 09:00:00,25.0,87.0, ,20,20
2013211N21088,2013,UNNAMED,2013-07-30 03:00:00,21.0,88.0, ,25,25
2013211N21088,2013,UNNAMED,2013-07-30 06:00:00,21.5,87.5, ,25,25
2013211N21088,2013,UNNAMED,2013-07-30 09:00:00,21.7,87.3, , ,25
2013211N21088,2013,UNNAMED,2013-07-30 12:00:00,21.7,87.0, ,25,25
2013211N21088,2013,UNNAMED,2013-07-30 15:00:00,21.7,86.3, , ,23
2013211N21088,2013,UNNAMED,2013-07-30 18:00:00,21.7,85.5, ,20,20
2013211N21088,2013,UNNAMED,2013-07-30 21:00:00,21.8,84.8, , ,20
2013211N21088,2013,UNNAMED,2013-07-31 00:00:00,21.8,84.0, ,20,20
2013211N21088,2013,UNNAMED,2013-07-31 03:00:00,21.8,83.0, ,20,20
2013211N21088,2013,UNNAMED,2013-07-31 06:00:00,21.8,82.5, ,20,20
2013211N21088,2013,UNNAMED,2013-07-31 09:00:00,21.9,81.5, , ,20
2013211N21088,2013,UNNAMED,2013-07-31 12:00:00,22.0,80.5, ,20,20
2013211N21088,2013,UNNAMED,2013-07-31 15:00:00,22.1,79.9, , ,20
2013211N21088,2013,UNNAMED,2013-07-31 18:00:00,22.2,79.7, , ,20
2013211N21088,2013,UNNAMED,2013-07-31 21:00:00,22.4,79.8, , ,20
2013211N21088,2013,UNNAMED,2013-08-01 00:00:00,22.5,80.0, ,20,20
2013232N22088,2013,UNNAMED,2013-08-20 00:00:00,22.0,87.5, ,25,25
2013232N22088,2013,UNNAMED,2013-08-20 03:00:00,22.0,87.5, ,25,25
2013232N22088,2013,UNNAMED,2013-08-20 06:00:00,22.0,87.5, ,25,25
2013232N22088,2013,UNNAMED,2013-08-20 09:00:00,22.1,87.5, , ,25
2013232N22088,2013,UNNAMED,2013-08-20 12:00:00,22.3,87.5, ,25,25
2013232N22088,2013,UNNAMED,2013-08-20 15:00:00,22.4,87.5, , ,25
2013232N22088,2013,UNNAMED,2013-08-20 18:00:00,22.5,87.5, ,25,25
2013232N22088,2013,UNNAMED,2013-08-20 21:00:00,22.9,87.4, , ,23
2013232N22088,2013,UNNAMED,2013-08-21 00:00:00,23.3,87.0, ,20,20
2013232N22088,2013,UNNAMED,2013-08-21 03:00:00,23.3,86.0, ,20,20
2013232N22088,2013,UNNAMED,2013-08-21 06:00:00,23.2,85.7, ,20,20
2013232N22088,2013,UNNAMED,2013-08-21 09:00:00,23.2,85.0, , ,20
2013232N22088,2013,UNNAMED,2013-08-21 12:00:00,23.2,84.0, ,20,20
2013232N22088,2013,UNNAMED,2013-08-21 15:00:00,23.2,83.0, , ,20
2013232N22088,2013,UNNAMED,2013-08-21 18:00:00,23.2,82.2, ,20,20
2013232N22088,2013,UNNAMED,2013-08-21 21:00:00,23.2,82.2, , ,20
2013232N22088,2013,UNNAMED,2013-08-22 00:00:00,23.2,82.0, ,20,20
2013232N22088,2013,UNNAMED,2013-08-22 03:00:00,23.2,80.7, ,20,20
2013232N22088,2013,UNNAMED,2013-08-22 06:00:00,23.2,80.3, ,20,20
2013232N22088,2013,UNNAMED,2013-08-22 09:00:00,23.1,80.1, , ,20
2013232N22088,2013,UNNAMED,2013-08-22 12:00:00,23.0,80.1, ,20,20
2013232N22088,2013,UNNAMED,2013-08-22 15:00:00,22.9,80.1, , ,20
2013232N22088,2013,UNNAMED,2013-08-22 18:00:00,22.9,80.0, , ,20
2013232N22088,2013,UNNAMED,2013-08-22 21:00:00,22.8,79.9, , ,20
2013232N22088,2013,UNNAMED,2013-08-23 00:00:00,22.8,79.8, ,20,20
2013281N12098,2013,PHAILIN,2013-10-07 12:00:00,11.8,97.6,20, , 
2013281N12098,2013,PHAILIN,2013-10-07 15:00:00,12.0,97.0,23, , 
2013281N12098,2013,PHAILIN,2013-10-07 18:00:00,12.1,96.4,25, , 
2013281N12098,2013,PHAILIN,2013-10-07 21:00:00,12.2,95.9,25, , 
2013281N12098,2013,PHAILIN,2013-10-08 00:00:00,12.3,95.6,25, , 
2013281N12098,2013,PHAILIN,2013-10-08 03:00:00,12.4,95.5,25,25,25
2013281N12098,2013,PHAILIN,2013-10-08 06:00:00,12.4,95.2,25,25,25
2013281N12098,2013,PHAILIN,2013-10-08 09:00:00,12.4,94.9,28, ,25
2013281N12098,2013,PHAILIN,2013-10-08 12:00:00,12.4,94.5,30,25,25
2013281N12098,2013,PHAILIN,2013-10-08 15:00:00,12.5,94.2,30, ,25
2013281N12098,2013,PHAILIN,2013-10-08 18:00:00,12.7,94.0,30,25,25
2013281N12098,2013,PHAILIN,2013-10-08 21:00:00,12.9,93.7,33, ,28
2013281N12098,2013,PHAILIN,2013-10-09 00:00:00,13.1,93.5,35,30,30
2013281N12098,2013,PHAILIN,2013-10-09 03:00:00,13.2,93.3,38,30,30
2013281N12098,2013,PHAILIN,2013-10-09 06:00:00,13.2,92.9,40,30,30
2013281N12098,2013,PHAILIN,2013-10-09 09:00:00,13.5,92.5,43,30,30
2013281N12098,2013,PHAILIN,2013-10-09 12:00:00,13.6,92.4,45,35,35
2013281N12098,2013,PHAILIN,2013-10-09 15:00:00,13.7,92.3,50,35,35
2013281N12098,2013,PHAILIN,2013-10-09 18:00:00,14.0,91.9,55,40,40
2013281N12098,2013,PHAILIN,2013-10-09 21:00:00,14.1,91.8,60,45,45
2013281N12098,2013,PHAILIN,2013-10-10 00:00:00,14.5,91.4,65,45,45
2013281N12098,2013,PHAILIN,2013-10-10 03:00:00,14.6,91.0,78,55,55
2013281N12098,2013,PHAILIN,2013-10-10 06:00:00,15.0,90.7,90,65,65
2013281N12098,2013,PHAILIN,2013-10-10 09:00:00,15.1,90.5,100,70,70
2013281N12098,2013,PHAILIN,2013-10-10 12:00:00,15.4,90.1,110,75,75
2013281N12098,2013,PHAILIN,2013-10-10 15:00:00,15.5,89.9,120,90,90
2013281N12098,2013,PHAILIN,2013-10-10 18:00:00,15.6,89.5,130,95,95
2013281N12098,2013,PHAILIN,2013-10-10 21:00:00,15.6,89.0,133,100,100
2013281N12098,2013,PHAILIN,2013-10-11 00:00:00,15.9,88.6,135,110,110
2013281N12098,2013,PHAILIN,2013-10-11 03:00:00,15.9,88.5,135,115,115
2013281N12098,2013,PHAILIN,2013-10-11 06:00:00,16.2,88.3,135,115,115
2013281N12098,2013,PHAILIN,2013-10-11 09:00:00,16.5,88.0,138,115,115
2013281N12098,2013,PHAILIN,2013-10-11 12:00:00,16.8,87.7,140,115,115
2013281N12098,2013,PHAILIN,2013-10-11 15:00:00,16.8,87.3,140,115,115
2013281N12098,2013,PHAILIN,2013-10-11 18:00:00,16.9,87.0,140,115,115
2013281N12098,2013,PHAILIN,2013-10-11 21:00:00,17.1,86.7,140,115,115
2013281N12098,2013,PHAILIN,2013-10-12 00:00:00,17.5,86.5,140,115,115
2013281N12098,2013,PHAILIN,2013-10-12 03:00:00,17.7,86.0,138,115,115
2013281N12098,2013,PHAILIN,2013-10-12 06:00:00,18.1,85.8,135,115,115
2013281N12098,2013,PHAILIN,2013-10-12 09:00:00,18.5,85.4,130,115,115
2013281N12098,2013,PHAILIN,2013-10-12 12:00:00,18.7,85.2,125,115,115
2013281N12098,2013,PHAILIN,2013-10-12 15:00:00,19.1,85.1,113,115,115
2013281N12098,2013,PHAILIN,2013-10-12 18:00:00,19.5,84.9,100,100,100
2013281N12098,2013,PHAILIN,2013-10-12 21:00:00,19.9,84.6,88,90,90
2013281N12098,2013,PHAILIN,2013-10-13 00:00:00,20.4,84.5,75,75,75
2013281N12098,2013,PHAILIN,2013-10-13 03:00:00,20.9,84.1,63,55,55
2013281N12098,2013,PHAILIN,2013-10-13 06:00:00,21.5,84.0,50,40,40
2013281N12098,2013,PHAILIN,2013-10-13 09:00:00,22.0,83.9,45,35,35
2013281N12098,2013,PHAILIN,2013-10-13 12:00:00,22.6,83.9,40,35,35
2013281N12098,2013,PHAILIN,2013-10-13 15:00:00,22.8,83.6, , ,33
2013281N12098,2013,PHAILIN,2013-10-13 18:00:00,23.0,83.5, ,30,30
2013281N12098,2013,PHAILIN,2013-10-13 21:00:00,23.2,83.7, , ,30
2013281N12098,2013,PHAILIN,2013-10-14 00:00:00,23.5,84.0, ,30,30
2013281N12098,2013,PHAILIN,2013-10-14 03:00:00,23.9,84.2, , ,28
2013281N12098,2013,PHAILIN,2013-10-14 06:00:00,24.5,84.2, ,25,25
2013305N07141,2013,UNNAMED,2013-11-01 06:00:00,7.0,141.0,15, , 
2013305N07141,2013,UNNAMED,2013-11-01 09:00:00,7.1,140.3,15, , 
2013305N07141,2013,UNNAMED,2013-11-01 12:00:00,7.1,139.6,15, , 
2013305N07141,2013,UNNAMED,2013-11-01 15:00:00,7.0,138.9,18, , 
2013305N07141,2013,UNNAMED,2013-11-01 18:00:00,7.0,138.3,20, , 
2013305N07141,2013,UNNAMED,2013-11-01 21:00:00,7.0,137.6,20, , 
2013305N07141,2013,UNNAMED,2013-11-02 00:00:00,7.1,137.0,20, , 
2013305N07141,2013,UNNAMED,2013-11-02 03:00:00,7.1,136.4,20, , 
2013305N07141,2013,UNNAMED,2013-11-02 06:00:00,7.1,135.9,20, , 
2013305N07141,2013,UNNAMED,2013-11-02 09:00:00,7.2,135.5,23, , 
2013305N07141,2013,UNNAMED,2013-11-02 12:00:00,7.3,135.1,25, , 
2013305N07141,2013,UNNAMED,2013-11-02 15:00:00,7.4,134.7,25, , 
2013305N07141,2013,UNNAMED,2013-11-02 18:00:00,7.5,134.2,25, , 
2013305N07141,2013,UNNAMED,2013-11-02 21:00:00,7.8,133.7,25, , 
2013305N07141,2013,UNNAMED,2013-11-03 00:00:00,8.2,133.0,25, , 
2013305N07141,2013,UNNAMED,2013-11-03 03:00:00,8.4,132.0,25, , 
2013305N07141,2013,UNNAMED,2013-11-03 06:00:00,8.6,131.1,25, , 
2013305N07141,2013,UNNAMED,2013-11-03 09:00:00,8.7,130.2,28, , 
2013305N07141,2013,UNNAMED,2013-11-03 12:00:00,8.9,129.4,30, , 
2013305N07141,2013,UNNAMED,2013-11-03 15:00:00,9.0,128.5,30, , 
2013305N07141,2013,UNNAMED,2013-11-03 18:00:00,9.2,127.7,30, , 
2013305N07141,2013,UNNAMED,2013-11-03 21:00:00,9.3,127.0,30, , 
2013305N07141,2013,UNNAMED,2013-11-04 00:00:00,9.4,126.4,30, , 
2013305N07141,2013,UNNAMED,2013-11-04 03:00:00,9.6,125.7,30, , 
2013305N07141,2013,UNNAMED,2013-11-04 06:00:00,9.8,125.0,30, , 
2013305N07141,2013,UNNAMED,2013-11-04 09:00:00,9.8,124.1,28, , 
2013305N07141,2013,UNNAMED,2013-11-04 12:00:00,9.9,123.2,25, , 
2013305N07141,2013,UNNAMED,2013-11-04 15:00:00,10.1,122.3,28, , 
2013305N07141,2013,UNNAMED,2013-11-04 18:00:00,10.4,121.5,30, , 
2013305N07141,2013,UNNAMED,2013-11-04 21:00:00,10.6,120.5,30, , 
2013305N07141,2013,UNNAMED,2013-11-05 00:00:00,10.8,119.4,30, , 
2013305N07141,2013,UNNAMED,2013-11-05 03:00:00,10.8,118.2,33, , 
2013305N07141,2013,UNNAMED,2013-11-05 06:00:00,10.8,116.9,35, , 
2013305N07141,2013,UNNAMED,2013-11-05 09:00:00,10.9,116.0,35, , 
2013305N07141,2013,UNNAMED,2013-11-05 12:00:00,11.1,115.1,35, , 
2013305N07141,2013,UNNAMED,2013-11-05 15:00:00,11.4,114.3,33, , 
2013305N07141,2013,UNNAMED,2013-11-05 18:00:00,11.6,113.4,30, , 
2013305N07141,2013,UNNAMED,2013-11-05 21:00:00,11.8,112.4,30, , 
2013305N07141,2013,UNNAMED,2013-11-06 00:00:00,11.8,111.5,30, , 
2013305N07141,2013,UNNAMED,2013-11-06 03:00:00,11.7,110.8,28, , 
2013305N07141,2013,UNNAMED,2013-11-06 06:00:00,11.6,110.1,25, , 
2013305N07141,2013,UNNAMED,2013-11-06 09:00:00,11.5,109.5,25, , 
2013305N07141,2013,UNNAMED,2013-11-06 12:00:00,11.5,108.9,25, , 
2013305N07141,2013,UNNAMED,2013-11-06 15:00:00,11.7,108.4,25, , 
2013305N07141,2013,UNNAMED,2013-11-06 18:00:00,12.0,107.8,25, , 
2013305N07141,2013,UNNAMED,2013-11-06 21:00:00,12.1,107.0,23, , 
2013305N07141,2013,UNNAMED,2013-11-07 00:00:00,12.2,106.0,20, , 
2013305N07141,2013,UNNAMED,2013-11-07 03:00:00,12.2,104.7,20, , 
2013305N07141,2013,UNNAMED,2013-11-07 06:00:00,12.1,103.5,20, , 
2013305N07141,2013,UNNAMED,2013-11-07 09:00:00,11.9,102.7,23, , 
2013305N07141,2013,UNNAMED,2013-11-07 12:00:00,11.8,102.1,25, , 
2013305N07141,2013,UNNAMED,2013-11-07 15:00:00,11.9,101.5,28, , 
2013305N07141,2013,UNNAMED,2013-11-07 18:00:00,12.0,101.0,30, , 
2013305N07141,2013,UNNAMED,2013-11-07 21:00:00,12.1,100.6,30, , 
2013305N07141,2013,UNNAMED,2013-11-08 00:00:00,12.2,100.2,30, , 
2013305N07141,2013,UNNAMED,2013-11-08 03:00:00,12.5,99.6,28, , 
2013305N07141,2013,UNNAMED,2013-11-08 06:00:00,12.9,99.0,25, , 
2013305N07141,2013,UNNAMED,2013-11-08 09:00:00,13.2,98.5,23, , 
2013305N07141,2013,UNNAMED,2013-11-08 12:00:00,13.4,98.0,20, , 
2013305N07141,2013,UNNAMED,2013-11-08 15:00:00,13.7,97.3,20, , 
2013305N07141,2013,UNNAMED,2013-11-08 18:00:00,13.8,96.5,20, , 
2013305N07141,2013,UNNAMED,2013-11-08 21:00:00,13.7,95.8,20, , 
2013305N07141,2013,UNNAMED,2013-11-09 00:00:00,13.5,95.1,20, , 
2013305N07141,2013,UNNAMED,2013-11-09 03:00:00,13.4,94.5,23, , 
2013305N07141,2013,UNNAMED,2013-11-09 06:00:00,13.3,94.0,25, , 
2013305N07141,2013,UNNAMED,2013-11-09 09:00:00,13.2,93.6,25, , 
2013305N07141,2013,UNNAMED,2013-11-09 12:00:00,13.2,93.3,25, , 
2013305N07141,2013,UNNAMED,2013-11-09 15:00:00,13.1,93.0,25, , 
2013305N07141,2013,UNNAMED,2013-11-09 18:00:00,13.0,92.6,25, , 
2013305N07141,2013,UNNAMED,2013-11-09 21:00:00,12.9,92.2,25, , 
2013305N07141,2013,UNNAMED,2013-11-10 00:00:00,12.7,91.8,25, , 
2013305N07141,2013,UNNAMED,2013-11-10 03:00:00,12.5,91.4,25, , 
2013305N07141,2013,UNNAMED,2013-11-10 06:00:00,12.4,91.0,25, , 
2013305N07141,2013,UNNAMED,2013-11-10 09:00:00,12.2,90.6,25, , 
2013305N07141,2013,UNNAMED,2013-11-10 12:00:00,12.1,90.3,25, , 
2013305N07141,2013,UNNAMED,2013-11-10 15:00:00,12.0,90.0,25, , 
2013305N07141,2013,UNNAMED,2013-11-10 18:00:00,12.0,89.8,25, , 
2013305N07141,2013,UNNAMED,2013-11-10 21:00:00,11.9,89.6,25, , 
2013305N07141,2013,UNNAMED,2013-11-11 00:00:00,11.9,89.5,25, , 
2013305N07141,2013,UNNAMED,2013-11-11 03:00:00,11.9,89.3,25, , 
2013305N07141,2013,UNNAMED,2013-11-11 06:00:00,11.8,89.1,25, , 
2013305N07141,2013,UNNAMED,2013-11-11 09:00:00,11.6,88.8,25, , 
2013305N07141,2013,UNNAMED,2013-11-11 12:00:00,11.4,88.5,25, , 
2013305N07141,2013,UNNAMED,2013-11-11 15:00:00,11.2,88.2,23, , 
2013305N07141,2013,UNNAMED,2013-11-11 18:00:00,11.0,87.9,20, , 
2013305N07141,2013,UNNAMED,2013-11-11 21:00:00,10.8,87.6,20, , 
2013305N07141,2013,UNNAMED,2013-11-12 00:00:00,10.6,87.3,20, , 
2013305N07141,2013,UNNAMED,2013-11-12 03:00:00,10.6,87.1,23, , 
2013305N07141,2013,UNNAMED,2013-11-12 06:00:00,10.6,87.0,25, , 
2013305N07141,2013,UNNAMED,2013-11-12 09:00:00,10.6,86.9,25, , 
2013305N07141,2013,UNNAMED,2013-11-12 12:00:00,10.6,86.8,25, , 
2013305N07141,2013,UNNAMED,2013-11-12 15:00:00,10.6,86.8,25, , 
2013305N07141,2013,UNNAMED,2013-11-12 18:00:00,10.7,86.7,25, , 
2013305N07141,2013,UNNAMED,2013-11-12 21:00:00,10.7,86.6,25, , 
2013305N07141,2013,UNNAMED,2013-11-13 00:00:00,10.9,86.5,25,25,25
2013305N07141,2013,UNNAMED,2013-11-13 03:00:00,11.1,86.2,25,25,25
2013305N07141,2013,UNNAMED,2013-11-13 06:00:00,11.2,86.1,25,25,25
2013305N07141,2013,UNNAMED,2013-11-13 09:00:00,11.2,86.0,28, ,25
2013305N07141,2013,UNNAMED,2013-11-13 12:00:00,11.2,86.0,30,25,25
2013305N07141,2013,UNNAMED,2013-11-13 15:00:00,11.2,85.8,30, ,25
2013305N07141,2013,UNNAMED,2013-11-13 18:00:00,11.2,85.6,30,25,25
2013305N07141,2013,UNNAMED,2013-11-13 21:00:00,11.1,85.4,30, ,25
2013305N07141,2013,UNNAMED,2013-11-14 00:00:00,11.1,85.3,30,25,25
2013305N07141,2013,UNNAMED,2013-11-14 03:00:00,11.1,85.2,30,25,25
2013305N07141,2013,UNNAMED,2013-11-14 06:00:00,11.0,85.2,30,25,25
2013305N07141,2013,UNNAMED,2013-11-14 09:00:00,10.7,85.0,30, ,25
2013305N07141,2013,UNNAMED,2013-11-14 12:00:00,10.4,84.9,30,25,25
2013305N07141,2013,UNNAMED,2013-11-14 15:00:00,10.2,84.7,30, ,25
2013305N07141,2013,UNNAMED,2013-11-14 18:00:00,10.1,84.6,30,25,25
2013305N07141,2013,UNNAMED,2013-11-14 21:00:00,9.9,84.4,30, ,25
2013305N07141,2013,UNNAMED,2013-11-15 00:00:00,9.7,84.1,30,25,25
2013305N07141,2013,UNNAMED,2013-11-15 03:00:00,9.4,83.7,30,25,25
2013305N07141,2013,UNNAMED,2013-11-15 06:00:00,9.4,83.5,30,25,25
2013305N07141,2013,UNNAMED,2013-11-15 09:00:00,9.5,83.2,30, ,25
2013305N07141,2013,UNNAMED,2013-11-15 12:00:00,9.6,82.9,30,25,25
2013305N07141,2013,UNNAMED,2013-11-15 15:00:00,9.9,82.4,33, ,25
2013305N07141,2013,UNNAMED,2013-11-15 18:00:00,10.2,82.0,35,25,25
2013305N07141,2013,UNNAMED,2013-11-15 21:00:00,10.4,81.7,33, ,25
2013305N07141,2013,UNNAMED,2013-11-16 00:00:00,10.6,81.3,30,25,25
2013305N07141,2013,UNNAMED,2013-11-16 03:00:00,10.9,80.5,30,25,25
2013305N07141,2013,UNNAMED,2013-11-16 06:00:00,11.0,80.0,30,25,25
2013305N07141,2013,UNNAMED,2013-11-16 09:00:00,11.1,79.5,28,25,25
2013305N07141,2013,UNNAMED,2013-11-16 12:00:00,11.1,78.9,25,25,25
2013305N07141,2013,UNNAMED,2013-11-16 15:00:00,11.2,78.3,23, ,25
2013305N07141,2013,UNNAMED,2013-11-16 18:00:00,11.3,77.6,20,25,25
2013305N07141,2013,UNNAMED,2013-11-16 21:00:00,11.3,76.9,20, , 
2013305N07141,2013,UNNAMED,2013-11-17 00:00:00,11.2,76.3,20, , 
2013305N07141,2013,UNNAMED,2013-11-17 03:00:00,11.1,75.7,18, , 
2013305N07141,2013,UNNAMED,2013-11-17 06:00:00,11.0,75.1,15, , 
2013305N07141,2013,UNNAMED,2013-11-17 09:00:00,10.9,74.4,18, , 
2013305N07141,2013,UNNAMED,2013-11-17 12:00:00,10.9,73.7,20, , 
2013305N07141,2013,UNNAMED,2013-11-17 15:00:00,11.0,73.2,20, , 
2013305N07141,2013,UNNAMED,2013-11-17 18:00:00,11.2,72.6,20, , 
2013305N07141,2013,UNNAMED,2013-11-17 21:00:00,11.4,71.9,20, , 
2013305N07141,2013,UNNAMED,2013-11-18 00:00:00,11.6,71.2,20, , 
2013305N07141,2013,UNNAMED,2013-11-18 03:00:00,11.8,70.7,20, , 
2013305N07141,2013,UNNAMED,2013-11-18 06:00:00,12.1,70.1,20, , 
2013305N07141,2013,UNNAMED,2013-11-18 09:00:00,12.3,69.4,20, , 
2013305N07141,2013,UNNAMED,2013-11-18 12:00:00,12.5,68.6,20, , 
2013305N07141,2013,UNNAMED,2013-11-18 15:00:00,12.5,68.0,20, , 
2013305N07141,2013,UNNAMED,2013-11-18 18:00:00,12.5,67.4,20, , 
2013305N07141,2013,UNNAMED,2013-11-18 21:00:00,12.5,66.8,20, , 
2013305N07141,2013,UNNAMED,2013-11-19 00:00:00,12.5,66.1,20, , 
2013305N07141,2013,UNNAMED,2013-11-19 03:00:00,12.3,65.3,20, , 
2013305N07141,2013,UNNAMED,2013-11-19 06:00:00,12.2,64.5,20, , 
2013305N07141,2013,UNNAMED,2013-11-19 09:00:00,12.2,63.6,20, , 
2013305N07141,2013,UNNAMED,2013-11-19 12:00:00,12.3,62.8,20, , 
2013305N07141,2013,UNNAMED,2013-11-19 15:00:00,12.5,62.1,20, , 
2013305N07141,2013,UNNAMED,2013-11-19 18:00:00,12.7,61.4,20, , 
2013305N07141,2013,UNNAMED,2013-11-19 21:00:00,12.8,60.6,20, , 
2013305N07141,2013,UNNAMED,2013-11-20 00:00:00,12.8,59.9,20, , 
2013305N07141,2013,UNNAMED,2013-11-20 03:00:00,12.8,59.6,20, , 
2013305N07141,2013,UNNAMED,2013-11-20 06:00:00,12.8,59.4,20, , 
2013305N07141,2013,UNNAMED,2013-11-20 09:00:00,12.9,58.9,20, , 
2013305N07141,2013,UNNAMED,2013-11-20 12:00:00,13.0,58.3,20, , 
2013305N07141,2013,UNNAMED,2013-11-20 15:00:00,12.9,57.7,20, , 
2013305N07141,2013,UNNAMED,2013-11-20 18:00:00,12.8,57.1,20, , 
2013305N07141,2013,UNNAMED,2013-11-20 21:00:00,12.7,56.5,20, , 
2013305N07141,2013,UNNAMED,2013-11-21 00:00:00,12.5,56.0,20, , 
2013310N06066,2013,UNNAMED,2013-11-06 00:00:00,5.6,66.4,15, , 
2013310N06066,2013,UNNAMED,2013-11-06 03:00:00,5.9,66.2,18, , 
2013310N06066,2013,UNNAMED,2013-11-06 06:00:00,6.2,65.9,20, , 
2013310N06066,2013,UNNAMED,2013-11-06 09:00:00,6.4,65.5,23, , 
2013310N06066,2013,UNNAMED,2013-11-06 12:00:00,6.7,64.9,25, , 
2013310N06066,2013,UNNAMED,2013-11-06 15:00:00,7.1,64.3,23, , 
2013310N06066,2013,UNNAMED,2013-11-06 18:00:00,7.5,63.6,20, , 
2013310N06066,2013,UNNAMED,2013-11-06 21:00:00,7.6,62.9,20, , 
2013310N06066,2013,UNNAMED,2013-11-07 00:00:00,7.7,62.1,20, , 
2013310N06066,2013,UNNAMED,2013-11-07 03:00:00,7.8,61.2,20, , 
2013310N06066,2013,UNNAMED,2013-11-07 06:00:00,8.0,60.4,20, , 
2013310N06066,2013,UNNAMED,2013-11-07 09:00:00,8.2,59.7,20, , 
2013310N06066,2013,UNNAMED,2013-11-07 12:00:00,8.3,59.0,20, , 
2013310N06066,2013,UNNAMED,2013-11-07 15:00:00,8.3,58.4,23, , 
2013310N06066,2013,UNNAMED,2013-11-07 18:00:00,8.2,57.9,25, , 
2013310N06066,2013,UNNAMED,2013-11-07 21:00:00,8.2,57.4,23, , 
2013310N06066,2013,UNNAMED,2013-11-08 00:00:00,8.1,57.0,20, , 
2013310N06066,2013,UNNAMED,2013-11-08 03:00:00,8.0,56.6,23, , 
2013310N06066,2013,UNNAMED,2013-11-08 06:00:00,7.9,56.2,25,25,25
2013310N06066,2013,UNNAMED,2013-11-08 09:00:00,8.0,55.6,30, ,25
2013310N06066,2013,UNNAMED,2013-11-08 12:00:00,8.1,55.0,35,25,25
2013310N06066,2013,UNNAMED,2013-11-08 15:00:00,8.0,54.5,38, ,25
2013310N06066,2013,UNNAMED,2013-11-08 18:00:00,8.0,54.0,40,25,25
2013310N06066,2013,UNNAMED,2013-11-08 21:00:00,8.0,53.5,43, ,28
2013310N06066,2013,UNNAMED,2013-11-09 00:00:00,8.0,53.1,45,30,30
2013310N06066,2013,UNNAMED,2013-11-09 03:00:00,8.0,52.8,40,30,30
2013310N06066,2013,UNNAMED,2013-11-09 06:00:00,8.0,52.7,35,30,30
2013310N06066,2013,UNNAMED,2013-11-09 09:00:00,8.0,52.4,35, ,30
2013310N06066,2013,UNNAMED,2013-11-09 12:00:00,8.0,52.1,35,30,30
2013310N06066,2013,UNNAMED,2013-11-09 15:00:00,8.0,51.9,35, ,30
2013310N06066,2013,UNNAMED,2013-11-09 18:00:00,8.0,51.9,35,30,30
2013310N06066,2013,UNNAMED,2013-11-09 21:00:00,8.0,51.8,35, ,30
2013310N06066,2013,UNNAMED,2013-11-10 00:00:00,8.0,51.8,35,30,30
2013310N06066,2013,UNNAMED,2013-11-10 03:00:00,8.0,51.6,38,30,30
2013310N06066,2013,UNNAMED,2013-11-10 06:00:00,8.0,51.3,40,30,30
2013310N06066,2013,UNNAMED,2013-11-10 09:00:00,8.0,51.2,38, ,30
2013310N06066,2013,UNNAMED,2013-11-10 12:00:00,8.1,51.2,35,30,30
2013310N06066,2013,UNNAMED,2013-11-10 15:00:00,8.1,50.9,35, ,30
2013310N06066,2013,UNNAMED,2013-11-10 18:00:00,8.2,50.6,35,30,30
2013310N06066,2013,UNNAMED,2013-11-10 21:00:00,8.3,50.4,35, ,30
2013310N06066,2013,UNNAMED,2013-11-11 00:00:00,8.4,50.1,35,30,30
2013310N06066,2013,UNNAMED,2013-11-11 03:00:00,8.7,49.7,35,30,30
2013310N06066,2013,UNNAMED,2013-11-11 06:00:00,8.9,49.2,35,25,25
2013310N06066,2013,UNNAMED,2013-11-11 09:00:00,9.2,48.6,33, , 
2013310N06066,2013,UNNAMED,2013-11-11 12:00:00,9.4,48.0,30, , 
2013310N06066,2013,UNNAMED,2013-11-11 15:00:00,9.5,47.4,28, , 
2013310N06066,2013,UNNAMED,2013-11-11 18:00:00,9.5,46.9,25, , 
2013310N06066,2013,UNNAMED,2013-11-11 21:00:00,9.6,46.4,25, , 
2013310N06066,2013,UNNAMED,2013-11-12 00:00:00,9.8,46.0,25, , 
2013322N13090,2013,HELEN,2013-11-18 00:00:00,13.3,90.0,20, , 
2013322N13090,2013,HELEN,2013-11-18 03:00:00,13.6,89.5,23, , 
2013322N13090,2013,HELEN,2013-11-18 06:00:00,14.0,88.9,25, , 
2013322N13090,2013,HELEN,2013-11-18 09:00:00,14.4,88.3,25, , 
2013322N13090,2013,HELEN,2013-11-18 12:00:00,14.7,87.8,25, , 
2013322N13090,2013,HELEN,2013-11-18 15:00:00,14.8,87.3,25, , 
2013322N13090,2013,HELEN,2013-11-18 18:00:00,14.8,86.9,25, , 
2013322N13090,2013,HELEN,2013-11-18 21:00:00,14.8,86.5,30, , 
2013322N13090,2013,HELEN,2013-11-19 00:00:00,14.7,86.2,35,25,25
2013322N13090,2013,HELEN,2013-11-19 03:00:00,14.8,85.9,35,25,25
2013322N13090,2013,HELEN,2013-11-19 06:00:00,14.8,85.6,35,25,25
2013322N13090,2013,HELEN,2013-11-19 09:00:00,14.9,85.3,38, ,25
2013322N13090,2013,HELEN,2013-11-19 12:00:00,15.0,85.1,40,25,25
2013322N13090,2013,HELEN,2013-11-19 15:00:00,15.0,84.9,40,30,30
2013322N13090,2013,HELEN,2013-11-19 18:00:00,15.0,84.5,40,30,30
2013322N13090,2013,HELEN,2013-11-19 21:00:00,15.0,84.2,45, ,30
2013322N13090,2013,HELEN,2013-11-20 00:00:00,15.1,84.1,50,30,30
2013322N13090,2013,HELEN,2013-11-20 03:00:00,15.1,84.1,50,35,35
2013322N13090,2013,HELEN,2013-11-20 06:00:00,15.3,84.1,50,40,40
2013322N13090,2013,HELEN,2013-11-20 09:00:00,15.3,84.0,53,40,40
2013322N13090,2013,HELEN,2013-11-20 12:00:00,15.4,84.0,55,45,45
2013322N13090,2013,HELEN,2013-11-20 15:00:00,15.4,83.9,58,45,45
2013322N13090,2013,HELEN,2013-11-20 18:00:00,15.5,83.8,60,45,45
2013322N13090,2013,HELEN,2013-11-20 21:00:00,15.6,83.7,63,45,45
2013322N13090,2013,HELEN,2013-11-21 00:00:00,15.7,83.6,65,50,50
2013322N13090,2013,HELEN,2013-11-21 03:00:00,15.8,83.4,68,50,50
2013322N13090,2013,HELEN,2013-11-21 06:00:00,15.9,83.3,70,55,55
2013322N13090,2013,HELEN,2013-11-21 09:00:00,16.0,83.1,68,55,55
2013322N13090,2013,HELEN,2013-11-21 12:00:00,16.1,83.0,65,55,55
2013322N13090,2013,HELEN,2013-11-21 15:00:00,16.1,82.7,65,55,55
2013322N13090,2013,HELEN,2013-11-21 18:00:00,16.2,82.6,65,55,55
2013322N13090,2013,HELEN,2013-11-21 21:00:00,16.1,82.3,63,55,55
2013322N13090,2013,HELEN,2013-11-22 00:00:00,16.2,82.0,60,55,55
2013322N13090,2013,HELEN,2013-11-22 03:00:00,16.2,81.7,58,55,55
2013322N13090,2013,HELEN,2013-11-22 06:00:00,16.2,81.4,55,55,55
2013322N13090,2013,HELEN,2013-11-22 09:00:00,16.0,81.2,43,40,40
2013322N13090,2013,HELEN,2013-11-22 12:00:00,15.8,80.8,30,30,30
2013322N13090,2013,HELEN,2013-11-22 15:00:00,15.9,80.5,28, ,28
2013322N13090,2013,HELEN,2013-11-22 18:00:00,16.1,80.2,25,25,25
2013322N13090,2013,HELEN,2013-11-22 21:00:00,16.3,79.7,23, , 
2013322N13090,2013,HELEN,2013-11-23 00:00:00,16.5,79.4,20, , 
2013322N13090,2013,HELEN,2013-11-23 03:00:00,16.8,79.1,20, , 
2013322N13090,2013,HELEN,2013-11-23 06:00:00,17.2,78.8,20, , 
2013324N07103,2013,LEHAR,2013-11-19 18:00:00,7.3,103.3,15, , 
2013324N07103,2013,LEHAR,2013-11-19 21:00:00,7.0,103.2,15, , 
2013324N07103,2013,LEHAR,2013-11-20 00:00:00,6.8,103.1,15, , 
2013324N07103,2013,LEHAR,2013-11-20 03:00:00,6.8,102.9,18, , 
2013324N07103,2013,LEHAR,2013-11-20 06:00:00,6.9,102.6,20, , 
2013324N07103,2013,LEHAR,2013-11-20 09:00:00,6.7,102.4,20, , 
2013324N07103,2013,LEHAR,2013-11-20 12:00:00,6.5,102.3,20, , 
2013324N07103,2013,LEHAR,2013-11-20 15:00:00,6.4,102.2,18, , 
2013324N07103,2013,LEHAR,2013-11-20 18:00:00,6.3,102.0,15, , 
2013324N07103,2013,LEHAR,2013-11-20 21:00:00,6.3,101.9,15, , 
2013324N07103,2013,LEHAR,2013-11-21 00:00:00,6.3,101.7,15, , 
2013324N07103,2013,LEHAR,2013-11-21 03:00:00,6.3,101.5,15, , 
2013324N07103,2013,LEHAR,2013-11-21 06:00:00,6.4,101.2,15, , 
2013324N07103,2013,LEHAR,2013-11-21 09:00:00,6.6,100.9,15, , 
2013324N07103,2013,LEHAR,2013-11-21 12:00:00,6.7,100.6,15, , 
2013324N07103,2013,LEHAR,2013-11-21 15:00:00,6.7,100.2,15, , 
2013324N07103,2013,LEHAR,2013-11-21 18:00:00,6.7,99.9,15, , 
2013324N07103,2013,LEHAR,2013-11-21 21:00:00,6.7,99.6,18, , 
2013324N07103,2013,LEHAR,2013-11-22 00:00:00,6.6,99.4,20, , 
2013324N07103,2013,LEHAR,2013-11-22 03:00:00,6.4,99.2,20, , 
2013324N07103,2013,LEHAR,2013-11-22 06:00:00,6.3,99.0,20, , 
2013324N07103,2013,LEHAR,2013-11-22 09:00:00,6.2,98.7,20, , 
2013324N07103,2013,LEHAR,2013-11-22 12:00:00,6.3,98.5,20, , 
2013324N07103,2013,LEHAR,2013-11-22 15:00:00,6.5,98.4,23, , 
2013324N07103,2013,LEHAR,2013-11-22 18:00:00,6.8,98.3,25, , 
2013324N07103,2013,LEHAR,2013-11-22 21:00:00,7.0,98.1,25, , 
2013324N07103,2013,LEHAR,2013-11-23 00:00:00,7.3,97.8,25, , 
2013324N07103,2013,LEHAR,2013-11-23 03:00:00,7.6,97.5,25, , 
2013324N07103,2013,LEHAR,2013-11-23 06:00:00,8.0,97.2,25, , 
2013324N07103,2013,LEHAR,2013-11-23 09:00:00,8.3,96.9,30, , 
2013324N07103,2013,LEHAR,2013-11-23 12:00:00,8.7,96.6,35,25,25
2013324N07103,2013,LEHAR,2013-11-23 15:00:00,8.9,96.3,35, ,28
2013324N07103,2013,LEHAR,2013-11-23 18:00:00,9.2,96.1,35,30,30
2013324N07103,2013,LEHAR,2013-11-23 21:00:00,9.6,95.6,38, ,33
2013324N07103,2013,LEHAR,2013-11-24 00:00:00,10.0,95.2,40,35,35
2013324N07103,2013,LEHAR,2013-11-24 03:00:00,10.2,95.0,43,40,40
2013324N07103,2013,LEHAR,2013-11-24 06:00:00,10.6,94.6,45,40,40
2013324N07103,2013,LEHAR,2013-11-24 09:00:00,10.8,94.1,48,45,45
2013324N07103,2013,LEHAR,2013-11-24 12:00:00,11.0,93.7,50,45,45
2013324N07103,2013,LEHAR,2013-11-24 15:00:00,11.1,93.5,53,45,45
2013324N07103,2013,LEHAR,2013-11-24 18:00:00,11.5,93.2,55,45,45
2013324N07103,2013,LEHAR,2013-11-24 21:00:00,11.5,92.7,58,45,45
2013324N07103,2013,LEHAR,2013-11-25 00:00:00,11.8,92.6,60,55,55
2013324N07103,2013,LEHAR,2013-11-25 03:00:00,11.9,92.2,63,55,55
2013324N07103,2013,LEHAR,2013-11-25 06:00:00,12.0,91.9,65,55,55
2013324N07103,2013,LEHAR,2013-11-25 09:00:00,12.0,91.7,68,60,60
2013324N07103,2013,LEHAR,2013-11-25 12:00:00,12.3,91.6,70,60,60
2013324N07103,2013,LEHAR,2013-11-25 15:00:00,12.3,91.2,73,60,60
2013324N07103,2013,LEHAR,2013-11-25 18:00:00,12.4,91.1,75,55,55
2013324N07103,2013,LEHAR,2013-11-25 21:00:00,12.4,90.9,75,65,65
2013324N07103,2013,LEHAR,2013-11-26 00:00:00,12.5,90.5,75,70,70
2013324N07103,2013,LEHAR,2013-11-26 03:00:00,12.5,90.1,75,70,70
2013324N07103,2013,LEHAR,2013-11-26 06:00:00,12.6,89.6,75,70,70
2013324N07103,2013,LEHAR,2013-11-26 09:00:00,12.9,89.1,75,70,70
2013324N07103,2013,LEHAR,2013-11-26 12:00:00,13.0,88.7,75,70,70
2013324N07103,2013,LEHAR,2013-11-26 15:00:00,13.0,88.5,73,70,70
2013324N07103,2013,LEHAR,2013-11-26 18:00:00,13.2,88.1,70,75,75
2013324N07103,2013,LEHAR,2013-11-26 21:00:00,13.3,87.5,70,75,75
2013324N07103,2013,LEHAR,2013-11-27 00:00:00,13.6,87.0,70,75,75
2013324N07103,2013,LEHAR,2013-11-27 03:00:00,13.6,86.5,68,75,75
2013324N07103,2013,LEHAR,2013-11-27 06:00:00,13.9,86.0,65,70,70
2013324N07103,2013,LEHAR,2013-11-27 09:00:00,14.0,85.5,65,65,65
2013324N07103,2013,LEHAR,2013-11-27 12:00:00,14.2,85.1,65,55,55
2013324N07103,2013,LEHAR,2013-11-27 15:00:00,14.2,84.6,58,55,55
2013324N07103,2013,LEHAR,2013-11-27 18:00:00,14.6,84.1,50,45,45
2013324N07103,2013,LEHAR,2013-11-27 21:00:00,14.7,83.6,45,40,40
2013324N07103,2013,LEHAR,2013-11-28 00:00:00,15.1,82.5,40,30,30
2013324N07103,2013,LEHAR,2013-11-28 03:00:00,15.3,82.1,38,30,30
2013324N07103,2013,LEHAR,2013-11-28 06:00:00,15.3,81.7,35,30,30
2013324N07103,2013,LEHAR,2013-11-28 09:00:00,15.5,81.4,35,25,25
2013324N07103,2013,LEHAR,2013-11-28 12:00:00,15.5,81.0,35,20,20
2013324N07103,2013,LEHAR,2013-11-28 15:00:00,15.4,80.6,30, , 
2013324N07103,2013,LEHAR,2013-11-28 18:00:00,15.4,80.0,25, , 
2013324N07103,2013,LEHAR,2013-11-28 21:00:00,15.7,79.4,23, , 
2013324N07103,2013,LEHAR,2013-11-29 00:00:00,16.1,78.8,20, , 
2013339N09084,2013,MADI,2013-12-05 00:00:00,9.0,84.3,15, , 
2013339N09084,2013,MADI,2013-12-05 03:00:00,9.1,84.2,18, , 
2013339N09084,2013,MADI,2013-12-05 06:00:00,9.1,84.1,20, , 
2013339N09084,2013,MADI,2013-12-05 09:00:00,9.1,84.0,23, , 
2013339N09084,2013,MADI,2013-12-05 12:00:00,9.2,83.9,25, , 
2013339N09084,2013,MADI,2013-12-05 15:00:00,9.3,83.8,25, , 
2013339N09084,2013,MADI,2013-12-05 18:00:00,9.4,83.8,25, , 
2013339N09084,2013,MADI,2013-12-05 21:00:00,9.5,83.7,28, , 
2013339N09084,2013,MADI,2013-12-06 00:00:00,9.6,83.7,30, , 
2013339N09084,2013,MADI,2013-12-06 03:00:00,9.7,83.7,33,25,25
2013339N09084,2013,MADI,2013-12-06 06:00:00,9.8,83.8,35,25,25
2013339N09084,2013,MADI,2013-12-06 09:00:00,9.9,83.9,38, ,25
2013339N09084,2013,MADI,2013-12-06 12:00:00,10.0,83.9,40,25,25
2013339N09084,2013,MADI,2013-12-06 15:00:00,10.1,83.9,43, ,28
2013339N09084,2013,MADI,2013-12-06 18:00:00,10.2,84.0,45,30,30
2013339N09084,2013,MADI,2013-12-06 21:00:00,10.3,84.0,48, ,33
2013339N09084,2013,MADI,2013-12-07 00:00:00,10.4,84.1,50,35,35
2013339N09084,2013,MADI,2013-12-07 03:00:00,10.4,84.2,53,35,35
2013339N09084,2013,MADI,2013-12-07 06:00:00,10.5,84.3,55,45,45
2013339N09084,2013,MADI,2013-12-07 09:00:00,10.7,84.3,55,55,55
2013339N09084,2013,MADI,2013-12-07 12:00:00,10.9,84.4,55,55,55
2013339N09084,2013,MADI,2013-12-07 15:00:00,11.0,84.5,58,55,55
2013339N09084,2013,MADI,2013-12-07 18:00:00,11.3,84.5,60,55,55
2013339N09084,2013,MADI,2013-12-07 21:00:00,11.5,84.5,63,55,55
2013339N09084,2013,MADI,2013-12-08 00:00:00,11.9,84.6,65,60,60
2013339N09084,2013,MADI,2013-12-08 03:00:00,12.1,84.6,65,60,60
2013339N09084,2013,MADI,2013-12-08 06:00:00,12.4,84.7,65,65,65
2013339N09084,2013,MADI,2013-12-08 09:00:00,12.6,84.7,65,65,65
2013339N09084,2013,MADI,2013-12-08 12:00:00,13.0,84.7,65,65,65
2013339N09084,2013,MADI,2013-12-08 15:00:00,13.2,84.7,65,65,65
2013339N09084,2013,MADI,2013-12-08 18:00:00,13.4,84.6,65,65,65
2013339N09084,2013,MADI,2013-12-08 21:00:00,13.6,84.6,63,65,65
2013339N09084,2013,MADI,2013-12-09 00:00:00,13.9,84.6,60,65,65
2013339N09084,2013,MADI,2013-12-09 03:00:00,14.1,84.7,60,65,65
2013339N09084,2013,MADI,2013-12-09 06:00:00,14.3,84.7,60,65,65
2013339N09084,2013,MADI,2013-12-09 09:00:00,14.4,84.7,63,65,65
2013339N09084,2013,MADI,2013-12-09 12:00:00,14.6,84.8,65,60,60
2013339N09084,2013,MADI,2013-12-09 15:00:00,14.7,84.8,65,60,60
2013339N09084,2013,MADI,2013-12-09 18:00:00,14.8,84.9,65,60,60
2013339N09084,2013,MADI,2013-12-09 21:00:00,14.8,84.9,68,60,60
2013339N09084,2013,MADI,2013-12-10 00:00:00,15.0,85.1,70,60,60
2013339N09084,2013,MADI,2013-12-10 03:00:00,15.3,85.3,78,65,65
2013339N09084,2013,MADI,2013-12-10 06:00:00,15.4,85.3,85,65,65
2013339N09084,2013,MADI,2013-12-10 09:00:00,15.5,85.2,83,65,65
2013339N09084,2013,MADI,2013-12-10 12:00:00,15.3,85.0,80,55,55
2013339N09084,2013,MADI,2013-12-10 15:00:00,15.1,84.7,73,55,55
2013339N09084,2013,MADI,2013-12-10 18:00:00,14.9,84.6,65,50,50
2013339N09084,2013,MADI,2013-12-10 21:00:00,14.7,84.4,58,45,45
2013339N09084,2013,MADI,2013-12-11 00:00:00,14.4,84.1,50,40,40
2013339N09084,2013,MADI,2013-12-11 03:00:00,14.1,83.8,48,30,30
2013339N09084,2013,MADI,2013-12-11 06:00:00,13.8,83.6,45,30,30
2013339N09084,2013,MADI,2013-12-11 09:00:00,13.6,83.4,45,30,30
2013339N09084,2013,MADI,2013-12-11 12:00:00,13.4,83.3,45,30,30
2013339N09084,2013,MADI,2013-12-11 15:00:00,13.1,83.0,38, ,28
2013339N09084,2013,MADI,2013-12-11 18:00:00,12.9,82.7,30,25,25
2013339N09084,2013,MADI,2013-12-11 21:00:00,12.6,82.4,30, ,25
2013339N09084,2013,MADI,2013-12-12 00:00:00,12.3,82.0,30,25,25
2013339N09084,2013,MADI,2013-12-12 03:00:00,11.9,81.5,30,25,25
2013339N09084,2013,MADI,2013-12-12 06:00:00,11.4,81.2,30,25,25
2013339N09084,2013,MADI,2013-12-12 09:00:00,10.9,80.8,28,25,25
2013339N09084,2013,MADI,2013-12-12 12:00:00,10.4,80.3,25,25,25
2013339N09084,2013,MADI,2013-12-12 15:00:00,10.2,79.6,25, ,23
2013339N09084,2013,MADI,2013-12-12 18:00:00,10.0,78.8,25,20,20
2014003N08086,2014,UNNAMED,2014-01-02 18:00:00,7.6,85.5,15, , 
2014003N08086,2014,UNNAMED,2014-01-02 21:00:00,7.6,85.3,18, , 
2014003N08086,2014,UNNAMED,2014-01-03 00:00:00,7.7,85.1,20, , 
2014003N08086,2014,UNNAMED,2014-01-03 03:00:00,7.8,84.9,23, , 
2014003N08086,2014,UNNAMED,2014-01-03 06:00:00,7.9,84.8,25, , 
2014003N08086,2014,UNNAMED,2014-01-03 09:00:00,8.0,84.7,25, , 
2014003N08086,2014,UNNAMED,2014-01-03 12:00:00,8.2,84.6,25, , 
2014003N08086,2014,UNNAMED,2014-01-03 15:00:00,8.3,84.5,25, , 
2014003N08086,2014,UNNAMED,2014-01-03 18:00:00,8.5,84.3,25, , 
2014003N08086,2014,UNNAMED,2014-01-03 21:00:00,8.7,84.1,28, , 
2014003N08086,2014,UNNAMED,2014-01-04 00:00:00,8.8,83.8,30, , 
2014003N08086,2014,UNNAMED,2014-01-04 03:00:00,8.8,83.5,33,25,25
2014003N08086,2014,UNNAMED,2014-01-04 06:00:00,9.0,83.2,35,25,25
2014003N08086,2014,UNNAMED,2014-01-04 09:00:00,9.1,83.0,35, ,25
2014003N08086,2014,UNNAMED,2014-01-04 12:00:00,9.1,82.9,35,25,25
2014003N08086,2014,UNNAMED,2014-01-04 15:00:00,9.1,82.7,38, ,25
2014003N08086,2014,UNNAMED,2014-01-04 18:00:00,9.2,82.5,40,25,25
2014003N08086,2014,UNNAMED,2014-01-04 21:00:00,9.3,82.2,40, ,25
2014003N08086,2014,UNNAMED,2014-01-05 00:00:00,9.3,82.1,40,25,25
2014003N08086,2014,UNNAMED,2014-01-05 03:00:00,9.3,82.0,40,25,25
2014003N08086,2014,UNNAMED,2014-01-05 06:00:00,9.3,81.9,40,25,25
2014003N08086,2014,UNNAMED,2014-01-05 09:00:00,9.3,81.7,38, ,25
2014003N08086,2014,UNNAMED,2014-01-05 12:00:00,9.3,81.6,35,25,25
2014003N08086,2014,UNNAMED,2014-01-05 15:00:00,9.3,81.5,35, ,25
2014003N08086,2014,UNNAMED,2014-01-05 18:00:00,9.3,81.4,35,25,25
2014003N08086,2014,UNNAMED,2014-01-05 21:00:00,9.3,81.4,35, ,25
2014003N08086,2014,UNNAMED,2014-01-06 00:00:00,9.3,81.3,35,25,25
2014003N08086,2014,UNNAMED,2014-01-06 03:00:00,9.3,81.1,33,25,25
2014003N08086,2014,UNNAMED,2014-01-06 06:00:00,9.1,80.9,30, ,25
2014003N08086,2014,UNNAMED,2014-01-06 09:00:00,8.9,80.7,28, ,25
2014003N08086,2014,UNNAMED,2014-01-06 12:00:00,8.8,80.6,25,25,25
2014003N08086,2014,UNNAMED,2014-01-06 15:00:00,8.7,80.5,25, ,25
2014003N08086,2014,UNNAMED,2014-01-06 18:00:00,8.4,80.3,25, ,25
2014003N08086,2014,UNNAMED,2014-01-06 21:00:00,8.2,80.1,25, ,25
2014003N08086,2014,UNNAMED,2014-01-07 00:00:00,7.9,79.9,25,25,25
2014003N08086,2014,UNNAMED,2014-01-07 03:00:00,7.7,79.8,25, , 
2014003N08086,2014,UNNAMED,2014-01-07 06:00:00,7.6,79.6,25, , 
2014003N08086,2014,UNNAMED,2014-01-07 09:00:00,7.5,79.4,25, , 
2014003N08086,2014,UNNAMED,2014-01-07 12:00:00,7.4,79.2,25, , 
2014003N08086,2014,UNNAMED,2014-01-07 15:00:00,7.4,79.1,25, , 
2014003N08086,2014,UNNAMED,2014-01-07 18:00:00,7.5,78.9,25, , 
2014003N08086,2014,UNNAMED,2014-01-07 21:00:00,7.6,78.7,25, , 
2014003N08086,2014,UNNAMED,2014-01-08 00:00:00,7.7,78.5,25, , 
2014003N08086,2014,UNNAMED,2014-01-08 03:00:00,7.7,78.3,25, , 
2014003N08086,2014,UNNAMED,2014-01-08 06:00:00,7.8,78.0,25, , 
2014003N08086,2014,UNNAMED,2014-01-08 09:00:00,7.9,77.6,23, , 
2014003N08086,2014,UNNAMED,2014-01-08 12:00:00,8.0,77.1,20, , 
2014141N16091,2014,UNNAMED,2014-05-21 03:00:00,15.5,90.5, ,25,25
2014141N16091,2014,UNNAMED,2014-05-21 06:00:00,16.0,90.5, ,25,25
2014141N16091,2014,UNNAMED,2014-05-21 09:00:00,16.3,90.7, , ,25
2014141N16091,2014,UNNAMED,2014-05-21 12:00:00,16.5,91.0, ,25,25
2014141N16091,2014,UNNAMED,2014-05-21 15:00:00,16.5,91.0, , ,25
2014141N16091,2014,UNNAMED,2014-05-21 18:00:00,16.5,91.0, ,25,25
2014141N16091,2014,UNNAMED,2014-05-21 21:00:00,16.5,91.5, , ,25
2014141N16091,2014,UNNAMED,2014-05-22 00:00:00,16.5,92.0, ,25,25
2014141N16091,2014,UNNAMED,2014-05-22 03:00:00,16.5,92.0, ,25,25
2014141N16091,2014,UNNAMED,2014-05-22 06:00:00,17.0,92.5, ,25,25
2014141N16091,2014,UNNAMED,2014-05-22 09:00:00,17.3,92.4, , ,25
2014141N16091,2014,UNNAMED,2014-05-22 12:00:00,17.5,92.0, ,25,25
2014141N16091,2014,UNNAMED,2014-05-22 15:00:00,17.6,92.0, , ,25
2014141N16091,2014,UNNAMED,2014-05-22 18:00:00,17.5,92.0, ,25,25
2014141N16091,2014,UNNAMED,2014-05-22 21:00:00,17.3,91.6, , ,25
2014141N16091,2014,UNNAMED,2014-05-23 00:00:00,17.0,91.0, ,25,25
2014159N12068,2014,NANAUK,2014-06-08 06:00:00,12.4,68.3,20, , 
2014159N12068,2014,NANAUK,2014-06-08 09:00:00,12.6,68.1,20, , 
2014159N12068,2014,NANAUK,2014-06-08 12:00:00,12.8,68.0,20, , 
2014159N12068,2014,NANAUK,2014-06-08 15:00:00,12.9,67.9,23, , 
2014159N12068,2014,NANAUK,2014-06-08 18:00:00,13.0,67.8,25, , 
2014159N12068,2014,NANAUK,2014-06-08 21:00:00,13.1,67.7,25, , 
2014159N12068,2014,NANAUK,2014-06-09 00:00:00,13.2,67.6,25, , 
2014159N12068,2014,NANAUK,2014-06-09 03:00:00,13.3,67.6,28, , 
2014159N12068,2014,NANAUK,2014-06-09 06:00:00,13.4,67.7,30, , 
2014159N12068,2014,NANAUK,2014-06-09 09:00:00,13.6,68.1,30, , 
2014159N12068,2014,NANAUK,2014-06-09 12:00:00,13.8,68.5,30, , 
2014159N12068,2014,NANAUK,2014-06-09 15:00:00,14.1,68.9,30, , 
2014159N12068,2014,NANAUK,2014-06-09 18:00:00,14.5,69.2,30, , 
2014159N12068,2014,NANAUK,2014-06-09 21:00:00,14.8,69.2,33, , 
2014159N12068,2014,NANAUK,2014-06-10 00:00:00,15.1,69.0,35, , 
2014159N12068,2014,NANAUK,2014-06-10 03:00:00,15.4,68.8,38, , 
2014159N12068,2014,NANAUK,2014-06-10 06:00:00,15.7,68.6,40, , 
2014159N12068,2014,NANAUK,2014-06-10 09:00:00,15.8,68.4,43,25,25
2014159N12068,2014,NANAUK,2014-06-10 12:00:00,16.1,68.1,45,25,25
2014159N12068,2014,NANAUK,2014-06-10 15:00:00,16.3,67.8,48, ,28
2014159N12068,2014,NANAUK,2014-06-10 18:00:00,16.5,67.6,50,30,30
2014159N12068,2014,NANAUK,2014-06-10 21:00:00,16.5,67.4,53, ,33
2014159N12068,2014,NANAUK,2014-06-11 00:00:00,16.6,67.2,55,35,35
2014159N12068,2014,NANAUK,2014-06-11 03:00:00,16.7,67.0,55,35,35
2014159N12068,2014,NANAUK,2014-06-11 06:00:00,17.0,66.7,55,45,45
2014159N12068,2014,NANAUK,2014-06-11 09:00:00,17.1,66.5,55,45,45
2014159N12068,2014,NANAUK,2014-06-11 12:00:00,17.4,66.2,55,45,45
2014159N12068,2014,NANAUK,2014-06-11 15:00:00,17.6,66.0,55,45,45
2014159N12068,2014,NANAUK,2014-06-11 18:00:00,17.6,65.8,55,45,45
2014159N12068,2014,NANAUK,2014-06-11 21:00:00,17.7,65.6,55,45,45
2014159N12068,2014,NANAUK,2014-06-12 00:00:00,17.9,65.3,55,45,45
2014159N12068,2014,NANAUK,2014-06-12 03:00:00,18.0,64.9,50,45,45
2014159N12068,2014,NANAUK,2014-06-12 06:00:00,18.2,64.6,45,45,45
2014159N12068,2014,NANAUK,2014-06-12 09:00:00,18.3,64.3,43,45,45
2014159N12068,2014,NANAUK,2014-06-12 12:00:00,18.5,64.1,40,45,45
2014159N12068,2014,NANAUK,2014-06-12 15:00:00,18.8,64.0,38,45,45
2014159N12068,2014,NANAUK,2014-06-12 18:00:00,19.3,64.1,35,45,45
2014159N12068,2014,NANAUK,2014-06-12 21:00:00,19.9,64.4,30,45,45
2014159N12068,2014,NANAUK,2014-06-13 00:00:00,20.4,64.6,25,45,45
2014159N12068,2014,NANAUK,2014-06-13 03:00:00,20.7,64.4,25,45,45
2014159N12068,2014,NANAUK,2014-06-13 06:00:00,21.2,64.0,20,40,40
2014159N12068,2014,NANAUK,2014-06-13 09:00:00,21.4,63.9,20,30,30
2014159N12068,2014,NANAUK,2014-06-13 12:00:00,21.4,64.0,20,25,25
2014159N12068,2014,NANAUK,2014-06-13 15:00:00,21.5,64.1,20, ,25
2014159N12068,2014,NANAUK,2014-06-13 18:00:00,21.5,64.2,20,25,25
2014159N12068,2014,NANAUK,2014-06-13 21:00:00,21.6,64.3,20, ,25
2014159N12068,2014,NANAUK,2014-06-14 00:00:00,21.6,64.5,20,25,25
2014159N12068,2014,NANAUK,2014-06-14 03:00:00,21.7,64.6,18, , 
2014159N12068,2014,NANAUK,2014-06-14 06:00:00,21.7,64.8,15, , 
2014159N12068,2014,NANAUK,2014-06-14 09:00:00,21.7,65.0,15, , 
2014159N12068,2014,NANAUK,2014-06-14 12:00:00,21.7,65.2,15, , 
2014202N22087,2014,UNNAMED,2014-07-21 03:00:00,22.0,87.0, ,25,25
2014202N22087,2014,UNNAMED,2014-07-21 06:00:00,22.2,86.4, ,20,20
2014202N22087,2014,UNNAMED,2014-07-21 09:00:00,22.4,85.7, , ,20
2014202N22087,2014,UNNAMED,2014-07-21 12:00:00,22.5,85.0, ,20,20
2014202N22087,2014,UNNAMED,2014-07-21 15:00:00,22.5,84.5, , ,20
2014202N22087,2014,UNNAMED,2014-07-21 18:00:00,22.5,84.0, ,20,20
2014202N22087,2014,UNNAMED,2014-07-21 21:00:00,22.5,83.5, , ,20
2014202N22087,2014,UNNAMED,2014-07-22 00:00:00,22.5,83.0, ,20,20
2014202N22087,2014,UNNAMED,2014-07-22 03:00:00,22.5,82.5, ,20,20
2014202N22087,2014,UNNAMED,2014-07-22 06:00:00,22.5,82.0, ,20,20
2014202N22087,2014,UNNAMED,2014-07-22 09:00:00,22.5,81.5, , ,20
2014202N22087,2014,UNNAMED,2014-07-22 12:00:00,22.5,81.0, ,20,20
2014202N22087,2014,UNNAMED,2014-07-22 15:00:00,22.5,80.3, , ,20
2014202N22087,2014,UNNAMED,2014-07-22 18:00:00,22.5,79.6, ,20,20
2014202N22087,2014,UNNAMED,2014-07-22 21:00:00,22.5,78.9, , ,20
2014202N22087,2014,UNNAMED,2014-07-23 00:00:00,22.5,78.2, ,20,20
2014202N22087,2014,UNNAMED,2014-07-23 03:00:00,22.5,77.5, ,20,20
2014202N22087,2014,UNNAMED,2014-07-23 06:00:00,22.5,77.0, ,20,20
2014216N21089,2014,UNNAMED,2014-08-03 12:00:00,21.5,88.5, ,25,25
2014216N21089,2014,UNNAMED,2014-08-03 15:00:00,21.7,88.4, , ,28
2014216N21089,2014,UNNAMED,2014-08-03 18:00:00,21.9,88.3, ,30,30
2014216N21089,2014,UNNAMED,2014-08-03 21:00:00,22.1,88.0, , ,30
2014216N21089,2014,UNNAMED,2014-08-04 00:00:00,22.3,87.6, ,30,30
2014216N21089,2014,UNNAMED,2014-08-04 03:00:00,22.5,87.2, ,30,30
2014216N21089,2014,UNNAMED,2014-08-04 06:00:00,22.5,86.5, ,30,30
2014216N21089,2014,UNNAMED,2014-08-04 09:00:00,22.4,86.2, , ,30
2014216N21089,2014,UNNAMED,2014-08-04 12:00:00,22.2,86.1, ,30,30
2014216N21089,2014,UNNAMED,2014-08-04 15:00:00,22.2,85.6, , ,30
2014216N21089,2014,UNNAMED,2014-08-04 18:00:00,22.2,85.1, ,30,30
2014216N21089,2014,UNNAMED,2014-08-04 21:00:00,22.2,84.6, , ,30
2014216N21089,2014,UNNAMED,2014-08-05 00:00:00,22.2,84.1, ,30,30
2014216N21089,2014,UNNAMED,2014-08-05 03:00:00,22.2,83.5, ,30,30
2014216N21089,2014,UNNAMED,2014-08-05 06:00:00,22.9,83.0, ,30,30
2014216N21089,2014,UNNAMED,2014-08-05 09:00:00,23.5,82.5, ,25,25
2014216N21089,2014,UNNAMED,2014-08-05 12:00:00,24.0,82.0, ,25,25
2014216N21089,2014,UNNAMED,2014-08-05 15:00:00,24.2,81.6, , ,25
2014216N21089,2014,UNNAMED,2014-08-05 18:00:00,24.2,81.3, ,25,25
2014216N21089,2014,UNNAMED,2014-08-05 21:00:00,24.3,81.0, , ,25
2014216N21089,2014,UNNAMED,2014-08-06 00:00:00,24.4,80.6, ,25,25
2014216N21089,2014,UNNAMED,2014-08-06 03:00:00,24.5,80.2, ,25,25
2014216N21089,2014,UNNAMED,2014-08-06 06:00:00,24.6,80.0, ,25,25
2014216N21089,2014,UNNAMED,2014-08-06 09:00:00,24.8,79.8, , ,25
2014216N21089,2014,UNNAMED,2014-08-06 12:00:00,25.0,79.5, ,25,25
2014216N21089,2014,UNNAMED,2014-08-06 15:00:00,25.2,79.2, , ,25
2014216N21089,2014,UNNAMED,2014-08-06 18:00:00,25.3,79.0, ,25,25
2014216N21089,2014,UNNAMED,2014-08-06 21:00:00,25.4,78.8, , ,25
2014216N21089,2014,UNNAMED,2014-08-07 00:00:00,25.5,78.5, ,25,25
2014279N11096,2014,HUDHUD,2014-10-06 06:00:00,10.7,96.1,15, , 
2014279N11096,2014,HUDHUD,2014-10-06 09:00:00,10.7,96.0,18, , 
2014279N11096,2014,HUDHUD,2014-10-06 12:00:00,10.7,95.9,20, , 
2014279N11096,2014,HUDHUD,2014-10-06 15:00:00,10.7,95.8,23, , 
2014279N11096,2014,HUDHUD,2014-10-06 18:00:00,10.8,95.6,25, , 
2014279N11096,2014,HUDHUD,2014-10-06 21:00:00,10.9,95.4,25, , 
2014279N11096,2014,HUDHUD,2014-10-07 00:00:00,11.0,95.2,25, , 
2014279N11096,2014,HUDHUD,2014-10-07 03:00:00,11.2,95.0,25,25,25
2014279N11096,2014,HUDHUD,2014-10-07 06:00:00,11.4,94.7,25,25,25
2014279N11096,2014,HUDHUD,2014-10-07 09:00:00,11.5,94.4,28, ,28
2014279N11096,2014,HUDHUD,2014-10-07 12:00:00,11.7,94.1,30,30,30
2014279N11096,2014,HUDHUD,2014-10-07 15:00:00,11.8,93.8,30, ,30
2014279N11096,2014,HUDHUD,2014-10-07 18:00:00,11.9,93.5,30,30,30
2014279N11096,2014,HUDHUD,2014-10-07 21:00:00,12.0,93.2,33, ,30
2014279N11096,2014,HUDHUD,2014-10-08 00:00:00,12.2,92.9,35,30,30
2014279N11096,2014,HUDHUD,2014-10-08 03:00:00,12.3,92.6,38,35,35
2014279N11096,2014,HUDHUD,2014-10-08 06:00:00,12.6,92.1,40,40,40
2014279N11096,2014,HUDHUD,2014-10-08 09:00:00,12.8,91.4,43,40,40
2014279N11096,2014,HUDHUD,2014-10-08 12:00:00,12.9,90.9,45,40,40
2014279N11096,2014,HUDHUD,2014-10-08 15:00:00,13.1,90.4,48,40,40
2014279N11096,2014,HUDHUD,2014-10-08 18:00:00,13.3,90.1,50,45,45
2014279N11096,2014,HUDHUD,2014-10-08 21:00:00,13.5,89.6,53,45,45
2014279N11096,2014,HUDHUD,2014-10-09 00:00:00,13.6,89.3,55,45,45
2014279N11096,2014,HUDHUD,2014-10-09 03:00:00,13.7,89.1,58,55,55
2014279N11096,2014,HUDHUD,2014-10-09 06:00:00,13.8,88.9,60,55,55
2014279N11096,2014,HUDHUD,2014-10-09 09:00:00,13.9,88.6,60,55,55
2014279N11096,2014,HUDHUD,2014-10-09 12:00:00,14.1,88.5,60,55,55
2014279N11096,2014,HUDHUD,2014-10-09 15:00:00,14.1,88.2,60,55,55
2014279N11096,2014,HUDHUD,2014-10-09 18:00:00,14.2,88.0,60,55,55
2014279N11096,2014,HUDHUD,2014-10-09 21:00:00,14.4,87.8,63,60,60
2014279N11096,2014,HUDHUD,2014-10-10 00:00:00,14.6,87.6,65,60,60
2014279N11096,2014,HUDHUD,2014-10-10 03:00:00,14.8,87.3,65,60,60
2014279N11096,2014,HUDHUD,2014-10-10 06:00:00,14.9,87.2,65,60,60
2014279N11096,2014,HUDHUD,2014-10-10 09:00:00,15.1,87.0,70,65,65
2014279N11096,2014,HUDHUD,2014-10-10 12:00:00,15.3,86.8,75,70,70
2014279N11096,2014,HUDHUD,2014-10-10 15:00:00,15.5,86.5,80,75,75
2014279N11096,2014,HUDHUD,2014-10-10 18:00:00,15.6,86.3,85,75,75
2014279N11096,2014,HUDHUD,2014-10-10 21:00:00,15.7,86.0,90,75,75
2014279N11096,2014,HUDHUD,2014-10-11 00:00:00,15.9,85.7,95,75,75
2014279N11096,2014,HUDHUD,2014-10-11 03:00:00,16.0,85.4,100,80,80
2014279N11096,2014,HUDHUD,2014-10-11 06:00:00,16.1,85.1,105,90,90
2014279N11096,2014,HUDHUD,2014-10-11 09:00:00,16.1,85.0,110,90,90
2014279N11096,2014,HUDHUD,2014-10-11 12:00:00,16.2,84.9,115,95,95
2014279N11096,2014,HUDHUD,2014-10-11 15:00:00,16.3,84.8,115,95,95
2014279N11096,2014,HUDHUD,2014-10-11 18:00:00,16.6,84.6,115,100,100
2014279N11096,2014,HUDHUD,2014-10-11 21:00:00,16.8,84.4,115,100,100
2014279N11096,2014,HUDHUD,2014-10-12 00:00:00,17.2,84.1,115,100,100
2014279N11096,2014,HUDHUD,2014-10-12 03:00:00,17.4,83.8,115,100,100
2014279N11096,2014,HUDHUD,2014-10-12 06:00:00,17.6,83.4,115,100,100
2014279N11096,2014,HUDHUD,2014-10-12 09:00:00,17.8,83.1,110,90,90
2014279N11096,2014,HUDHUD,2014-10-12 12:00:00,18.0,82.8,105,60,60
2014279N11096,2014,HUDHUD,2014-10-12 15:00:00,18.3,82.5,93,45,45
2014279N11096,2014,HUDHUD,2014-10-12 18:00:00,18.8,82.3,80,40,40
2014279N11096,2014,HUDHUD,2014-10-12 21:00:00,19.0,82.1,68,40,40
2014279N11096,2014,HUDHUD,2014-10-13 00:00:00,19.7,81.6,55,30,30
2014279N11096,2014,HUDHUD,2014-10-13 03:00:00,20.5,81.5,48,30,30
2014279N11096,2014,HUDHUD,2014-10-13 06:00:00,20.8,81.4,40,30,30
2014279N11096,2014,HUDHUD,2014-10-13 09:00:00,21.1,81.4,35, ,28
2014279N11096,2014,HUDHUD,2014-10-13 12:00:00,21.4,81.4,30,25,25
2014279N11096,2014,HUDHUD,2014-10-13 15:00:00,21.7,81.5, , ,25
2014279N11096,2014,HUDHUD,2014-10-13 18:00:00,22.3,81.5, ,25,25
2014279N11096,2014,HUDHUD,2014-10-13 21:00:00,23.6,81.5, , ,25
2014279N11096,2014,HUDHUD,2014-10-14 00:00:00,24.8,81.5, ,25,25
2014279N11096,2014,HUDHUD,2014-10-14 03:00:00,25.1,81.6, ,20,20
2014279N11096,2014,HUDHUD,2014-10-14 06:00:00,25.6,81.7, ,20,20
2014279N11096,2014,HUDHUD,2014-10-14 09:00:00,26.3,81.8, ,20,20
2014297N11062,2014,NILOFAR,2014-10-23 12:00:00,10.8,62.1,15, , 
2014297N11062,2014,NILOFAR,2014-10-23 15:00:00,11.0,61.9,15, , 
2014297N11062,2014,NILOFAR,2014-10-23 18:00:00,11.1,61.8,15, , 
2014297N11062,2014,NILOFAR,2014-10-23 21:00:00,11.2,61.7,18, , 
2014297N11062,2014,NILOFAR,2014-10-24 00:00:00,11.3,61.6,20, , 
2014297N11062,2014,NILOFAR,2014-10-24 03:00:00,11.4,61.5,20, , 
2014297N11062,2014,NILOFAR,2014-10-24 06:00:00,11.6,61.5,20, , 
2014297N11062,2014,NILOFAR,2014-10-24 09:00:00,11.7,61.6,20, , 
2014297N11062,2014,NILOFAR,2014-10-24 12:00:00,11.8,61.7,20, , 
2014297N11062,2014,NILOFAR,2014-10-24 15:00:00,11.9,61.8,23, , 
2014297N11062,2014,NILOFAR,2014-10-24 18:00:00,12.0,62.0,25, , 
2014297N11062,2014,NILOFAR,2014-10-24 21:00:00,12.1,62.2,28, , 
2014297N11062,2014,NILOFAR,2014-10-25 00:00:00,12.3,62.1,30,25,25
2014297N11062,2014,NILOFAR,2014-10-25 03:00:00,12.6,62.1,30,25,25
2014297N11062,2014,NILOFAR,2014-10-25 06:00:00,12.7,62.0,30,25,25
2014297N11062,2014,NILOFAR,2014-10-25 09:00:00,13.0,61.9,33, ,25
2014297N11062,2014,NILOFAR,2014-10-25 12:00:00,13.3,61.9,35,25,25
2014297N11062,2014,NILOFAR,2014-10-25 15:00:00,13.3,61.9,35, ,25
2014297N11062,2014,NILOFAR,2014-10-25 18:00:00,13.5,62.0,35,25,25
2014297N11062,2014,NILOFAR,2014-10-25 21:00:00,13.8,62.3,38, ,25
2014297N11062,2014,NILOFAR,2014-10-26 00:00:00,14.1,62.5,40,25,25
2014297N11062,2014,NILOFAR,2014-10-26 03:00:00,14.1,62.5,43,30,30
2014297N11062,2014,NILOFAR,2014-10-26 06:00:00,14.2,62.5,45,35,35
2014297N11062,2014,NILOFAR,2014-10-26 09:00:00,14.2,62.5,50,35,35
2014297N11062,2014,NILOFAR,2014-10-26 12:00:00,14.3,62.5,55,40,40
2014297N11062,2014,NILOFAR,2014-10-26 15:00:00,14.3,62.5,55,40,40
2014297N11062,2014,NILOFAR,2014-10-26 18:00:00,14.5,62.5,55,45,45
2014297N11062,2014,NILOFAR,2014-10-26 21:00:00,14.6,62.4,60,50,50
2014297N11062,2014,NILOFAR,2014-10-27 00:00:00,14.8,62.4,65,55,55
2014297N11062,2014,NILOFAR,2014-10-27 03:00:00,14.8,62.3,68,60,60
2014297N11062,2014,NILOFAR,2014-10-27 06:00:00,14.9,62.3,70,65,65
2014297N11062,2014,NILOFAR,2014-10-27 09:00:00,14.9,62.2,75,65,65
2014297N11062,2014,NILOFAR,2014-10-27 12:00:00,15.0,62.2,80,70,70
2014297N11062,2014,NILOFAR,2014-10-27 15:00:00,15.1,62.1,85,70,70
2014297N11062,2014,NILOFAR,2014-10-27 18:00:00,15.2,62.1,90,70,70
2014297N11062,2014,NILOFAR,2014-10-27 21:00:00,15.4,61.8,93,75,75
2014297N11062,2014,NILOFAR,2014-10-28 00:00:00,15.6,61.8,95,75,75
2014297N11062,2014,NILOFAR,2014-10-28 03:00:00,15.8,61.7,98,75,75
2014297N11062,2014,NILOFAR,2014-10-28 06:00:00,16.0,61.7,100,80,80
2014297N11062,2014,NILOFAR,2014-10-28 09:00:00,16.3,61.7,108,90,90
2014297N11062,2014,NILOFAR,2014-10-28 12:00:00,16.8,61.8,115,100,100
2014297N11062,2014,NILOFAR,2014-10-28 15:00:00,17.2,61.8,115,105,105
2014297N11062,2014,NILOFAR,2014-10-28 18:00:00,17.7,61.7,115,110,110
2014297N11062,2014,NILOFAR,2014-10-28 21:00:00,17.9,61.7,110,110,110
2014297N11062,2014,NILOFAR,2014-10-29 00:00:00,18.1,61.8,105,105,105
2014297N11062,2014,NILOFAR,2014-10-29 03:00:00,18.5,61.8,100,100,100
2014297N11062,2014,NILOFAR,2014-10-29 06:00:00,18.7,61.9,95,95,95
2014297N11062,2014,NILOFAR,2014-10-29 09:00:00,18.8,62.0,88,90,90
2014297N11062,2014,NILOFAR,2014-10-29 12:00:00,19.0,62.2,80,80,80
2014297N11062,2014,NILOFAR,2014-10-29 15:00:00,19.2,62.5,75,70,70
2014297N11062,2014,NILOFAR,2014-10-29 18:00:00,19.3,62.9,70,70,70
2014297N11062,2014,NILOFAR,2014-10-29 21:00:00,19.4,63.2,65,60,60
2014297N11062,2014,NILOFAR,2014-10-30 00:00:00,19.6,63.6,60,60,60
2014297N11062,2014,NILOFAR,2014-10-30 03:00:00,19.8,63.9,55,50,50
2014297N11062,2014,NILOFAR,2014-10-30 06:00:00,20.1,64.2,50,45,45
2014297N11062,2014,NILOFAR,2014-10-30 09:00:00,20.1,64.4,48,40,40
2014297N11062,2014,NILOFAR,2014-10-30 12:00:00,20.3,64.6,45,40,40
2014297N11062,2014,NILOFAR,2014-10-30 15:00:00,20.4,64.6,40, ,38
2014297N11062,2014,NILOFAR,2014-10-30 18:00:00,20.5,64.8,35,35,35
2014297N11062,2014,NILOFAR,2014-10-30 21:00:00,20.6,64.9,33,30,30
2014297N11062,2014,NILOFAR,2014-10-31 00:00:00,20.7,65.0,30,25,25
2014297N11062,2014,NILOFAR,2014-10-31 03:00:00,20.8,65.1,28, , 
2014297N11062,2014,NILOFAR,2014-10-31 06:00:00,21.0,65.1,25, , 
2014297N11062,2014,NILOFAR,2014-10-31 09:00:00,21.2,65.1,25, , 
2014297N11062,2014,NILOFAR,2014-10-31 12:00:00,21.4,65.0,25, , 
2014297N11062,2014,NILOFAR,2014-10-31 15:00:00,21.6,64.9,23, , 
2014297N11062,2014,NILOFAR,2014-10-31 18:00:00,21.7,64.7,20, , 
2014297N11062,2014,NILOFAR,2014-10-31 21:00:00,21.7,64.5,20, , 
2014297N11062,2014,NILOFAR,2014-11-01 00:00:00,21.7,64.2,20, , 
2014297N11062,2014,NILOFAR,2014-11-01 03:00:00,21.7,64.0,20, , 
2014297N11062,2014,NILOFAR,2014-11-01 06:00:00,21.7,63.8,20, , 
2014297N11062,2014,NILOFAR,2014-11-01 09:00:00,21.7,63.6,18, , 
2014297N11062,2014,NILOFAR,2014-11-01 12:00:00,21.7,63.3,15, , 
2014309N13088,2014,UNNAMED,2014-11-05 00:00:00,12.8,87.8,20, , 
2014309N13088,2014,UNNAMED,2014-11-05 03:00:00,12.9,87.7,20, , 
2014309N13088,2014,UNNAMED,2014-11-05 06:00:00,13.0,87.6,20, , 
2014309N13088,2014,UNNAMED,2014-11-05 09:00:00,13.1,87.5,23,25,25
2014309N13088,2014,UNNAMED,2014-11-05 12:00:00,13.2,87.4,25,25,25
2014309N13088,2014,UNNAMED,2014-11-05 15:00:00,13.3,87.4,28, ,25
2014309N13088,2014,UNNAMED,2014-11-05 18:00:00,13.5,87.4,30,25,25
2014309N13088,2014,UNNAMED,2014-11-05 21:00:00,13.7,87.3,33, ,25
2014309N13088,2014,UNNAMED,2014-11-06 00:00:00,13.8,87.3,35,25,25
2014309N13088,2014,UNNAMED,2014-11-06 03:00:00,13.8,87.4,33,30,30
2014309N13088,2014,UNNAMED,2014-11-06 06:00:00,13.8,87.7,30,30,30
2014309N13088,2014,UNNAMED,2014-11-06 09:00:00,13.7,87.9,28, ,30
2014309N13088,2014,UNNAMED,2014-11-06 12:00:00,13.7,88.1,25,30,30
2014309N13088,2014,UNNAMED,2014-11-06 15:00:00,13.6,88.2,25, ,30
2014309N13088,2014,UNNAMED,2014-11-06 18:00:00,13.6,88.2,25,30,30
2014309N13088,2014,UNNAMED,2014-11-06 21:00:00,13.7,88.0,25, ,30
2014309N13088,2014,UNNAMED,2014-11-07 00:00:00,13.9,87.9,25,30,30
2014309N13088,2014,UNNAMED,2014-11-07 03:00:00,14.1,87.7,25,30,30
2014309N13088,2014,UNNAMED,2014-11-07 06:00:00,14.2,87.6,25,25,25
2014309N13088,2014,UNNAMED,2014-11-07 09:00:00,14.2,87.5,25, ,25
2014309N13088,2014,UNNAMED,2014-11-07 12:00:00,14.2,87.4,25,25,25
2014309N13088,2014,UNNAMED,2014-11-07 15:00:00,14.2,87.1,25, ,25
2014309N13088,2014,UNNAMED,2014-11-07 18:00:00,14.3,86.8,25,25,25
2014309N13088,2014,UNNAMED,2014-11-07 21:00:00,14.4,86.4,23, ,25
2014309N13088,2014,UNNAMED,2014-11-08 00:00:00,14.5,85.9,20,25,25
2014309N13088,2014,UNNAMED,2014-11-08 03:00:00,14.4,85.4,20, , 
2014309N13088,2014,UNNAMED,2014-11-08 06:00:00,14.3,85.1,20, , 
2014309N13088,2014,UNNAMED,2014-11-08 09:00:00,14.1,84.7,20, , 
2014309N13088,2014,UNNAMED,2014-11-08 12:00:00,14.0,84.2,20, , 
2014309N13088,2014,UNNAMED,2014-11-08 15:00:00,14.0,83.7,20, , 
2014309N13088,2014,UNNAMED,2014-11-08 18:00:00,14.1,83.3,20, , 
2014309N13088,2014,UNNAMED,2014-11-08 21:00:00,14.3,83.0,20, , 
2014309N13088,2014,UNNAMED,2014-11-09 00:00:00,14.5,82.7,20, , 
2014309N13088,2014,UNNAMED,2014-11-09 03:00:00,14.7,82.4,20, , 
2014309N13088,2014,UNNAMED,2014-11-09 06:00:00,14.9,82.2,20, , 
2015157N13069,2015,ASHOBAA,2015-06-06 06:00:00,13.1,68.5,25, , 
2015157N13069,2015,ASHOBAA,2015-06-06 09:00:00,13.5,68.6,25, , 
2015157N13069,2015,ASHOBAA,2015-06-06 12:00:00,13.8,68.6,25, , 
2015157N13069,2015,ASHOBAA,2015-06-06 15:00:00,14.1,68.6,25, , 
2015157N13069,2015,ASHOBAA,2015-06-06 18:00:00,14.5,68.6,25, , 
2015157N13069,2015,ASHOBAA,2015-06-06 21:00:00,14.9,68.6,28, , 
2015157N13069,2015,ASHOBAA,2015-06-07 00:00:00,15.2,68.6,30, , 
2015157N13069,2015,ASHOBAA,2015-06-07 03:00:00,15.3,68.5,35,25,25
2015157N13069,2015,ASHOBAA,2015-06-07 06:00:00,15.5,68.4,40,25,25
2015157N13069,2015,ASHOBAA,2015-06-07 09:00:00,15.8,68.3,40, ,25
2015157N13069,2015,ASHOBAA,2015-06-07 12:00:00,16.2,68.3,40,25,25
2015157N13069,2015,ASHOBAA,2015-06-07 15:00:00,16.5,68.3,40, ,25
2015157N13069,2015,ASHOBAA,2015-06-07 18:00:00,16.9,68.3,40,25,25
2015157N13069,2015,ASHOBAA,2015-06-07 21:00:00,17.2,68.0,40, ,28
2015157N13069,2015,ASHOBAA,2015-06-08 00:00:00,17.7,67.6,40,30,30
2015157N13069,2015,ASHOBAA,2015-06-08 03:00:00,18.0,67.2,43,35,35
2015157N13069,2015,ASHOBAA,2015-06-08 06:00:00,18.0,67.0,45,35,35
2015157N13069,2015,ASHOBAA,2015-06-08 09:00:00,18.5,66.6,45,35,35
2015157N13069,2015,ASHOBAA,2015-06-08 12:00:00,18.7,66.4,45,35,35
2015157N13069,2015,ASHOBAA,2015-06-08 15:00:00,18.9,66.1,48,35,35
2015157N13069,2015,ASHOBAA,2015-06-08 18:00:00,19.3,65.7,50,35,35
2015157N13069,2015,ASHOBAA,2015-06-08 21:00:00,19.7,65.4,50,35,35
2015157N13069,2015,ASHOBAA,2015-06-09 00:00:00,20.1,65.1,50,35,35
2015157N13069,2015,ASHOBAA,2015-06-09 03:00:00,20.2,64.8,50,35,35
2015157N13069,2015,ASHOBAA,2015-06-09 06:00:00,20.5,64.4,50,35,35
2015157N13069,2015,ASHOBAA,2015-06-09 09:00:00,20.6,63.8,50,40,40
2015157N13069,2015,ASHOBAA,2015-06-09 12:00:00,21.0,63.3,50,40,40
2015157N13069,2015,ASHOBAA,2015-06-09 15:00:00,21.1,62.8,53,40,40
2015157N13069,2015,ASHOBAA,2015-06-09 18:00:00,21.1,62.6,55,45,45
2015157N13069,2015,ASHOBAA,2015-06-09 21:00:00,21.2,62.3,55,45,45
2015157N13069,2015,ASHOBAA,2015-06-10 00:00:00,21.2,62.0,55,45,45
2015157N13069,2015,ASHOBAA,2015-06-10 03:00:00,21.1,61.8,55,45,45
2015157N13069,2015,ASHOBAA,2015-06-10 06:00:00,21.1,61.6,55,45,45
2015157N13069,2015,ASHOBAA,2015-06-10 09:00:00,21.0,61.3,53,45,45
2015157N13069,2015,ASHOBAA,2015-06-10 12:00:00,21.0,61.3,50,45,45
2015157N13069,2015,ASHOBAA,2015-06-10 15:00:00,20.8,61.1,48,45,45
2015157N13069,2015,ASHOBAA,2015-06-10 18:00:00,20.8,61.1,45,45,45
2015157N13069,2015,ASHOBAA,2015-06-10 21:00:00,20.8,61.2,45,45,45
2015157N13069,2015,ASHOBAA,2015-06-11 00:00:00,20.8,60.9,45,40,40
2015157N13069,2015,ASHOBAA,2015-06-11 03:00:00,20.8,60.8,45,40,40
2015157N13069,2015,ASHOBAA,2015-06-11 06:00:00,20.8,60.6,45,35,35
2015157N13069,2015,ASHOBAA,2015-06-11 09:00:00,20.8,60.4,43,35,35
2015157N13069,2015,ASHOBAA,2015-06-11 12:00:00,20.8,60.2,40,35,35
2015157N13069,2015,ASHOBAA,2015-06-11 15:00:00,20.8,59.9,38,35,35
2015157N13069,2015,ASHOBAA,2015-06-11 18:00:00,20.8,59.9,35,30,30
2015157N13069,2015,ASHOBAA,2015-06-11 21:00:00,20.8,59.8,35, ,28
2015157N13069,2015,ASHOBAA,2015-06-12 00:00:00,20.8,59.8,35,25,25
2015157N13069,2015,ASHOBAA,2015-06-12 03:00:00,20.8,59.7,33,25,25
2015157N13069,2015,ASHOBAA,2015-06-12 06:00:00,20.8,59.7,30,25,25
2015171N18086,2015,UNNAMED,2015-06-20 03:00:00,18.0,86.0, ,25,25
2015171N18086,2015,UNNAMED,2015-06-20 06:00:00,18.5,86.0, ,25,25
2015171N18086,2015,UNNAMED,2015-06-20 09:00:00,18.8,85.8, , ,25
2015171N18086,2015,UNNAMED,2015-06-20 12:00:00,19.0,85.5, ,25,25
2015171N18086,2015,UNNAMED,2015-06-20 15:00:00,19.1,85.4, , ,25
2015171N18086,2015,UNNAMED,2015-06-20 18:00:00,19.2,85.4, ,25,25
2015171N18086,2015,UNNAMED,2015-06-20 21:00:00,19.4,85.2, , ,25
2015171N18086,2015,UNNAMED,2015-06-21 00:00:00,19.7,85.0, ,25,25
2015171N18086,2015,UNNAMED,2015-06-21 03:00:00,20.0,85.0, ,25,25
2015171N18086,2015,UNNAMED,2015-06-21 06:00:00,20.0,84.5, ,25,25
2015171N18086,2015,UNNAMED,2015-06-21 09:00:00,20.2,84.4, , ,25
2015171N18086,2015,UNNAMED,2015-06-21 12:00:00,20.5,84.5, ,25,25
2015171N18086,2015,UNNAMED,2015-06-21 15:00:00,20.8,84.5, , ,25
2015171N18086,2015,UNNAMED,2015-06-21 18:00:00,21.0,84.5, ,25,25
2015173N20067,2015,UNNAMED,2015-06-22 03:00:00,20.0,67.0, ,25,25
2015173N20067,2015,UNNAMED,2015-06-22 06:00:00,20.0,67.0, ,25,25
2015173N20067,2015,UNNAMED,2015-06-22 09:00:00,20.0,66.9, , ,25
2015173N20067,2015,UNNAMED,2015-06-22 12:00:00,20.0,67.0, ,25,25
2015173N20067,2015,UNNAMED,2015-06-22 15:00:00,20.1,67.7, , ,25
2015173N20067,2015,UNNAMED,2015-06-22 18:00:00,20.2,68.5, ,25,25
2015173N20067,2015,UNNAMED,2015-06-22 21:00:00,20.4,68.9, , ,25
2015173N20067,2015,UNNAMED,2015-06-23 00:00:00,20.5,69.5, ,25,25
2015173N20067,2015,UNNAMED,2015-06-23 03:00:00,20.5,70.5, ,30,30
2015173N20067,2015,UNNAMED,2015-06-23 06:00:00,21.0,71.0, ,30,30
2015173N20067,2015,UNNAMED,2015-06-23 09:00:00,21.1,71.2, , ,30
2015173N20067,2015,UNNAMED,2015-06-23 12:00:00,21.0,71.3, ,30,30
2015173N20067,2015,UNNAMED,2015-06-23 15:00:00,21.3,71.4, , ,30
2015173N20067,2015,UNNAMED,2015-06-23 18:00:00,21.6,71.4, ,30,30
2015173N20067,2015,UNNAMED,2015-06-23 21:00:00,21.9,71.4, , ,30
2015173N20067,2015,UNNAMED,2015-06-24 00:00:00,22.2,71.5, ,30,30
2015173N20067,2015,UNNAMED,2015-06-24 03:00:00,22.4,72.0, ,30,30
2015173N20067,2015,UNNAMED,2015-06-24 06:00:00,22.8,72.7, ,30,30
2015173N20067,2015,UNNAMED,2015-06-24 09:00:00,23.0,73.3, , ,28
2015173N20067,2015,UNNAMED,2015-06-24 12:00:00,23.5,74.0, ,25,25
2015173N20067,2015,UNNAMED,2015-06-24 15:00:00,24.6,74.9, , ,25
2015173N20067,2015,UNNAMED,2015-06-24 18:00:00,26.0,76.0, ,25,25
2015191N23085,2015,UNNAMED,2015-07-10 03:00:00,23.1,85.1, ,25,25
2015191N23085,2015,UNNAMED,2015-07-10 06:00:00,23.1,85.0, ,25,25
2015191N23085,2015,UNNAMED,2015-07-10 09:00:00,23.3,84.0, ,25,25
2015191N23085,2015,UNNAMED,2015-07-10 12:00:00,23.5,83.5, ,25,25
2015191N23085,2015,UNNAMED,2015-07-10 15:00:00,23.5,82.5, ,25,25
2015191N23085,2015,UNNAMED,2015-07-10 18:00:00,23.6,82.3, ,25,25
2015191N23085,2015,UNNAMED,2015-07-10 21:00:00,23.8,81.0, ,25,25
2015191N23085,2015,UNNAMED,2015-07-11 00:00:00,24.0,80.5, ,25,25
2015191N23085,2015,UNNAMED,2015-07-11 03:00:00,24.0,80.5, ,25,25
2015191N23085,2015,UNNAMED,2015-07-11 06:00:00,24.5,80.5, ,25,25
2015191N23085,2015,UNNAMED,2015-07-11 09:00:00,24.5,80.5, ,25,25
2015191N23085,2015,UNNAMED,2015-07-11 12:00:00,25.5,80.5, ,25,25
2015191N23085,2015,UNNAMED,2015-07-11 15:00:00,26.0,80.0, ,25,25
2015191N23085,2015,UNNAMED,2015-07-11 18:00:00,26.5,79.5, ,25,25
2015191N23085,2015,UNNAMED,2015-07-11 21:00:00,26.0,78.5, ,25,25
2015191N23085,2015,UNNAMED,2015-07-12 00:00:00,27.5,78.3, ,25,25
2015191N23085,2015,UNNAMED,2015-07-12 03:00:00,28.5,78.0, ,25,25
2015191N23085,2015,UNNAMED,2015-07-12 06:00:00,28.5,77.5, ,25,25
2015191N23085,2015,UNNAMED,2015-07-12 09:00:00,28.5,77.3, ,25,25
2015207N22091,2015,KOMEN,2015-07-26 00:00:00,22.0,90.8, ,20,20
2015207N22091,2015,KOMEN,2015-07-26 03:00:00,22.0,90.8, ,20,20
2015207N22091,2015,KOMEN,2015-07-26 06:00:00,22.0,90.5, ,20,20
2015207N22091,2015,KOMEN,2015-07-26 09:00:00,22.0,90.4, , ,20
2015207N22091,2015,KOMEN,2015-07-26 12:00:00,22.0,90.5, ,20,20
2015207N22091,2015,KOMEN,2015-07-26 15:00:00,22.0,90.5, , ,20
2015207N22091,2015,KOMEN,2015-07-26 18:00:00,22.0,90.5, ,20,20
2015207N22091,2015,KOMEN,2015-07-26 21:00:00,22.0,90.5, , ,20
2015207N22091,2015,KOMEN,2015-07-27 00:00:00,22.0,90.5, ,20,20
2015207N22091,2015,KOMEN,2015-07-27 03:00:00,22.0,90.5, ,25,25
2015207N22091,2015,KOMEN,2015-07-27 06:00:00,22.0,90.5, ,25,25
2015207N22091,2015,KOMEN,2015-07-27 09:00:00,22.0,90.5, , ,25
2015207N22091,2015,KOMEN,2015-07-27 12:00:00,22.0,90.5, ,25,25
2015207N22091,2015,KOMEN,2015-07-27 15:00:00,22.0,90.5, , ,25
2015207N22091,2015,KOMEN,2015-07-27 18:00:00,22.0,90.5, ,25,25
2015207N22091,2015,KOMEN,2015-07-27 21:00:00,22.0,90.5, , ,25
2015207N22091,2015,KOMEN,2015-07-28 00:00:00,22.0,90.5, ,25,25
2015207N22091,2015,KOMEN,2015-07-28 03:00:00,22.0,90.5, ,25,25
2015207N22091,2015,KOMEN,2015-07-28 06:00:00,21.6,90.4,25,25,25
2015207N22091,2015,KOMEN,2015-07-28 09:00:00,21.4,90.4,28, ,25
2015207N22091,2015,KOMEN,2015-07-28 12:00:00,21.3,90.5,30,25,25
2015207N22091,2015,KOMEN,2015-07-28 15:00:00,21.3,90.7,30, ,25
2015207N22091,2015,KOMEN,2015-07-28 18:00:00,21.2,90.9,30,25,25
2015207N22091,2015,KOMEN,2015-07-28 21:00:00,21.0,91.0,33, ,28
2015207N22091,2015,KOMEN,2015-07-29 00:00:00,21.0,91.1,35,30,30
2015207N22091,2015,KOMEN,2015-07-29 03:00:00,21.0,91.1,35,30,30
2015207N22091,2015,KOMEN,2015-07-29 06:00:00,21.1,91.2,35,30,30
2015207N22091,2015,KOMEN,2015-07-29 09:00:00,21.2,91.2,38, ,30
2015207N22091,2015,KOMEN,2015-07-29 12:00:00,21.3,91.3,40,30,30
2015207N22091,2015,KOMEN,2015-07-29 15:00:00,21.4,91.3,40, ,33
2015207N22091,2015,KOMEN,2015-07-29 18:00:00,21.5,91.4,40,35,35
2015207N22091,2015,KOMEN,2015-07-29 21:00:00,21.5,91.4,43, ,35
2015207N22091,2015,KOMEN,2015-07-30 00:00:00,21.7,91.5,45,35,35
2015207N22091,2015,KOMEN,2015-07-30 03:00:00,21.9,91.5,45,35,35
2015207N22091,2015,KOMEN,2015-07-30 06:00:00,22.1,91.5,45,40,40
2015207N22091,2015,KOMEN,2015-07-30 09:00:00,22.1,91.5,43,40,40
2015207N22091,2015,KOMEN,2015-07-30 12:00:00,22.3,91.5,40,35,35
2015207N22091,2015,KOMEN,2015-07-30 15:00:00,22.5,91.4,38,35,35
2015207N22091,2015,KOMEN,2015-07-30 18:00:00,22.7,91.2,35,35,35
2015207N22091,2015,KOMEN,2015-07-30 21:00:00,22.9,91.1,33,30,30
2015207N22091,2015,KOMEN,2015-07-31 00:00:00,23.1,90.2,30,30,30
2015207N22091,2015,KOMEN,2015-07-31 03:00:00,23.1,90.0, ,30,30
2015207N22091,2015,KOMEN,2015-07-31 06:00:00,23.1,89.8, ,30,30
2015207N22091,2015,KOMEN,2015-07-31 09:00:00,23.1,89.6, , ,28
2015207N22091,2015,KOMEN,2015-07-31 12:00:00,23.1,89.5, ,25,25
2015207N22091,2015,KOMEN,2015-07-31 15:00:00,23.1,89.4, , ,25
2015207N22091,2015,KOMEN,2015-07-31 18:00:00,23.1,89.4, ,25,25
2015207N22091,2015,KOMEN,2015-07-31 21:00:00,23.2,89.3, , ,23
2015207N22091,2015,KOMEN,2015-08-01 00:00:00,23.2,89.2, ,20,20
2015207N22091,2015,KOMEN,2015-08-01 03:00:00,23.2,89.2, ,20,20
2015207N22091,2015,KOMEN,2015-08-01 06:00:00,23.5,88.8, ,20,20
2015207N22091,2015,KOMEN,2015-08-01 09:00:00,23.7,88.6, , ,20
2015207N22091,2015,KOMEN,2015-08-01 12:00:00,23.8,88.4, ,20,20
2015207N22091,2015,KOMEN,2015-08-01 15:00:00,23.8,88.0, , ,20
2015207N22091,2015,KOMEN,2015-08-01 18:00:00,23.8,87.5, ,20,20
2015207N22091,2015,KOMEN,2015-08-01 21:00:00,23.9,87.2, , ,20
2015207N22091,2015,KOMEN,2015-08-02 00:00:00,23.8,86.7, ,20,20
2015207N22091,2015,KOMEN,2015-08-02 03:00:00,23.5,86.0, ,20,20
2015207N22091,2015,KOMEN,2015-08-02 06:00:00,23.3,85.7, ,20,20
2015207N22091,2015,KOMEN,2015-08-02 09:00:00,23.1,85.5, ,20,20
2015209N26072,2015,UNNAMED,2015-07-27 12:00:00,26.2,71.8, ,25,25
2015209N26072,2015,UNNAMED,2015-07-27 15:00:00,26.0,71.8, ,25,25
2015209N26072,2015,UNNAMED,2015-07-27 18:00:00,25.8,71.8, ,25,25
2015209N26072,2015,UNNAMED,2015-07-27 21:00:00,26.1,71.8, ,25,25
2015209N26072,2015,UNNAMED,2015-07-28 00:00:00,26.2,71.8, ,25,25
2015209N26072,2015,UNNAMED,2015-07-28 03:00:00,24.8,71.8, ,30,30
2015209N26072,2015,UNNAMED,2015-07-28 06:00:00,24.8,71.8, ,30,30
2015209N26072,2015,UNNAMED,2015-07-28 09:00:00,24.8,71.8, ,30,30
2015209N26072,2015,UNNAMED,2015-07-28 12:00:00,25.5,72.0, ,30,30
2015209N26072,2015,UNNAMED,2015-07-28 15:00:00,25.6,72.1, ,30,30
2015209N26072,2015,UNNAMED,2015-07-28 18:00:00,25.8,72.1, ,30,30
2015209N26072,2015,UNNAMED,2015-07-28 21:00:00,25.9,72.3, ,25,25
2015209N26072,2015,UNNAMED,2015-07-29 00:00:00,26.5,72.5, ,25,25
2015209N26072,2015,UNNAMED,2015-07-29 03:00:00,27.2,73.0, ,25,25
2015209N26072,2015,UNNAMED,2015-07-29 06:00:00,27.2,73.0, ,25,25
2015209N26072,2015,UNNAMED,2015-07-29 09:00:00,27.2,73.0, ,25,25
2015209N26072,2015,UNNAMED,2015-07-29 12:00:00,27.7,73.0, ,25,25
2015209N26072,2015,UNNAMED,2015-07-29 15:00:00,27.9,73.0, ,25,25
2015209N26072,2015,UNNAMED,2015-07-29 18:00:00,27.9,73.1, ,25,25
2015209N26072,2015,UNNAMED,2015-07-29 21:00:00,28.0,73.1, ,25,25
2015209N26072,2015,UNNAMED,2015-07-30 00:00:00,28.7,73.4, ,25,25
2015216N23081,2015,UNNAMED,2015-08-04 03:00:00,22.7,80.5, ,25,25
2015216N23081,2015,UNNAMED,2015-08-04 06:00:00,22.7,80.0, ,25,25
2015216N23081,2015,UNNAMED,2015-08-04 09:00:00,22.7,79.5, ,25,25
2015216N23081,2015,UNNAMED,2015-08-04 12:00:00,22.7,77.8, ,25,25
2015216N23081,2015,UNNAMED,2015-08-04 15:00:00,22.7,77.3, , ,25
2015216N23081,2015,UNNAMED,2015-08-04 18:00:00,22.7,77.8, ,25,25
2015259N20084,2015,UNNAMED,2015-09-16 03:00:00,19.6,83.5, ,25,25
2015259N20084,2015,UNNAMED,2015-09-16 06:00:00,20.3,83.0, ,25,25
2015259N20084,2015,UNNAMED,2015-09-16 09:00:00,20.4,82.7, ,25,25
2015259N20084,2015,UNNAMED,2015-09-16 12:00:00,20.5,82.5, ,25,25
2015259N20084,2015,UNNAMED,2015-09-16 15:00:00,20.6,82.0, ,25,25
2015259N20084,2015,UNNAMED,2015-09-16 18:00:00,20.8,81.9, ,25,25
2015259N20084,2015,UNNAMED,2015-09-16 21:00:00,21.0,81.9, ,25,25
2015259N20084,2015,UNNAMED,2015-09-17 00:00:00,21.1,81.5, ,25,25
2015259N20084,2015,UNNAMED,2015-09-17 03:00:00,21.0,79.5, ,30,30
2015259N20084,2015,UNNAMED,2015-09-17 06:00:00,20.5,79.5, ,30,30
2015259N20084,2015,UNNAMED,2015-09-17 09:00:00,20.0,79.5, ,30,30
2015259N20084,2015,UNNAMED,2015-09-17 12:00:00,20.5,79.0, ,30,30
2015259N20084,2015,UNNAMED,2015-09-17 15:00:00,20.0,77.5, ,30,30
2015259N20084,2015,UNNAMED,2015-09-17 18:00:00,20.0,77.0, ,30,30
2015259N20084,2015,UNNAMED,2015-09-17 21:00:00,20.0,76.4, ,30,30
2015259N20084,2015,UNNAMED,2015-09-18 00:00:00,20.8,77.4, ,25,25
2015259N20084,2015,UNNAMED,2015-09-18 03:00:00,20.7,77.0, ,30,30
2015259N20084,2015,UNNAMED,2015-09-18 06:00:00,20.0,77.0, ,30,30
2015259N20084,2015,UNNAMED,2015-09-18 09:00:00,20.7,76.5, ,25,25
2015259N20084,2015,UNNAMED,2015-09-18 12:00:00,20.5,76.0, ,25,25
2015259N20084,2015,UNNAMED,2015-09-18 15:00:00,20.5,75.8, ,25,25
2015259N20084,2015,UNNAMED,2015-09-18 18:00:00,20.5,75.5, ,25,25
2015259N20084,2015,UNNAMED,2015-09-18 21:00:00,20.8,75.0, ,25,25
2015259N20084,2015,UNNAMED,2015-09-19 00:00:00,21.0,74.5, ,25,25
2015280N13071,2015,UNNAMED,2015-10-07 00:00:00,12.7,71.3,25, , 
2015280N13071,2015,UNNAMED,2015-10-07 03:00:00,12.6,71.3,28, , 
2015280N13071,2015,UNNAMED,2015-10-07 06:00:00,12.5,71.4,30, , 
2015280N13071,2015,UNNAMED,2015-10-07 09:00:00,12.5,71.5,30, , 
2015280N13071,2015,UNNAMED,2015-10-07 12:00:00,12.6,71.6,30, , 
2015280N13071,2015,UNNAMED,2015-10-07 15:00:00,12.7,71.7,30, , 
2015280N13071,2015,UNNAMED,2015-10-07 18:00:00,12.8,71.7,30, , 
2015280N13071,2015,UNNAMED,2015-10-07 21:00:00,12.9,71.6,30, , 
2015280N13071,2015,UNNAMED,2015-10-08 00:00:00,12.9,71.5,30, , 
2015280N13071,2015,UNNAMED,2015-10-08 03:00:00,12.9,71.4,30, , 
2015280N13071,2015,UNNAMED,2015-10-08 06:00:00,12.9,71.3,30, , 
2015280N13071,2015,UNNAMED,2015-10-08 09:00:00,13.0,71.2,30, , 
2015280N13071,2015,UNNAMED,2015-10-08 12:00:00,13.2,71.1,30, , 
2015280N13071,2015,UNNAMED,2015-10-08 15:00:00,13.3,71.0,30, , 
2015280N13071,2015,UNNAMED,2015-10-08 18:00:00,13.4,70.9,30, , 
2015280N13071,2015,UNNAMED,2015-10-08 21:00:00,13.5,70.8,30, , 
2015280N13071,2015,UNNAMED,2015-10-09 00:00:00,13.7,70.6,30,25,25
2015280N13071,2015,UNNAMED,2015-10-09 03:00:00,13.8,70.5,33,25,25
2015280N13071,2015,UNNAMED,2015-10-09 06:00:00,14.0,70.4,35,25,25
2015280N13071,2015,UNNAMED,2015-10-09 09:00:00,14.1,70.3,33, ,25
2015280N13071,2015,UNNAMED,2015-10-09 12:00:00,14.3,70.2,30,25,25
2015280N13071,2015,UNNAMED,2015-10-09 15:00:00,14.5,70.1,30, ,28
2015280N13071,2015,UNNAMED,2015-10-09 18:00:00,14.7,69.9,30,30,30
2015280N13071,2015,UNNAMED,2015-10-09 21:00:00,14.8,69.7,30, ,30
2015280N13071,2015,UNNAMED,2015-10-10 00:00:00,15.0,69.6,30,30,30
2015280N13071,2015,UNNAMED,2015-10-10 03:00:00,15.1,69.5,30,30,30
2015280N13071,2015,UNNAMED,2015-10-10 06:00:00,15.1,69.4,30,30,30
2015280N13071,2015,UNNAMED,2015-10-10 09:00:00,15.2,69.4,28, ,30
2015280N13071,2015,UNNAMED,2015-10-10 12:00:00,15.3,69.4,25,30,30
2015280N13071,2015,UNNAMED,2015-10-10 15:00:00,15.3,69.4,25, ,30
2015280N13071,2015,UNNAMED,2015-10-10 18:00:00,15.4,69.4,25,30,30
2015280N13071,2015,UNNAMED,2015-10-10 21:00:00,15.5,69.4,25, ,30
2015280N13071,2015,UNNAMED,2015-10-11 00:00:00,15.6,69.3,25,30,30
2015280N13071,2015,UNNAMED,2015-10-11 03:00:00,15.7,69.3,23,25,25
2015280N13071,2015,UNNAMED,2015-10-11 06:00:00,15.7,69.2,20,25,25
2015280N13071,2015,UNNAMED,2015-10-11 09:00:00,15.8,69.2, , ,25
2015280N13071,2015,UNNAMED,2015-10-11 12:00:00,15.9,69.2, ,25,25
2015280N13071,2015,UNNAMED,2015-10-11 15:00:00,16.0,69.2, , ,25
2015280N13071,2015,UNNAMED,2015-10-11 18:00:00,16.0,69.2, ,25,25
2015280N13071,2015,UNNAMED,2015-10-11 21:00:00,16.0,69.1, , ,23
2015280N13071,2015,UNNAMED,2015-10-12 00:00:00,16.1,69.0, ,20,20
2015301N11065,2015,CHAPALA,2015-10-27 12:00:00,10.7,65.1,25, , 
2015301N11065,2015,CHAPALA,2015-10-27 15:00:00,10.9,65.0,25, , 
2015301N11065,2015,CHAPALA,2015-10-27 18:00:00,11.1,64.9,25, , 
2015301N11065,2015,CHAPALA,2015-10-27 21:00:00,11.3,64.8,28, , 
2015301N11065,2015,CHAPALA,2015-10-28 00:00:00,11.6,64.7,30, , 
2015301N11065,2015,CHAPALA,2015-10-28 03:00:00,11.8,64.7,33,25,25
2015301N11065,2015,CHAPALA,2015-10-28 06:00:00,12.0,64.8,35,25,25
2015301N11065,2015,CHAPALA,2015-10-28 09:00:00,12.4,64.8,35, ,28
2015301N11065,2015,CHAPALA,2015-10-28 12:00:00,12.7,64.8,45,30,30
2015301N11065,2015,CHAPALA,2015-10-28 15:00:00,12.9,64.8,45, ,30
2015301N11065,2015,CHAPALA,2015-10-28 18:00:00,13.1,64.6,45,30,30
2015301N11065,2015,CHAPALA,2015-10-28 21:00:00,13.3,64.4,45, ,33
2015301N11065,2015,CHAPALA,2015-10-29 00:00:00,13.6,64.3,50,35,35
2015301N11065,2015,CHAPALA,2015-10-29 03:00:00,13.7,64.1,53,40,40
2015301N11065,2015,CHAPALA,2015-10-29 06:00:00,13.9,63.8,55,45,45
2015301N11065,2015,CHAPALA,2015-10-29 09:00:00,14.0,63.5,60,50,50
2015301N11065,2015,CHAPALA,2015-10-29 12:00:00,14.2,63.2,65,55,55
2015301N11065,2015,CHAPALA,2015-10-29 15:00:00,14.3,62.8,73,60,60
2015301N11065,2015,CHAPALA,2015-10-29 18:00:00,14.3,62.5,80,65,65
2015301N11065,2015,CHAPALA,2015-10-29 21:00:00,14.3,62.2,90,75,75
2015301N11065,2015,CHAPALA,2015-10-30 00:00:00,14.3,61.8,100,90,90
2015301N11065,2015,CHAPALA,2015-10-30 03:00:00,14.2,61.5,115,105,105
2015301N11065,2015,CHAPALA,2015-10-30 06:00:00,14.2,61.1,130,110,110
2015301N11065,2015,CHAPALA,2015-10-30 09:00:00,14.1,60.8,128,115,115
2015301N11065,2015,CHAPALA,2015-10-30 12:00:00,14.1,60.6,125,115,115
2015301N11065,2015,CHAPALA,2015-10-30 15:00:00,14.0,60.4,123,115,115
2015301N11065,2015,CHAPALA,2015-10-30 18:00:00,13.9,60.2,120,115,115
2015301N11065,2015,CHAPALA,2015-10-30 21:00:00,13.9,59.9,118,115,115
2015301N11065,2015,CHAPALA,2015-10-31 00:00:00,13.8,59.6,115,110,110
2015301N11065,2015,CHAPALA,2015-10-31 03:00:00,13.8,59.2,113,110,110
2015301N11065,2015,CHAPALA,2015-10-31 06:00:00,13.8,58.7,110,105,105
2015301N11065,2015,CHAPALA,2015-10-31 09:00:00,13.8,58.3,110,105,105
2015301N11065,2015,CHAPALA,2015-10-31 12:00:00,13.8,57.9,110,105,105
2015301N11065,2015,CHAPALA,2015-10-31 15:00:00,13.8,57.5,110,105,105
2015301N11065,2015,CHAPALA,2015-10-31 18:00:00,13.8,57.2,110,105,105
2015301N11065,2015,CHAPALA,2015-10-31 21:00:00,13.7,56.8,113,105,105
2015301N11065,2015,CHAPALA,2015-11-01 00:00:00,13.7,56.4,115,105,105
2015301N11065,2015,CHAPALA,2015-11-01 03:00:00,13.6,56.1,115,105,105
2015301N11065,2015,CHAPALA,2015-11-01 06:00:00,13.6,55.7,115,100,100
2015301N11065,2015,CHAPALA,2015-11-01 09:00:00,13.5,55.2,118,100,100
2015301N11065,2015,CHAPALA,2015-11-01 12:00:00,13.6,54.7,120,100,100
2015301N11065,2015,CHAPALA,2015-11-01 15:00:00,13.5,54.2,120,100,100
2015301N11065,2015,CHAPALA,2015-11-01 18:00:00,13.4,53.7,120,100,100
2015301N11065,2015,CHAPALA,2015-11-01 21:00:00,13.3,53.1,115,100,100
2015301N11065,2015,CHAPALA,2015-11-02 00:00:00,13.2,52.6,110,100,100
2015301N11065,2015,CHAPALA,2015-11-02 03:00:00,13.2,52.2,108,95,95
2015301N11065,2015,CHAPALA,2015-11-02 06:00:00,13.3,51.6,105,90,90
2015301N11065,2015,CHAPALA,2015-11-02 09:00:00,13.3,51.0,103,90,90
2015301N11065,2015,CHAPALA,2015-11-02 12:00:00,13.4,50.6,100,85,85
2015301N11065,2015,CHAPALA,2015-11-02 15:00:00,13.5,50.0,95,85,85
2015301N11065,2015,CHAPALA,2015-11-02 18:00:00,13.7,49.6,90,80,80
2015301N11065,2015,CHAPALA,2015-11-02 21:00:00,13.8,49.3,83,75,75
2015301N11065,2015,CHAPALA,2015-11-03 00:00:00,14.0,48.9,75,65,65
2015301N11065,2015,CHAPALA,2015-11-03 03:00:00,14.1,48.4,60,55,55
2015301N11065,2015,CHAPALA,2015-11-03 06:00:00,14.1,47.9,50,45,45
2015301N11065,2015,CHAPALA,2015-11-03 09:00:00,14.1,47.6,45,40,40
2015301N11065,2015,CHAPALA,2015-11-03 12:00:00,14.1,47.4,40,40,40
2015301N11065,2015,CHAPALA,2015-11-03 15:00:00,14.2,47.2,35,40,40
2015301N11065,2015,CHAPALA,2015-11-03 18:00:00,14.3,47.1,30,30,30
2015301N11065,2015,CHAPALA,2015-11-03 21:00:00,14.5,46.8, , ,28
2015301N11065,2015,CHAPALA,2015-11-04 00:00:00,14.8,46.5, ,25,25
2015309N14067,2015,MEGH,2015-11-04 12:00:00,14.0,66.9,20, , 
2015309N14067,2015,MEGH,2015-11-04 15:00:00,14.0,66.6,23, , 
2015309N14067,2015,MEGH,2015-11-04 18:00:00,14.0,66.4,25, , 
2015309N14067,2015,MEGH,2015-11-04 21:00:00,14.1,66.1,28, , 
2015309N14067,2015,MEGH,2015-11-05 00:00:00,14.1,65.8,30,25,25
2015309N14067,2015,MEGH,2015-11-05 03:00:00,14.1,65.4,33,25,25
2015309N14067,2015,MEGH,2015-11-05 06:00:00,14.0,64.8,35,30,30
2015309N14067,2015,MEGH,2015-11-05 09:00:00,14.0,64.3,35, ,33
2015309N14067,2015,MEGH,2015-11-05 12:00:00,14.0,64.0,35,35,35
2015309N14067,2015,MEGH,2015-11-05 15:00:00,13.9,63.6,38,40,40
2015309N14067,2015,MEGH,2015-11-05 18:00:00,13.8,63.3,40,45,45
2015309N14067,2015,MEGH,2015-11-05 21:00:00,13.7,62.9,40,45,45
2015309N14067,2015,MEGH,2015-11-06 00:00:00,13.6,62.5,40,45,45
2015309N14067,2015,MEGH,2015-11-06 03:00:00,13.4,62.2,43,45,45
2015309N14067,2015,MEGH,2015-11-06 06:00:00,13.3,61.9,45,45,45
2015309N14067,2015,MEGH,2015-11-06 09:00:00,13.1,61.6,45,45,45
2015309N14067,2015,MEGH,2015-11-06 12:00:00,13.1,61.2,45,45,45
2015309N14067,2015,MEGH,2015-11-06 15:00:00,12.9,60.9,45,45,45
2015309N14067,2015,MEGH,2015-11-06 18:00:00,12.9,60.7,45,45,45
2015309N14067,2015,MEGH,2015-11-06 21:00:00,12.8,60.4,50,45,45
2015309N14067,2015,MEGH,2015-11-07 00:00:00,12.8,60.1,55,45,45
2015309N14067,2015,MEGH,2015-11-07 03:00:00,12.8,59.6,60,45,45
2015309N14067,2015,MEGH,2015-11-07 06:00:00,12.7,59.3,65,50,50
2015309N14067,2015,MEGH,2015-11-07 09:00:00,12.7,58.8,73,55,55
2015309N14067,2015,MEGH,2015-11-07 12:00:00,12.8,58.4,80,60,60
2015309N14067,2015,MEGH,2015-11-07 15:00:00,12.7,57.9,85,65,65
2015309N14067,2015,MEGH,2015-11-07 18:00:00,12.8,57.3,90,70,70
2015309N14067,2015,MEGH,2015-11-07 21:00:00,12.7,56.7,98,80,80
2015309N14067,2015,MEGH,2015-11-08 00:00:00,12.7,56.1,105,85,85
2015309N14067,2015,MEGH,2015-11-08 03:00:00,12.7,55.5,108,90,90
2015309N14067,2015,MEGH,2015-11-08 06:00:00,12.7,54.9,110,95,95
2015309N14067,2015,MEGH,2015-11-08 09:00:00,12.7,54.2,103,95,95
2015309N14067,2015,MEGH,2015-11-08 12:00:00,12.7,53.5,95,90,90
2015309N14067,2015,MEGH,2015-11-08 15:00:00,12.6,52.8,88,90,90
2015309N14067,2015,MEGH,2015-11-08 18:00:00,12.5,52.3,80,90,90
2015309N14067,2015,MEGH,2015-11-08 21:00:00,12.4,51.6,75,90,90
2015309N14067,2015,MEGH,2015-11-09 00:00:00,12.3,50.9,70,85,85
2015309N14067,2015,MEGH,2015-11-09 03:00:00,12.2,50.2,65,80,80
2015309N14067,2015,MEGH,2015-11-09 06:00:00,12.3,49.6,60,80,80
2015309N14067,2015,MEGH,2015-11-09 09:00:00,12.3,48.9,55,75,75
2015309N14067,2015,MEGH,2015-11-09 12:00:00,12.5,48.3,50,70,70
2015309N14067,2015,MEGH,2015-11-09 15:00:00,12.5,48.0,45,65,65
2015309N14067,2015,MEGH,2015-11-09 18:00:00,12.6,47.6,40,65,65
2015309N14067,2015,MEGH,2015-11-09 21:00:00,12.7,47.3,35,60,60
2015309N14067,2015,MEGH,2015-11-10 00:00:00,12.9,47.0,30,50,50
2015309N14067,2015,MEGH,2015-11-10 03:00:00,13.0,46.8,28,40,40
2015309N14067,2015,MEGH,2015-11-10 06:00:00,13.3,46.6,25,30,30
2015309N14067,2015,MEGH,2015-11-10 09:00:00,13.5,46.6,23, ,28
2015309N14067,2015,MEGH,2015-11-10 12:00:00,13.7,46.6,20,25,25
2015312N11084,2015,UNNAMED,2015-11-08 03:00:00,10.7,83.7, ,25,25
2015312N11084,2015,UNNAMED,2015-11-08 06:00:00,10.8,83.2, ,25,25
2015312N11084,2015,UNNAMED,2015-11-08 09:00:00,10.9,82.8, , ,25
2015312N11084,2015,UNNAMED,2015-11-08 12:00:00,11.0,82.5, ,25,25
2015312N11084,2015,UNNAMED,2015-11-08 15:00:00,11.1,82.0, , ,28
2015312N11084,2015,UNNAMED,2015-11-08 18:00:00,11.2,81.4, ,30,30
2015312N11084,2015,UNNAMED,2015-11-08 21:00:00,11.3,81.0, , ,30
2015312N11084,2015,UNNAMED,2015-11-09 00:00:00,11.4,80.7, ,30,30
2015312N11084,2015,UNNAMED,2015-11-09 03:00:00,11.6,80.3, ,30,30
2015312N11084,2015,UNNAMED,2015-11-09 06:00:00,11.7,80.1, ,30,30
2015312N11084,2015,UNNAMED,2015-11-09 09:00:00,11.9,80.0, , ,30
2015312N11084,2015,UNNAMED,2015-11-09 12:00:00,12.1,80.0, ,30,30
2015312N11084,2015,UNNAMED,2015-11-09 15:00:00,12.3,80.0, , ,30
2015312N11084,2015,UNNAMED,2015-11-09 18:00:00,12.4,79.9, ,30,30
2015312N11084,2015,UNNAMED,2015-11-09 21:00:00,12.4,79.8, , ,30
2015312N11084,2015,UNNAMED,2015-11-10 00:00:00,12.4,79.6, ,30,30
2015312N11084,2015,UNNAMED,2015-11-10 03:00:00,12.4,79.3, ,20,20
2016138N10081,2016,ROANU,2016-05-17 00:00:00,10.0,80.8,25, , 
2016138N10081,2016,ROANU,2016-05-17 03:00:00,10.5,81.0,25,25,25
2016138N10081,2016,ROANU,2016-05-17 06:00:00,10.8,81.1,25,25,25
2016138N10081,2016,ROANU,2016-05-17 09:00:00,11.2,81.1,28, ,25
2016138N10081,2016,ROANU,2016-05-17 12:00:00,11.7,81.1,30,25,25
2016138N10081,2016,ROANU,2016-05-17 15:00:00,12.1,81.1,33, ,25
2016138N10081,2016,ROANU,2016-05-17 18:00:00,12.5,81.1,35,25,25
2016138N10081,2016,ROANU,2016-05-17 21:00:00,12.8,81.2,38, ,25
2016138N10081,2016,ROANU,2016-05-18 00:00:00,13.1,81.2,40,25,25
2016138N10081,2016,ROANU,2016-05-18 03:00:00,13.4,81.3,43,30,30
2016138N10081,2016,ROANU,2016-05-18 06:00:00,13.9,81.3,45,30,30
2016138N10081,2016,ROANU,2016-05-18 09:00:00,14.2,81.3,45, ,30
2016138N10081,2016,ROANU,2016-05-18 12:00:00,14.4,81.3,45,30,30
2016138N10081,2016,ROANU,2016-05-18 15:00:00,14.5,81.3,45, ,30
2016138N10081,2016,ROANU,2016-05-18 18:00:00,14.7,81.3,45,30,30
2016138N10081,2016,ROANU,2016-05-18 21:00:00,14.9,81.4,45, ,33
2016138N10081,2016,ROANU,2016-05-19 00:00:00,15.1,81.6,45,35,35
2016138N10081,2016,ROANU,2016-05-19 03:00:00,15.4,81.8,48,35,35
2016138N10081,2016,ROANU,2016-05-19 06:00:00,15.4,82.0,50,40,40
2016138N10081,2016,ROANU,2016-05-19 09:00:00,15.5,82.2,50, ,40
2016138N10081,2016,ROANU,2016-05-19 12:00:00,15.8,82.5,50,40,40
2016138N10081,2016,ROANU,2016-05-19 15:00:00,16.1,82.8,48,40,40
2016138N10081,2016,ROANU,2016-05-19 18:00:00,16.5,83.1,45,40,40
2016138N10081,2016,ROANU,2016-05-19 21:00:00,16.9,83.5,45,40,40
2016138N10081,2016,ROANU,2016-05-20 00:00:00,17.4,84.0,45,40,40
2016138N10081,2016,ROANU,2016-05-20 03:00:00,18.1,84.7,48,40,40
2016138N10081,2016,ROANU,2016-05-20 06:00:00,18.6,85.1,50,40,40
2016138N10081,2016,ROANU,2016-05-20 09:00:00,18.9,85.6,53,40,40
2016138N10081,2016,ROANU,2016-05-20 12:00:00,19.4,86.7,55,40,40
2016138N10081,2016,ROANU,2016-05-20 15:00:00,19.8,87.3,55,40,40
2016138N10081,2016,ROANU,2016-05-20 18:00:00,20.2,88.0,55,45,45
2016138N10081,2016,ROANU,2016-05-20 21:00:00,20.5,88.7,58,45,45
2016138N10081,2016,ROANU,2016-05-21 00:00:00,20.9,89.4,60,45,45
2016138N10081,2016,ROANU,2016-05-21 03:00:00,21.4,90.4,58,45,45
2016138N10081,2016,ROANU,2016-05-21 06:00:00,21.9,91.0,55,45,45
2016138N10081,2016,ROANU,2016-05-21 09:00:00,22.6,91.5,48,45,45
2016138N10081,2016,ROANU,2016-05-21 12:00:00,23.0,92.0,40,35,35
2016138N10081,2016,ROANU,2016-05-21 15:00:00,23.5,93.0, ,30,30
2016138N10081,2016,ROANU,2016-05-21 18:00:00,24.0,94.0, ,30,30
2016138N10081,2016,ROANU,2016-05-21 21:00:00,24.3,94.5, , ,25
2016138N10081,2016,ROANU,2016-05-22 00:00:00,24.5,94.7, ,20,20
2016178N22068,2016,UNNAMED,2016-06-26 06:00:00,21.7,67.8,25, , 
2016178N22068,2016,UNNAMED,2016-06-26 09:00:00,21.8,67.4,25, , 
2016178N22068,2016,UNNAMED,2016-06-26 12:00:00,21.8,67.1,25, , 
2016178N22068,2016,UNNAMED,2016-06-26 15:00:00,21.8,66.8,28, , 
2016178N22068,2016,UNNAMED,2016-06-26 18:00:00,21.9,66.5,30, , 
2016178N22068,2016,UNNAMED,2016-06-26 21:00:00,22.0,66.1,33, , 
2016178N22068,2016,UNNAMED,2016-06-27 00:00:00,22.0,65.6,35, , 
2016178N22068,2016,UNNAMED,2016-06-27 03:00:00,22.0,65.1,38, , 
2016178N22068,2016,UNNAMED,2016-06-27 06:00:00,21.9,64.7,40, , 
2016178N22068,2016,UNNAMED,2016-06-27 09:00:00,21.7,64.4,40,25,25
2016178N22068,2016,UNNAMED,2016-06-27 12:00:00,21.6,64.1,40,25,25
2016178N22068,2016,UNNAMED,2016-06-27 15:00:00,21.5,64.0,35, ,25
2016178N22068,2016,UNNAMED,2016-06-27 18:00:00,21.5,64.0,30,25,25
2016178N22068,2016,UNNAMED,2016-06-27 21:00:00,21.5,64.1,28, ,25
2016178N22068,2016,UNNAMED,2016-06-28 00:00:00,21.5,63.9,25,25,25
2016178N22068,2016,UNNAMED,2016-06-28 03:00:00,21.2,62.9,23,25,25
2016178N22068,2016,UNNAMED,2016-06-28 06:00:00,21.2,62.7,20,25,25
2016178N22068,2016,UNNAMED,2016-06-28 09:00:00,21.1,62.4, , ,25
2016178N22068,2016,UNNAMED,2016-06-28 12:00:00,20.8,62.3, ,25,25
2016178N22068,2016,UNNAMED,2016-06-28 15:00:00,20.5,62.3, , ,25
2016178N22068,2016,UNNAMED,2016-06-28 18:00:00,20.3,62.4, ,25,25
2016178N22068,2016,UNNAMED,2016-06-28 21:00:00,20.3,62.4, , ,25
2016178N22068,2016,UNNAMED,2016-06-29 00:00:00,20.3,62.3, ,25,25
2016222N22089,2016,UNNAMED,2016-08-09 09:00:00,22.0,88.5, ,25,25
2016222N22089,2016,UNNAMED,2016-08-09 12:00:00,22.0,88.5, ,25,25
2016222N22089,2016,UNNAMED,2016-08-09 15:00:00,22.2,88.7, , ,25
2016222N22089,2016,UNNAMED,2016-08-09 18:00:00,22.5,89.0, ,25,25
2016222N22089,2016,UNNAMED,2016-08-09 21:00:00,22.7,89.5, , ,25
2016222N22089,2016,UNNAMED,2016-08-10 00:00:00,22.8,89.7, ,25,25
2016222N22089,2016,UNNAMED,2016-08-10 03:00:00,23.0,89.4, ,30,30
2016222N22089,2016,UNNAMED,2016-08-10 06:00:00,23.1,89.3, ,30,30
2016222N22089,2016,UNNAMED,2016-08-10 09:00:00,23.2,89.2, , ,30
2016222N22089,2016,UNNAMED,2016-08-10 12:00:00,23.4,89.1, ,30,30
2016222N22089,2016,UNNAMED,2016-08-10 15:00:00,23.5,88.8, , ,30
2016222N22089,2016,UNNAMED,2016-08-10 18:00:00,23.6,88.5, ,30,30
2016222N22089,2016,UNNAMED,2016-08-10 21:00:00,23.7,88.2, , ,30
2016222N22089,2016,UNNAMED,2016-08-11 00:00:00,23.8,87.8, ,30,30
2016222N22089,2016,UNNAMED,2016-08-11 03:00:00,24.0,87.4, ,30,30
2016222N22089,2016,UNNAMED,2016-08-11 06:00:00,24.0,87.0, ,25,25
2016222N22089,2016,UNNAMED,2016-08-11 09:00:00,24.0,86.7, , ,25
2016222N22089,2016,UNNAMED,2016-08-11 12:00:00,24.0,86.5, ,25,25
2016222N22089,2016,UNNAMED,2016-08-11 15:00:00,24.0,86.1, , ,25
2016222N22089,2016,UNNAMED,2016-08-11 18:00:00,24.0,85.7, ,25,25
2016222N22089,2016,UNNAMED,2016-08-11 21:00:00,24.0,85.4, , ,25
2016222N22089,2016,UNNAMED,2016-08-12 00:00:00,24.0,85.0, ,25,25
2016222N22089,2016,UNNAMED,2016-08-12 03:00:00,24.0,84.5, ,25,25
2016222N22089,2016,UNNAMED,2016-08-12 06:00:00,24.0,84.5, ,25,25
2016222N22089,2016,UNNAMED,2016-08-12 09:00:00,24.1,84.5, , ,25
2016222N22089,2016,UNNAMED,2016-08-12 12:00:00,24.2,84.5, ,25,25
2016222N22089,2016,UNNAMED,2016-08-12 15:00:00,24.3,84.3, , ,23
2016222N22089,2016,UNNAMED,2016-08-12 18:00:00,24.4,84.0, ,20,20
2016230N21089,2016,UNNAMED,2016-08-16 12:00:00,21.0,89.0, ,20,20
2016230N21089,2016,UNNAMED,2016-08-16 15:00:00,21.1,88.9, , ,20
2016230N21089,2016,UNNAMED,2016-08-16 18:00:00,21.2,88.7, ,20,20
2016230N21089,2016,UNNAMED,2016-08-16 21:00:00,21.3,88.5, , ,20
2016230N21089,2016,UNNAMED,2016-08-17 00:00:00,21.4,88.4, ,20,20
2016230N21089,2016,UNNAMED,2016-08-17 03:00:00,21.5,88.5, ,20,20
2016230N21089,2016,UNNAMED,2016-08-17 06:00:00,21.5,88.5, ,20,20
2016230N21089,2016,UNNAMED,2016-08-17 09:00:00,21.7,88.4, , ,23
2016230N21089,2016,UNNAMED,2016-08-17 12:00:00,22.0,88.2, ,25,25
2016230N21089,2016,UNNAMED,2016-08-17 15:00:00,22.4,87.6, , ,25
2016230N21089,2016,UNNAMED,2016-08-17 18:00:00,22.9,86.9, ,25,25
2016230N21089,2016,UNNAMED,2016-08-17 21:00:00,23.3,86.3, , ,25
2016230N21089,2016,UNNAMED,2016-08-18 00:00:00,23.7,85.7, ,25,25
2016230N21089,2016,UNNAMED,2016-08-18 03:00:00,24.0,85.0, ,25,25
2016230N21089,2016,UNNAMED,2016-08-18 06:00:00,24.0,84.4, ,25,25
2016230N21089,2016,UNNAMED,2016-08-18 09:00:00,24.0,83.9, , ,25
2016230N21089,2016,UNNAMED,2016-08-18 12:00:00,24.1,83.4, ,25,25
2016230N21089,2016,UNNAMED,2016-08-18 15:00:00,24.2,83.0, , ,25
2016230N21089,2016,UNNAMED,2016-08-18 18:00:00,24.4,82.7, ,25,25
2016230N21089,2016,UNNAMED,2016-08-18 21:00:00,24.5,82.3, , ,25
2016230N21089,2016,UNNAMED,2016-08-19 00:00:00,24.7,82.1, ,25,25
2016230N21089,2016,UNNAMED,2016-08-19 03:00:00,25.0,82.3, ,25,25
2016230N21089,2016,UNNAMED,2016-08-19 06:00:00,24.8,80.6, ,25,25
2016230N21089,2016,UNNAMED,2016-08-19 09:00:00,24.7,79.5, , ,25
2016230N21089,2016,UNNAMED,2016-08-19 12:00:00,24.7,79.0, ,25,25
2016230N21089,2016,UNNAMED,2016-08-19 15:00:00,24.7,78.6, , ,25
2016230N21089,2016,UNNAMED,2016-08-19 18:00:00,24.7,78.4, ,25,25
2016230N21089,2016,UNNAMED,2016-08-19 21:00:00,24.7,78.1, , ,25
2016230N21089,2016,UNNAMED,2016-08-20 00:00:00,24.7,77.8, ,25,25
2016230N21089,2016,UNNAMED,2016-08-20 03:00:00,24.8,77.5, ,25,25
2016230N21089,2016,UNNAMED,2016-08-20 06:00:00,24.8,77.3, ,25,25
2016230N21089,2016,UNNAMED,2016-08-20 09:00:00,24.8,77.3, , ,23
2016230N21089,2016,UNNAMED,2016-08-20 12:00:00,24.8,77.2, ,20,20
2016230N21089,2016,UNNAMED,2016-08-20 15:00:00,24.9,76.9, , ,18
2016230N21089,2016,UNNAMED,2016-08-20 18:00:00,25.0,76.5, ,15,15
2016295N13089,2016,KYANT,2016-10-21 00:00:00,13.5,88.5, ,25,25
2016295N13089,2016,KYANT,2016-10-21 03:00:00,13.6,88.8, ,25,25
2016295N13089,2016,KYANT,2016-10-21 06:00:00,13.7,89.3, ,25,25
2016295N13089,2016,KYANT,2016-10-21 09:00:00,13.8,89.6, , ,25
2016295N13089,2016,KYANT,2016-10-21 12:00:00,13.9,89.8, ,25,25
2016295N13089,2016,KYANT,2016-10-21 15:00:00,13.9,89.9, , ,25
2016295N13089,2016,KYANT,2016-10-21 18:00:00,13.9,89.9, ,25,25
2016295N13089,2016,KYANT,2016-10-21 21:00:00,13.9,89.9, , ,25
2016295N13089,2016,KYANT,2016-10-22 00:00:00,13.9,90.1,25,25,25
2016295N13089,2016,KYANT,2016-10-22 03:00:00,14.1,90.7,25,25,25
2016295N13089,2016,KYANT,2016-10-22 06:00:00,14.5,91.4,25,25,25
2016295N13089,2016,KYANT,2016-10-22 09:00:00,14.8,91.8,25, ,25
2016295N13089,2016,KYANT,2016-10-22 12:00:00,14.9,92.1,25,25,25
2016295N13089,2016,KYANT,2016-10-22 15:00:00,15.1,92.3,25, ,25
2016295N13089,2016,KYANT,2016-10-22 18:00:00,15.3,92.5,25,25,25
2016295N13089,2016,KYANT,2016-10-22 21:00:00,15.4,92.6,25, ,25
2016295N13089,2016,KYANT,2016-10-23 00:00:00,15.5,92.8,25,25,25
2016295N13089,2016,KYANT,2016-10-23 03:00:00,15.6,92.8,28,30,30
2016295N13089,2016,KYANT,2016-10-23 06:00:00,15.6,92.8,30,30,30
2016295N13089,2016,KYANT,2016-10-23 09:00:00,15.7,92.9,30, ,30
2016295N13089,2016,KYANT,2016-10-23 12:00:00,15.8,93.0,30,30,30
2016295N13089,2016,KYANT,2016-10-23 15:00:00,15.9,93.0,30, ,30
2016295N13089,2016,KYANT,2016-10-23 18:00:00,16.0,93.1,30,30,30
2016295N13089,2016,KYANT,2016-10-23 21:00:00,16.1,93.1,30, ,30
2016295N13089,2016,KYANT,2016-10-24 00:00:00,16.3,93.1,30,30,30
2016295N13089,2016,KYANT,2016-10-24 03:00:00,16.3,93.1,30,30,30
2016295N13089,2016,KYANT,2016-10-24 06:00:00,16.5,93.1,30,30,30
2016295N13089,2016,KYANT,2016-10-24 09:00:00,16.7,92.8,30, ,30
2016295N13089,2016,KYANT,2016-10-24 12:00:00,16.7,92.5,30,30,30
2016295N13089,2016,KYANT,2016-10-24 15:00:00,16.7,92.3,30, ,30
2016295N13089,2016,KYANT,2016-10-24 18:00:00,16.7,92.2,30,30,30
2016295N13089,2016,KYANT,2016-10-24 21:00:00,16.7,92.0,33, ,30
2016295N13089,2016,KYANT,2016-10-25 00:00:00,16.8,91.7,35,30,30
2016295N13089,2016,KYANT,2016-10-25 03:00:00,16.8,91.4,38,35,35
2016295N13089,2016,KYANT,2016-10-25 06:00:00,16.8,91.1,40,35,35
2016295N13089,2016,KYANT,2016-10-25 09:00:00,16.7,90.8,38,35,35
2016295N13089,2016,KYANT,2016-10-25 12:00:00,16.8,90.6,35,35,35
2016295N13089,2016,KYANT,2016-10-25 15:00:00,16.6,90.2,35,35,35
2016295N13089,2016,KYANT,2016-10-25 18:00:00,16.6,89.8,35,35,35
2016295N13089,2016,KYANT,2016-10-25 21:00:00,16.4,89.5,35,35,35
2016295N13089,2016,KYANT,2016-10-26 00:00:00,16.4,89.0,35,40,40
2016295N13089,2016,KYANT,2016-10-26 03:00:00,16.3,88.5,33,40,40
2016295N13089,2016,KYANT,2016-10-26 06:00:00,16.3,87.9,30,40,40
2016295N13089,2016,KYANT,2016-10-26 09:00:00,16.2,87.4,30,40,40
2016295N13089,2016,KYANT,2016-10-26 12:00:00,16.2,87.0,30,40,40
2016295N13089,2016,KYANT,2016-10-26 15:00:00,16.1,86.6,28,40,40
2016295N13089,2016,KYANT,2016-10-26 18:00:00,16.0,86.3,25,35,35
2016295N13089,2016,KYANT,2016-10-26 21:00:00,15.9,85.8,25,30,30
2016295N13089,2016,KYANT,2016-10-27 00:00:00,15.8,85.4,25,30,30
2016295N13089,2016,KYANT,2016-10-27 03:00:00,15.7,84.8,25,30,30
2016295N13089,2016,KYANT,2016-10-27 06:00:00,15.7,84.4,25,30,30
2016295N13089,2016,KYANT,2016-10-27 09:00:00,15.6,83.9,25, ,30
2016295N13089,2016,KYANT,2016-10-27 12:00:00,15.6,83.6,25,30,30
2016295N13089,2016,KYANT,2016-10-27 15:00:00,15.4,83.3,25, ,28
2016295N13089,2016,KYANT,2016-10-27 18:00:00,15.3,83.0,25,25,25
2016295N13089,2016,KYANT,2016-10-27 21:00:00,15.2,82.8,25, , 
2016295N13089,2016,KYANT,2016-10-28 00:00:00,15.1,82.6,25, , 
2016295N13089,2016,KYANT,2016-10-28 03:00:00,15.0,82.4,25, , 
2016295N13089,2016,KYANT,2016-10-28 06:00:00,14.9,82.1,25, , 
2016295N13089,2016,KYANT,2016-10-28 09:00:00,14.8,81.9,25, , 
2016295N13089,2016,KYANT,2016-10-28 12:00:00,14.6,81.7,25, , 
2016295N13089,2016,KYANT,2016-10-28 15:00:00,14.4,81.5,23, , 
2016295N13089,2016,KYANT,2016-10-28 18:00:00,14.3,81.3,20, , 
2016295N13089,2016,KYANT,2016-10-28 21:00:00,14.2,81.2,20, , 
2016295N13089,2016,KYANT,2016-10-29 00:00:00,14.2,81.2,20, , 
2016295N13089,2016,KYANT,2016-10-29 03:00:00,14.1,81.1,20, , 
2016295N13089,2016,KYANT,2016-10-29 06:00:00,14.0,81.0,20, , 
2016308N13088,2016,UNNAMED,2016-11-02 18:00:00,12.7,88.0, ,25,25
2016308N13088,2016,UNNAMED,2016-11-02 21:00:00,12.8,87.5, , ,25
2016308N13088,2016,UNNAMED,2016-11-03 00:00:00,13.0,87.0, ,25,25
2016308N13088,2016,UNNAMED,2016-11-03 03:00:00,13.4,86.5, ,25,25
2016308N13088,2016,UNNAMED,2016-11-03 06:00:00,13.7,86.0, ,25,25
2016308N13088,2016,UNNAMED,2016-11-03 09:00:00,14.0,85.7, , ,25
2016308N13088,2016,UNNAMED,2016-11-03 12:00:00,14.2,85.5, ,25,25
2016308N13088,2016,UNNAMED,2016-11-03 15:00:00,14.4,85.2, , ,25
2016308N13088,2016,UNNAMED,2016-11-03 18:00:00,14.6,85.0, ,25,25
2016308N13088,2016,UNNAMED,2016-11-03 21:00:00,15.0,84.9, , ,25
2016308N13088,2016,UNNAMED,2016-11-04 00:00:00,15.5,84.8, ,25,25
2016308N13088,2016,UNNAMED,2016-11-04 03:00:00,16.0,84.7, ,25,25
2016308N13088,2016,UNNAMED,2016-11-04 06:00:00,16.0,84.7, ,25,25
2016308N13088,2016,UNNAMED,2016-11-04 09:00:00,16.1,84.7, , ,25
2016308N13088,2016,UNNAMED,2016-11-04 12:00:00,16.3,84.7, ,25,25
2016308N13088,2016,UNNAMED,2016-11-04 15:00:00,16.6,84.8, , ,25
2016308N13088,2016,UNNAMED,2016-11-04 18:00:00,16.9,85.0, ,25,25
2016308N13088,2016,UNNAMED,2016-11-04 21:00:00,17.2,85.4, , ,25
2016308N13088,2016,UNNAMED,2016-11-05 00:00:00,17.7,86.0, ,25,25
2016308N13088,2016,UNNAMED,2016-11-05 03:00:00,18.3,87.0, ,25,25
2016308N13088,2016,UNNAMED,2016-11-05 06:00:00,18.5,87.0, ,25,25
2016308N13088,2016,UNNAMED,2016-11-05 09:00:00,18.7,87.7, , ,25
2016308N13088,2016,UNNAMED,2016-11-05 12:00:00,19.0,88.7, ,25,25
2016308N13088,2016,UNNAMED,2016-11-05 15:00:00,19.2,89.1, , ,25
2016308N13088,2016,UNNAMED,2016-11-05 18:00:00,19.5,89.5, ,25,25
2016308N13088,2016,UNNAMED,2016-11-05 21:00:00,20.0,90.3, , ,25
2016308N13088,2016,UNNAMED,2016-11-06 00:00:00,20.5,91.0, ,25,25
2016308N13088,2016,UNNAMED,2016-11-06 03:00:00,21.0,91.5, ,25,25
2016308N13088,2016,UNNAMED,2016-11-06 06:00:00,21.5,91.8, ,25,25
2016308N13088,2016,UNNAMED,2016-11-06 09:00:00,21.6,91.9, ,25,25
2016335N07088,2016,NADA,2016-11-29 12:00:00,6.8,87.7,30,25,25
2016335N07088,2016,NADA,2016-11-29 15:00:00,7.2,87.3,33, ,25
2016335N07088,2016,NADA,2016-11-29 18:00:00,7.5,86.8,35,25,25
2016335N07088,2016,NADA,2016-11-29 21:00:00,7.8,86.3,38, ,28
2016335N07088,2016,NADA,2016-11-30 00:00:00,8.2,85.9,40,30,30
2016335N07088,2016,NADA,2016-11-30 03:00:00,8.6,85.3,43,35,35
2016335N07088,2016,NADA,2016-11-30 06:00:00,9.0,84.9,45,35,35
2016335N07088,2016,NADA,2016-11-30 09:00:00,9.6,84.3,45,35,35
2016335N07088,2016,NADA,2016-11-30 12:00:00,9.8,83.9,45,40,40
2016335N07088,2016,NADA,2016-11-30 15:00:00,10.0,83.4,45,40,40
2016335N07088,2016,NADA,2016-11-30 18:00:00,10.3,83.0,45,40,40
2016335N07088,2016,NADA,2016-11-30 21:00:00,10.3,82.2,43,40,40
2016335N07088,2016,NADA,2016-12-01 00:00:00,10.4,82.0,40,35,35
2016335N07088,2016,NADA,2016-12-01 03:00:00,10.4,81.7,40,30,30
2016335N07088,2016,NADA,2016-12-01 06:00:00,10.5,81.3,40,30,30
2016335N07088,2016,NADA,2016-12-01 09:00:00,10.6,80.9,38, ,30
2016335N07088,2016,NADA,2016-12-01 12:00:00,10.8,80.6,35,30,30
2016335N07088,2016,NADA,2016-12-01 15:00:00,10.8,80.4,30, ,28
2016335N07088,2016,NADA,2016-12-01 18:00:00,10.8,80.1,25,25,25
2016335N07088,2016,NADA,2016-12-01 21:00:00,10.8,79.9,23, ,25
2016335N07088,2016,NADA,2016-12-02 00:00:00,10.9,79.6,20,25,25
2016335N07088,2016,NADA,2016-12-02 03:00:00,11.0,79.3,20, , 
2016335N07088,2016,NADA,2016-12-02 06:00:00,11.0,78.9,20, , 
2016341N08092,2016,VARDAH,2016-12-06 06:00:00,7.8,91.7,30, , 
2016341N08092,2016,VARDAH,2016-12-06 09:00:00,8.2,91.3,30,25,25
2016341N08092,2016,VARDAH,2016-12-06 12:00:00,8.4,91.0,30,25,25
2016341N08092,2016,VARDAH,2016-12-06 15:00:00,8.7,91.0,30, ,25
2016341N08092,2016,VARDAH,2016-12-06 18:00:00,9.1,91.0,30,25,25
2016341N08092,2016,VARDAH,2016-12-06 21:00:00,9.4,91.0,30, ,25
2016341N08092,2016,VARDAH,2016-12-07 00:00:00,9.6,91.0,30,25,25
2016341N08092,2016,VARDAH,2016-12-07 03:00:00,9.8,91.1,30,25,25
2016341N08092,2016,VARDAH,2016-12-07 06:00:00,9.9,91.2,30,25,25
2016341N08092,2016,VARDAH,2016-12-07 09:00:00,10.1,91.2,30, ,25
2016341N08092,2016,VARDAH,2016-12-07 12:00:00,10.3,91.3,30,25,25
2016341N08092,2016,VARDAH,2016-12-07 15:00:00,10.5,91.3,35, ,28
2016341N08092,2016,VARDAH,2016-12-07 18:00:00,10.8,91.3,40,30,30
2016341N08092,2016,VARDAH,2016-12-07 21:00:00,11.0,91.3,43, ,33
2016341N08092,2016,VARDAH,2016-12-08 00:00:00,11.1,91.3,45,35,35
2016341N08092,2016,VARDAH,2016-12-08 03:00:00,11.3,91.3,45,35,35
2016341N08092,2016,VARDAH,2016-12-08 06:00:00,11.4,91.3,45,35,35
2016341N08092,2016,VARDAH,2016-12-08 09:00:00,11.4,91.2,45,35,35
2016341N08092,2016,VARDAH,2016-12-08 12:00:00,11.4,91.2,45,40,40
2016341N08092,2016,VARDAH,2016-12-08 15:00:00,11.5,91.1,45,40,40
2016341N08092,2016,VARDAH,2016-12-08 18:00:00,11.6,91.0,45,40,40
2016341N08092,2016,VARDAH,2016-12-08 21:00:00,11.7,90.9,45,40,40
2016341N08092,2016,VARDAH,2016-12-09 00:00:00,11.8,90.7,45,45,45
2016341N08092,2016,VARDAH,2016-12-09 03:00:00,11.9,90.6,45,45,45
2016341N08092,2016,VARDAH,2016-12-09 06:00:00,12.0,90.5,45,45,45
2016341N08092,2016,VARDAH,2016-12-09 09:00:00,12.1,90.3,48,45,45
2016341N08092,2016,VARDAH,2016-12-09 12:00:00,12.2,90.0,50,45,45
2016341N08092,2016,VARDAH,2016-12-09 15:00:00,12.2,89.7,53,45,45
2016341N08092,2016,VARDAH,2016-12-09 18:00:00,12.3,89.4,55,50,50
2016341N08092,2016,VARDAH,2016-12-09 21:00:00,12.5,88.8,55,55,55
2016341N08092,2016,VARDAH,2016-12-10 00:00:00,12.6,88.3,55,55,55
2016341N08092,2016,VARDAH,2016-12-10 03:00:00,12.7,87.8,58,55,55
2016341N08092,2016,VARDAH,2016-12-10 06:00:00,12.9,87.3,60,55,55
2016341N08092,2016,VARDAH,2016-12-10 09:00:00,13.0,86.7,63,60,60
2016341N08092,2016,VARDAH,2016-12-10 12:00:00,13.0,86.4,65,65,65
2016341N08092,2016,VARDAH,2016-12-10 15:00:00,13.1,85.9,68,65,65
2016341N08092,2016,VARDAH,2016-12-10 18:00:00,13.1,85.4,70,65,65
2016341N08092,2016,VARDAH,2016-12-10 21:00:00,13.0,85.1,73,65,65
2016341N08092,2016,VARDAH,2016-12-11 00:00:00,13.1,84.8,75,70,70
2016341N08092,2016,VARDAH,2016-12-11 03:00:00,13.0,84.4,75,70,70
2016341N08092,2016,VARDAH,2016-12-11 06:00:00,13.1,83.8,75,70,70
2016341N08092,2016,VARDAH,2016-12-11 09:00:00,13.1,83.4,75,70,70
2016341N08092,2016,VARDAH,2016-12-11 12:00:00,13.2,83.2,75,70,70
2016341N08092,2016,VARDAH,2016-12-11 15:00:00,13.2,82.7,78,70,70
2016341N08092,2016,VARDAH,2016-12-11 18:00:00,13.1,82.4,80,70,70
2016341N08092,2016,VARDAH,2016-12-11 21:00:00,13.2,82.0,85,70,70
2016341N08092,2016,VARDAH,2016-12-12 00:00:00,13.2,81.7,80,70,70
2016341N08092,2016,VARDAH,2016-12-12 03:00:00,13.2,81.3,80,70,70
2016341N08092,2016,VARDAH,2016-12-12 06:00:00,13.2,80.8,80,70,70
2016341N08092,2016,VARDAH,2016-12-12 09:00:00,13.2,80.3,73,60,60
2016341N08092,2016,VARDAH,2016-12-12 12:00:00,13.1,79.9,65,50,50
2016341N08092,2016,VARDAH,2016-12-12 15:00:00,13.1,79.4,58,40,40
2016341N08092,2016,VARDAH,2016-12-12 18:00:00,13.0,78.9,50,30,30
2016341N08092,2016,VARDAH,2016-12-12 21:00:00,13.0,78.4,40, ,25
2016341N08092,2016,VARDAH,2016-12-13 00:00:00,13.0,77.8,30,20,20
2016341N08092,2016,VARDAH,2016-12-13 03:00:00,13.0,77.4,28, , 
2016341N08092,2016,VARDAH,2016-12-13 06:00:00,13.0,77.0,25, , 
2016341N08092,2016,VARDAH,2016-12-13 09:00:00,13.0,76.5,25, , 
2016341N08092,2016,VARDAH,2016-12-13 12:00:00,13.1,76.0,25, , 
2016341N08092,2016,VARDAH,2016-12-13 15:00:00,13.2,75.6,23, , 
2016341N08092,2016,VARDAH,2016-12-13 18:00:00,13.2,75.1,20, , 
2016341N08092,2016,VARDAH,2016-12-13 21:00:00,13.2,74.5,20, , 
2016341N08092,2016,VARDAH,2016-12-14 00:00:00,13.2,74.0,20, , 
2016341N08092,2016,VARDAH,2016-12-14 03:00:00,13.2,73.6,20, , 
2016341N08092,2016,VARDAH,2016-12-14 06:00:00,13.1,73.2,20, , 
2016341N08092,2016,VARDAH,2016-12-14 09:00:00,13.0,72.9,23, , 
2016341N08092,2016,VARDAH,2016-12-14 12:00:00,12.9,72.6,25, , 
2016341N08092,2016,VARDAH,2016-12-14 15:00:00,12.8,72.2,25, , 
2016341N08092,2016,VARDAH,2016-12-14 18:00:00,12.6,71.8,25, , 
2016341N08092,2016,VARDAH,2016-12-14 21:00:00,12.4,71.4,25, , 
2016341N08092,2016,VARDAH,2016-12-15 00:00:00,12.2,71.0,25, , 
2016341N08092,2016,VARDAH,2016-12-15 03:00:00,12.0,70.6,25, , 
2016341N08092,2016,VARDAH,2016-12-15 06:00:00,11.8,70.2,25, , 
2016341N08092,2016,VARDAH,2016-12-15 09:00:00,11.6,69.9,25, , 
2016341N08092,2016,VARDAH,2016-12-15 12:00:00,11.4,69.5,25, , 
2016341N08092,2016,VARDAH,2016-12-15 15:00:00,11.2,69.0,25, , 
2016341N08092,2016,VARDAH,2016-12-15 18:00:00,11.1,68.5,25, , 
2016341N08092,2016,VARDAH,2016-12-15 21:00:00,11.1,68.0,28, , 
2016341N08092,2016,VARDAH,2016-12-16 00:00:00,11.2,67.5,30, , 
2016341N08092,2016,VARDAH,2016-12-16 03:00:00,11.2,66.9,30, , 
2016341N08092,2016,VARDAH,2016-12-16 06:00:00,11.2,66.4,30, , 
2016341N08092,2016,VARDAH,2016-12-16 09:00:00,11.2,65.9,30, , 
2016341N08092,2016,VARDAH,2016-12-16 12:00:00,11.2,65.4,30, , 
2016341N08092,2016,VARDAH,2016-12-16 15:00:00,11.2,64.9,30, , 
2016341N08092,2016,VARDAH,2016-12-16 18:00:00,11.1,64.2,30, , 
2016341N08092,2016,VARDAH,2016-12-16 21:00:00,11.0,63.1,30,25,25
2016341N08092,2016,VARDAH,2016-12-17 00:00:00,11.1,62.1,30,25,25
2016341N08092,2016,VARDAH,2016-12-17 03:00:00,11.2,61.4,30, ,25
2016341N08092,2016,VARDAH,2016-12-17 06:00:00,11.0,60.8,30,25,25
2016341N08092,2016,VARDAH,2016-12-17 09:00:00,10.8,60.3,30, ,25
2016341N08092,2016,VARDAH,2016-12-17 12:00:00,10.6,59.8,30,25,25
2016341N08092,2016,VARDAH,2016-12-17 15:00:00,10.2,59.1,33, ,25
2016341N08092,2016,VARDAH,2016-12-17 18:00:00,9.8,58.3,35,25,25
2016341N08092,2016,VARDAH,2016-12-17 21:00:00,9.5,57.4,35,20,20
2016341N08092,2016,VARDAH,2016-12-18 00:00:00,9.4,56.8,35, , 
2016341N08092,2016,VARDAH,2016-12-18 03:00:00,9.3,56.1,35, , 
2016341N08092,2016,VARDAH,2016-12-18 06:00:00,9.3,55.4,35, , 
2016341N08092,2016,VARDAH,2016-12-18 09:00:00,9.3,54.6,35, , 
2016341N08092,2016,VARDAH,2016-12-18 12:00:00,9.3,53.7,35, , 
2016341N08092,2016,VARDAH,2016-12-18 15:00:00,9.3,52.9,35, , 
2016341N08092,2016,VARDAH,2016-12-18 18:00:00,9.2,52.1,35, , 
2016341N08092,2016,VARDAH,2016-12-18 21:00:00,9.1,51.5,30, , 
2016341N08092,2016,VARDAH,2016-12-19 00:00:00,8.9,51.0,25, , 
2017104N08085,2017,MAARUTHA,2017-04-14 00:00:00,8.2,85.3,25, , 
2017104N08085,2017,MAARUTHA,2017-04-14 03:00:00,8.8,85.7,25, , 
2017104N08085,2017,MAARUTHA,2017-04-14 06:00:00,9.4,86.1,25, , 
2017104N08085,2017,MAARUTHA,2017-04-14 09:00:00,10.0,86.5,25, , 
2017104N08085,2017,MAARUTHA,2017-04-14 12:00:00,10.5,86.9,25, , 
2017104N08085,2017,MAARUTHA,2017-04-14 15:00:00,10.9,87.3,25, , 
2017104N08085,2017,MAARUTHA,2017-04-14 18:00:00,11.3,87.6,25, , 
2017104N08085,2017,MAARUTHA,2017-04-14 21:00:00,11.8,88.0,28, , 
2017104N08085,2017,MAARUTHA,2017-04-15 00:00:00,12.2,88.3,30,25,25
2017104N08085,2017,MAARUTHA,2017-04-15 03:00:00,12.7,88.7,33,25,25
2017104N08085,2017,MAARUTHA,2017-04-15 06:00:00,13.3,89.2,35,25,25
2017104N08085,2017,MAARUTHA,2017-04-15 09:00:00,13.8,89.7,38,30,30
2017104N08085,2017,MAARUTHA,2017-04-15 12:00:00,14.3,90.2,40,30,30
2017104N08085,2017,MAARUTHA,2017-04-15 15:00:00,14.7,90.7,43, ,33
2017104N08085,2017,MAARUTHA,2017-04-15 18:00:00,15.1,91.1,45,35,35
2017104N08085,2017,MAARUTHA,2017-04-15 21:00:00,15.4,91.3,48,40,40
2017104N08085,2017,MAARUTHA,2017-04-16 00:00:00,16.0,92.0,50,40,40
2017104N08085,2017,MAARUTHA,2017-04-16 03:00:00,16.6,92.5,50,40,40
2017104N08085,2017,MAARUTHA,2017-04-16 06:00:00,17.2,92.9,50,40,40
2017104N08085,2017,MAARUTHA,2017-04-16 09:00:00,17.7,93.2,48,40,40
2017104N08085,2017,MAARUTHA,2017-04-16 12:00:00,18.1,93.6,45,40,40
2017104N08085,2017,MAARUTHA,2017-04-16 15:00:00,18.5,93.9,40,40,40
2017104N08085,2017,MAARUTHA,2017-04-16 18:00:00,18.8,94.3,35,40,40
2017104N08085,2017,MAARUTHA,2017-04-16 21:00:00,19.3,94.8,33,30,30
2017104N08085,2017,MAARUTHA,2017-04-17 00:00:00,19.8,95.4,30,20,20
2017147N14087,2017,MORA,2017-05-27 06:00:00,13.9,87.4,25, , 
2017147N14087,2017,MORA,2017-05-27 09:00:00,13.8,87.9,28, , 
2017147N14087,2017,MORA,2017-05-27 12:00:00,13.8,88.4,30, , 
2017147N14087,2017,MORA,2017-05-27 15:00:00,13.8,88.8,33, , 
2017147N14087,2017,MORA,2017-05-27 18:00:00,13.9,89.2,35, , 
2017147N14087,2017,MORA,2017-05-27 21:00:00,14.0,89.6,35, , 
2017147N14087,2017,MORA,2017-05-28 00:00:00,14.2,89.7,35,25,25
2017147N14087,2017,MORA,2017-05-28 03:00:00,14.7,90.1,35,25,25
2017147N14087,2017,MORA,2017-05-28 06:00:00,15.1,90.5,35,25,25
2017147N14087,2017,MORA,2017-05-28 09:00:00,15.5,90.7,38,30,30
2017147N14087,2017,MORA,2017-05-28 12:00:00,15.8,90.9,40,30,30
2017147N14087,2017,MORA,2017-05-28 15:00:00,16.0,91.0,43,35,35
2017147N14087,2017,MORA,2017-05-28 18:00:00,16.3,91.1,45,35,35
2017147N14087,2017,MORA,2017-05-28 21:00:00,16.6,91.2,48,40,40
2017147N14087,2017,MORA,2017-05-29 00:00:00,17.0,91.3,50,45,45
2017147N14087,2017,MORA,2017-05-29 03:00:00,17.3,91.3,53,45,45
2017147N14087,2017,MORA,2017-05-29 06:00:00,17.8,91.5,55,45,45
2017147N14087,2017,MORA,2017-05-29 09:00:00,18.2,91.6,58,45,45
2017147N14087,2017,MORA,2017-05-29 12:00:00,18.7,91.6,60,50,50
2017147N14087,2017,MORA,2017-05-29 15:00:00,19.0,91.6,65,55,55
2017147N14087,2017,MORA,2017-05-29 18:00:00,19.8,91.7,70,55,55
2017147N14087,2017,MORA,2017-05-29 21:00:00,20.3,91.7,75,60,60
2017147N14087,2017,MORA,2017-05-30 00:00:00,21.0,91.9,80,60,60
2017147N14087,2017,MORA,2017-05-30 03:00:00,21.9,92.0,68,60,60
2017147N14087,2017,MORA,2017-05-30 06:00:00,23.0,92.0,55,55,55
2017147N14087,2017,MORA,2017-05-30 09:00:00,23.9,92.2,48,40,40
2017147N14087,2017,MORA,2017-05-30 12:00:00,24.7,92.4,40,30,30
2017147N14087,2017,MORA,2017-05-30 15:00:00,25.2,92.6,35, ,25
2017147N14087,2017,MORA,2017-05-30 18:00:00,25.7,92.9,30,20,20
2017163N20090,2017,UNNAMED,2017-06-11 12:00:00,20.5,89.5, ,25,25
2017163N20090,2017,UNNAMED,2017-06-11 15:00:00,21.0,89.7, , ,25
2017163N20090,2017,UNNAMED,2017-06-11 18:00:00,21.5,90.0, ,25,25
2017163N20090,2017,UNNAMED,2017-06-11 21:00:00,22.0,90.3, , ,28
2017163N20090,2017,UNNAMED,2017-06-12 00:00:00,22.5,90.5, ,30,30
2017163N20090,2017,UNNAMED,2017-06-12 03:00:00,23.0,90.5, ,30,30
2017163N20090,2017,UNNAMED,2017-06-12 06:00:00,23.5,90.7, ,30,30
2017163N20090,2017,UNNAMED,2017-06-12 09:00:00,23.8,90.8, , ,30
2017163N20090,2017,UNNAMED,2017-06-12 12:00:00,24.0,91.0, ,30,30
2017163N20090,2017,UNNAMED,2017-06-12 15:00:00,24.2,91.2, , ,28
2017163N20090,2017,UNNAMED,2017-06-12 18:00:00,24.5,91.5, ,25,25
2017199N19086,2017,UNNAMED,2017-07-18 00:00:00,19.0,86.0, ,25,25
2017199N19086,2017,UNNAMED,2017-07-18 03:00:00,19.0,86.0, ,25,25
2017199N19086,2017,UNNAMED,2017-07-18 06:00:00,19.5,85.5, ,25,25
2017199N19086,2017,UNNAMED,2017-07-18 09:00:00,19.8,85.3, , ,25
2017199N19086,2017,UNNAMED,2017-07-18 12:00:00,19.9,85.3, ,25,25
2017199N19086,2017,UNNAMED,2017-07-18 15:00:00,19.9,85.3, , ,25
2017199N19086,2017,UNNAMED,2017-07-18 18:00:00,19.9,85.3, ,25,25
2017199N19086,2017,UNNAMED,2017-07-18 21:00:00,20.0,85.3, , ,25
2017199N19086,2017,UNNAMED,2017-07-19 00:00:00,20.1,85.2, ,25,25
2017207N24085,2017,UNNAMED,2017-07-26 00:00:00,24.0,85.0, ,25,25
2017207N24085,2017,UNNAMED,2017-07-26 03:00:00,24.0,85.0, ,25,25
2017207N24085,2017,UNNAMED,2017-07-26 06:00:00,24.0,85.0, ,25,25
2017207N24085,2017,UNNAMED,2017-07-26 09:00:00,24.0,85.0, , ,23
2017207N24085,2017,UNNAMED,2017-07-26 12:00:00,24.0,85.0, ,20,20
2017207N24085,2017,UNNAMED,2017-07-26 15:00:00,24.0,85.0, , ,20
2017207N24085,2017,UNNAMED,2017-07-26 18:00:00,24.0,85.0, ,20,20
2017207N24085,2017,UNNAMED,2017-07-26 21:00:00,24.0,85.0, , ,20
2017207N24085,2017,UNNAMED,2017-07-27 00:00:00,24.0,85.0, ,20,20
2017232N19130,2017,HATO,2017-08-19 12:00:00,19.1,130.1, , , 
2017232N19130,2017,HATO,2017-08-19 15:00:00,19.3,129.6, , , 
2017232N19130,2017,HATO,2017-08-19 18:00:00,19.0,129.6, , , 
2017232N19130,2017,HATO,2017-08-19 21:00:00,19.1,129.2, , , 
2017232N19130,2017,HATO,2017-08-20 00:00:00,19.3,128.8, , , 
2017232N19130,2017,HATO,2017-08-20 03:00:00,19.4,128.3, , , 
2017232N19130,2017,HATO,2017-08-20 06:00:00,19.5,127.7,20, , 
2017232N19130,2017,HATO,2017-08-20 09:00:00,19.6,127.2,23, , 
2017232N19130,2017,HATO,2017-08-20 12:00:00,19.6,126.7,25,35, 
2017232N19130,2017,HATO,2017-08-20 15:00:00,19.7,126.3,28, , 
2017232N19130,2017,HATO,2017-08-20 18:00:00,19.8,125.9,30,35, 
2017232N19130,2017,HATO,2017-08-20 21:00:00,19.9,125.6,30, , 
2017232N19130,2017,HATO,2017-08-21 00:00:00,20.1,125.1,30,35, 
2017232N19130,2017,HATO,2017-08-21 03:00:00,20.2,124.6,33, , 
2017232N19130,2017,HATO,2017-08-21 06:00:00,20.3,124.1,35,35, 
2017232N19130,2017,HATO,2017-08-21 09:00:00,20.4,123.6,40, , 
2017232N19130,2017,HATO,2017-08-21 12:00:00,20.3,122.9,45,40, 
2017232N19130,2017,HATO,2017-08-21 15:00:00,20.2,122.1,45, , 
2017232N19130,2017,HATO,2017-08-21 18:00:00,20.1,121.3,45,40, 
2017232N19130,2017,HATO,2017-08-21 21:00:00,20.2,120.6,48, , 
2017232N19130,2017,HATO,2017-08-22 00:00:00,20.3,120.0,50,45, 
2017232N19130,2017,HATO,2017-08-22 03:00:00,20.4,119.4,55, , 
2017232N19130,2017,HATO,2017-08-22 06:00:00,20.4,118.7,60,60, 
2017232N19130,2017,HATO,2017-08-22 09:00:00,20.5,118.0,68, , 
2017232N19130,2017,HATO,2017-08-22 12:00:00,20.6,117.3,75,60, 
2017232N19130,2017,HATO,2017-08-22 15:00:00,20.8,116.7,78, , 
2017232N19130,2017,HATO,2017-08-22 18:00:00,21.0,116.0,80,65, 
2017232N19130,2017,HATO,2017-08-22 21:00:00,21.2,115.2,85, , 
2017232N19130,2017,HATO,2017-08-23 00:00:00,21.5,114.5,90,75, 
2017232N19130,2017,HATO,2017-08-23 03:00:00,21.9,113.7,100, , 
2017232N19130,2017,HATO,2017-08-23 06:00:00,22.2,112.9,85,75, 
2017232N19130,2017,HATO,2017-08-23 09:00:00,22.5,111.9,73, , 
2017232N19130,2017,HATO,2017-08-23 12:00:00,22.7,110.9,60,50, 
2017232N19130,2017,HATO,2017-08-23 15:00:00,22.9,110.0,53, , 
2017232N19130,2017,HATO,2017-08-23 18:00:00,23.1,109.1,45,40, 
2017232N19130,2017,HATO,2017-08-23 21:00:00,23.3,108.3,40, , 
2017232N19130,2017,HATO,2017-08-24 00:00:00,23.4,107.6,35,35, 
2017232N19130,2017,HATO,2017-08-24 03:00:00,23.6,106.9,33, , 
2017232N19130,2017,HATO,2017-08-24 06:00:00,23.7,106.2,30,35, 
2017232N19130,2017,HATO,2017-08-24 09:00:00,23.7,105.5,25, , 
2017232N19130,2017,HATO,2017-08-24 12:00:00,23.8,104.7,20, , 
2017232N19130,2017,HATO,2017-08-24 15:00:00,23.7,103.6, , , 
2017232N19130,2017,HATO,2017-08-24 18:00:00,23.7,102.4, , , 
2017232N19130,2017,HATO,2017-08-24 21:00:00,23.7,101.0, , , 
2017232N19130,2017,HATO,2017-08-25 00:00:00,23.7,99.7, , , 
2017282N22088,2017,UNNAMED,2017-10-09 00:00:00,22.4,88.4, ,25,25
2017282N22088,2017,UNNAMED,2017-10-09 03:00:00,22.5,88.4, ,30,30
2017282N22088,2017,UNNAMED,2017-10-09 06:00:00,22.6,88.3, ,30,30
2017282N22088,2017,UNNAMED,2017-10-09 09:00:00,22.7,88.2, , ,30
2017282N22088,2017,UNNAMED,2017-10-09 12:00:00,22.9,88.1, ,30,30
2017282N22088,2017,UNNAMED,2017-10-09 15:00:00,23.0,88.0, , ,30
2017282N22088,2017,UNNAMED,2017-10-09 18:00:00,23.1,87.8, ,30,30
2017282N22088,2017,UNNAMED,2017-10-09 21:00:00,23.1,87.5, , ,30
2017282N22088,2017,UNNAMED,2017-10-10 00:00:00,23.2,87.1, ,30,30
2017282N22088,2017,UNNAMED,2017-10-10 03:00:00,23.5,86.7, ,30,30
2017282N22088,2017,UNNAMED,2017-10-10 06:00:00,23.8,86.6, ,25,25
2017292N17087,2017,UNNAMED,2017-10-19 00:00:00,16.5,86.5, ,25,25
2017292N17087,2017,UNNAMED,2017-10-19 03:00:00,16.8,86.5, ,25,25
2017292N17087,2017,UNNAMED,2017-10-19 06:00:00,17.3,86.3, ,25,25
2017292N17087,2017,UNNAMED,2017-10-19 09:00:00,18.4,86.3, , ,25
2017292N17087,2017,UNNAMED,2017-10-19 12:00:00,20.0,86.5, ,25,25
2017307N07102,2017,UNNAMED,2017-11-03 00:00:00,7.2,102.4,15, , 
2017307N07102,2017,UNNAMED,2017-11-03 03:00:00,7.3,102.0,15, , 
2017307N07102,2017,UNNAMED,2017-11-03 06:00:00,7.3,101.8,15, , 
2017307N07102,2017,UNNAMED,2017-11-03 09:00:00,7.2,101.7,15, , 
2017307N07102,2017,UNNAMED,2017-11-03 12:00:00,7.0,101.7,15, , 
2017307N07102,2017,UNNAMED,2017-11-03 15:00:00,6.8,101.5,15, , 
2017307N07102,2017,UNNAMED,2017-11-03 18:00:00,6.6,101.3,15, , 
2017307N07102,2017,UNNAMED,2017-11-03 21:00:00,6.5,101.0,15, , 
2017307N07102,2017,UNNAMED,2017-11-04 00:00:00,6.4,100.7,15, , 
2017307N07102,2017,UNNAMED,2017-11-04 03:00:00,6.2,100.5,18, , 
2017307N07102,2017,UNNAMED,2017-11-04 06:00:00,6.0,100.4,20, , 
2017307N07102,2017,UNNAMED,2017-11-04 09:00:00,5.8,100.3,23, , 
2017307N07102,2017,UNNAMED,2017-11-04 12:00:00,5.6,100.3,25, , 
2017307N07102,2017,UNNAMED,2017-11-04 15:00:00,5.4,100.3,25, , 
2017307N07102,2017,UNNAMED,2017-11-04 18:00:00,5.2,100.4,25, , 
2017307N07102,2017,UNNAMED,2017-11-04 21:00:00,5.1,100.6,23, , 
2017307N07102,2017,UNNAMED,2017-11-05 00:00:00,5.1,100.9,20, , 
2017307N07102,2017,UNNAMED,2017-11-05 03:00:00,5.1,101.3,18, , 
2017307N07102,2017,UNNAMED,2017-11-05 06:00:00,5.2,101.6,15, , 
2017307N07102,2017,UNNAMED,2017-11-05 09:00:00,5.5,101.8,18, , 
2017307N07102,2017,UNNAMED,2017-11-05 12:00:00,5.8,102.0,20, , 
2017307N07102,2017,UNNAMED,2017-11-05 15:00:00,6.1,102.3,20, , 
2017307N07102,2017,UNNAMED,2017-11-05 18:00:00,6.5,102.6,20, , 
2017307N07102,2017,UNNAMED,2017-11-05 21:00:00,7.0,102.6,20, , 
2017307N07102,2017,UNNAMED,2017-11-06 00:00:00,7.5,102.6,20, , 
2017307N07102,2017,UNNAMED,2017-11-06 03:00:00,7.9,102.6,23, , 
2017307N07102,2017,UNNAMED,2017-11-06 06:00:00,8.3,102.6,25, , 
2017307N07102,2017,UNNAMED,2017-11-06 09:00:00,8.6,102.6,25, , 
2017307N07102,2017,UNNAMED,2017-11-06 12:00:00,8.8,102.5,25, , 
2017307N07102,2017,UNNAMED,2017-11-06 15:00:00,9.0,102.3,25, , 
2017307N07102,2017,UNNAMED,2017-11-06 18:00:00,9.3,102.0,25, , 
2017307N07102,2017,UNNAMED,2017-11-06 21:00:00,9.6,101.7,25, , 
2017307N07102,2017,UNNAMED,2017-11-07 00:00:00,9.9,101.4,25, , 
2017307N07102,2017,UNNAMED,2017-11-07 03:00:00,10.2,101.0,25, , 
2017307N07102,2017,UNNAMED,2017-11-07 06:00:00,10.5,100.7,25, , 
2017307N07102,2017,UNNAMED,2017-11-07 09:00:00,10.7,100.6,25, , 
2017307N07102,2017,UNNAMED,2017-11-07 12:00:00,10.9,100.5,25, , 
2017307N07102,2017,UNNAMED,2017-11-07 15:00:00,11.0,100.3,25, , 
2017307N07102,2017,UNNAMED,2017-11-07 18:00:00,11.1,100.0,25, , 
2017307N07102,2017,UNNAMED,2017-11-07 21:00:00,11.2,99.8,23, , 
2017307N07102,2017,UNNAMED,2017-11-08 00:00:00,11.3,99.6,20, , 
2017319N15083,2017,UNNAMED,2017-11-15 03:00:00,15.0,83.0, ,25,25
2017319N15083,2017,UNNAMED,2017-11-15 06:00:00,15.5,83.0, ,25,25
2017319N15083,2017,UNNAMED,2017-11-15 09:00:00,15.9,83.1, , ,25
2017319N15083,2017,UNNAMED,2017-11-15 12:00:00,16.2,83.3, ,25,25
2017319N15083,2017,UNNAMED,2017-11-15 15:00:00,16.6,83.5, , ,25
2017319N15083,2017,UNNAMED,2017-11-15 18:00:00,17.0,83.8, ,25,25
2017319N15083,2017,UNNAMED,2017-11-15 21:00:00,17.3,84.0, , ,25
2017319N15083,2017,UNNAMED,2017-11-16 00:00:00,17.5,84.1, ,25,25
2017319N15083,2017,UNNAMED,2017-11-16 03:00:00,17.7,84.3, ,25,25
2017319N15083,2017,UNNAMED,2017-11-16 06:00:00,17.7,84.3, ,25,25
2017319N15083,2017,UNNAMED,2017-11-16 09:00:00,17.9,84.6, , ,25
2017319N15083,2017,UNNAMED,2017-11-16 12:00:00,18.1,85.0, ,25,25
2017319N15083,2017,UNNAMED,2017-11-16 15:00:00,18.3,85.3, , ,25
2017319N15083,2017,UNNAMED,2017-11-16 18:00:00,18.5,85.5, ,25,25
2017319N15083,2017,UNNAMED,2017-11-16 21:00:00,18.5,85.6, , ,25
2017319N15083,2017,UNNAMED,2017-11-17 00:00:00,18.8,85.8, ,25,25
2017319N15083,2017,UNNAMED,2017-11-17 03:00:00,19.5,86.3, ,25,25
2017333N06082,2017,OCKHI,2017-11-28 18:00:00,6.0,82.2,30, , 
2017333N06082,2017,OCKHI,2017-11-28 21:00:00,5.9,82.0,30, , 
2017333N06082,2017,OCKHI,2017-11-29 00:00:00,5.9,81.7,30, , 
2017333N06082,2017,OCKHI,2017-11-29 03:00:00,6.0,81.4,30,25,25
2017333N06082,2017,OCKHI,2017-11-29 06:00:00,6.1,80.7,30,25,25
2017333N06082,2017,OCKHI,2017-11-29 09:00:00,6.2,80.1,33, ,25
2017333N06082,2017,OCKHI,2017-11-29 12:00:00,6.2,79.9,35,25,25
2017333N06082,2017,OCKHI,2017-11-29 15:00:00,6.3,79.5,38, ,25
2017333N06082,2017,OCKHI,2017-11-29 18:00:00,6.5,79.0,40,25,25
2017333N06082,2017,OCKHI,2017-11-29 21:00:00,6.7,78.5,43,30,30
2017333N06082,2017,OCKHI,2017-11-30 00:00:00,7.0,78.1,45,30,30
2017333N06082,2017,OCKHI,2017-11-30 03:00:00,7.5,77.4,48,35,35
2017333N06082,2017,OCKHI,2017-11-30 06:00:00,7.8,76.8,50,40,40
2017333N06082,2017,OCKHI,2017-11-30 09:00:00,7.9,76.3,53,45,45
2017333N06082,2017,OCKHI,2017-11-30 12:00:00,8.2,75.8,55,45,45
2017333N06082,2017,OCKHI,2017-11-30 15:00:00,8.3,75.4,58,45,45
2017333N06082,2017,OCKHI,2017-11-30 18:00:00,8.5,74.9,60,45,45
2017333N06082,2017,OCKHI,2017-11-30 21:00:00,8.6,74.5,63,45,45
2017333N06082,2017,OCKHI,2017-12-01 00:00:00,8.8,74.1,65,50,50
2017333N06082,2017,OCKHI,2017-12-01 03:00:00,8.8,73.8,68,55,55
2017333N06082,2017,OCKHI,2017-12-01 06:00:00,8.9,73.4,70,60,60
2017333N06082,2017,OCKHI,2017-12-01 09:00:00,8.9,73.0,73,65,65
2017333N06082,2017,OCKHI,2017-12-01 12:00:00,9.0,72.8,75,65,65
2017333N06082,2017,OCKHI,2017-12-01 15:00:00,9.1,72.5,78,65,65
2017333N06082,2017,OCKHI,2017-12-01 18:00:00,9.2,72.1,80,70,70
2017333N06082,2017,OCKHI,2017-12-01 21:00:00,9.3,71.8,83,75,75
2017333N06082,2017,OCKHI,2017-12-02 00:00:00,9.5,71.5,85,80,80
2017333N06082,2017,OCKHI,2017-12-02 03:00:00,9.6,71.2,88,80,80
2017333N06082,2017,OCKHI,2017-12-02 06:00:00,9.8,71.0,90,85,85
2017333N06082,2017,OCKHI,2017-12-02 09:00:00,10.2,70.6,95,85,85
2017333N06082,2017,OCKHI,2017-12-02 12:00:00,10.5,70.3,100,85,85
2017333N06082,2017,OCKHI,2017-12-02 15:00:00,10.7,70.0,98,85,85
2017333N06082,2017,OCKHI,2017-12-02 18:00:00,11.0,69.7,95,85,85
2017333N06082,2017,OCKHI,2017-12-02 21:00:00,11.2,69.5,93,85,85
2017333N06082,2017,OCKHI,2017-12-03 00:00:00,11.5,69.3,90,85,85
2017333N06082,2017,OCKHI,2017-12-03 03:00:00,11.9,69.0,85,80,80
2017333N06082,2017,OCKHI,2017-12-03 06:00:00,12.2,68.9,80,75,75
2017333N06082,2017,OCKHI,2017-12-03 09:00:00,12.4,68.8,78,75,75
2017333N06082,2017,OCKHI,2017-12-03 12:00:00,12.9,68.7,75,75,75
2017333N06082,2017,OCKHI,2017-12-03 15:00:00,13.1,68.6,75,75,75
2017333N06082,2017,OCKHI,2017-12-03 18:00:00,13.5,68.5,75,75,75
2017333N06082,2017,OCKHI,2017-12-03 21:00:00,13.9,68.5,75,75,75
2017333N06082,2017,OCKHI,2017-12-04 00:00:00,14.3,68.5,75,70,70
2017333N06082,2017,OCKHI,2017-12-04 03:00:00,14.5,68.5,73,65,65
2017333N06082,2017,OCKHI,2017-12-04 06:00:00,14.8,68.7,70,65,65
2017333N06082,2017,OCKHI,2017-12-04 09:00:00,15.1,69.0,68,65,65
2017333N06082,2017,OCKHI,2017-12-04 12:00:00,15.6,69.2,65,60,60
2017333N06082,2017,OCKHI,2017-12-04 15:00:00,16.1,69.5,63,60,60
2017333N06082,2017,OCKHI,2017-12-04 18:00:00,16.6,69.9,60,55,55
2017333N06082,2017,OCKHI,2017-12-04 21:00:00,17.0,70.3,55,55,55
2017333N06082,2017,OCKHI,2017-12-05 00:00:00,17.5,70.7,50,50,50
2017333N06082,2017,OCKHI,2017-12-05 03:00:00,17.9,71.0,43,45,45
2017333N06082,2017,OCKHI,2017-12-05 06:00:00,18.2,71.2,35,40,40
2017333N06082,2017,OCKHI,2017-12-05 09:00:00,18.3,71.4,33,30,30
2017333N06082,2017,OCKHI,2017-12-05 12:00:00,18.5,71.5,30,30,30
2017333N06082,2017,OCKHI,2017-12-05 15:00:00,18.8,71.6, ,25,25
2017333N06082,2017,OCKHI,2017-12-05 18:00:00,19.2,71.9, ,20,20
2017340N09089,2017,UNNAMED,2017-12-06 03:00:00,8.5,88.5, ,25,25
2017340N09089,2017,UNNAMED,2017-12-06 06:00:00,8.8,88.3, ,25,25
2017340N09089,2017,UNNAMED,2017-12-06 09:00:00,9.3,88.1, , ,25
2017340N09089,2017,UNNAMED,2017-12-06 12:00:00,9.8,88.0, ,25,25
2017340N09089,2017,UNNAMED,2017-12-06 15:00:00,9.9,88.0, , ,25
2017340N09089,2017,UNNAMED,2017-12-06 18:00:00,10.0,88.0, ,25,25
2017340N09089,2017,UNNAMED,2017-12-06 21:00:00,10.4,88.0, , ,25
2017340N09089,2017,UNNAMED,2017-12-07 00:00:00,11.1,88.0, ,25,25
2017340N09089,2017,UNNAMED,2017-12-07 03:00:00,12.0,88.0, ,25,25
2017340N09089,2017,UNNAMED,2017-12-07 06:00:00,12.2,87.9, ,25,25
2017340N09089,2017,UNNAMED,2017-12-07 09:00:00,12.5,87.8, , ,25
2017340N09089,2017,UNNAMED,2017-12-07 12:00:00,12.8,87.7, ,25,25
2017340N09089,2017,UNNAMED,2017-12-07 15:00:00,13.1,87.7, , ,25
2017340N09089,2017,UNNAMED,2017-12-07 18:00:00,13.4,87.6, ,25,25
2017340N09089,2017,UNNAMED,2017-12-07 21:00:00,13.8,87.3, , ,28
2017340N09089,2017,UNNAMED,2017-12-08 00:00:00,14.3,87.0, ,30,30
2017340N09089,2017,UNNAMED,2017-12-08 03:00:00,15.0,86.8, ,30,30
2017340N09089,2017,UNNAMED,2017-12-08 06:00:00,15.8,86.6,40,30,30
2017340N09089,2017,UNNAMED,2017-12-08 09:00:00,16.5,86.5,43, ,30
2017340N09089,2017,UNNAMED,2017-12-08 12:00:00,17.0,86.3,45,30,30
2017340N09089,2017,UNNAMED,2017-12-08 15:00:00,17.6,86.3,43, ,28
2017340N09089,2017,UNNAMED,2017-12-08 18:00:00,18.1,86.4,40,25,25
2017340N09089,2017,UNNAMED,2017-12-08 21:00:00,18.4,86.4,38, ,25
2017340N09089,2017,UNNAMED,2017-12-09 00:00:00,18.7,86.5,35,25,25
2017340N09089,2017,UNNAMED,2017-12-09 03:00:00,18.8,86.7,33,25,25
2017340N09089,2017,UNNAMED,2017-12-09 06:00:00,19.0,86.9,30,25,25
2017340N09089,2017,UNNAMED,2017-12-09 09:00:00,19.1,87.1,30, , 
2017340N09089,2017,UNNAMED,2017-12-09 12:00:00,19.3,87.3,30, , 
2017340N09089,2017,UNNAMED,2017-12-09 15:00:00,19.5,87.4,28, , 
2017340N09089,2017,UNNAMED,2017-12-09 18:00:00,19.8,87.6,25, , 
2017340N09089,2017,UNNAMED,2017-12-09 21:00:00,20.1,87.8,25, , 
2017340N09089,2017,UNNAMED,2017-12-10 00:00:00,20.4,88.1,25, , 
2017340N09089,2017,UNNAMED,2017-12-10 03:00:00,20.7,88.4,23, , 
2017340N09089,2017,UNNAMED,2017-12-10 06:00:00,21.1,88.7,20, , 
2018072N05076,2018,UNNAMED,2018-03-13 03:00:00,5.0,76.0, ,25,25
2018072N05076,2018,UNNAMED,2018-03-13 06:00:00,5.5,75.8, ,25,25
2018072N05076,2018,UNNAMED,2018-03-13 09:00:00,6.1,75.4, , ,25
2018072N05076,2018,UNNAMED,2018-03-13 12:00:00,6.5,75.0, ,25,25
2018072N05076,2018,UNNAMED,2018-03-13 15:00:00,6.7,74.9, , ,25
2018072N05076,2018,UNNAMED,2018-03-13 18:00:00,6.7,74.8, ,25,25
2018072N05076,2018,UNNAMED,2018-03-13 21:00:00,6.8,74.7, , ,25
2018072N05076,2018,UNNAMED,2018-03-14 00:00:00,7.0,74.5, ,25,25
2018072N05076,2018,UNNAMED,2018-03-14 03:00:00,7.5,74.0, ,25,25
2018072N05076,2018,UNNAMED,2018-03-14 06:00:00,8.0,73.5, ,25,25
2018072N05076,2018,UNNAMED,2018-03-14 09:00:00,8.4,73.1, , ,25
2018072N05076,2018,UNNAMED,2018-03-14 12:00:00,8.7,72.8, ,25,25
2018072N05076,2018,UNNAMED,2018-03-14 15:00:00,8.9,72.6, , ,25
2018072N05076,2018,UNNAMED,2018-03-14 18:00:00,9.1,72.5, ,25,25
2018136N11054,2018,SAGAR,2018-05-15 18:00:00,11.3,53.7,20, , 
2018136N11054,2018,SAGAR,2018-05-15 21:00:00,11.6,53.2,23, , 
2018136N11054,2018,SAGAR,2018-05-16 00:00:00,12.0,52.7,25, , 
2018136N11054,2018,SAGAR,2018-05-16 03:00:00,12.4,52.2,25, , 
2018136N11054,2018,SAGAR,2018-05-16 06:00:00,12.7,51.6,25, , 
2018136N11054,2018,SAGAR,2018-05-16 09:00:00,12.9,51.1,28, , 
2018136N11054,2018,SAGAR,2018-05-16 12:00:00,13.1,50.5,30,25,25
2018136N11054,2018,SAGAR,2018-05-16 15:00:00,13.2,50.0,33, ,28
2018136N11054,2018,SAGAR,2018-05-16 18:00:00,13.2,49.7,35,30,30
2018136N11054,2018,SAGAR,2018-05-16 21:00:00,13.2,49.4,38, ,30
2018136N11054,2018,SAGAR,2018-05-17 00:00:00,13.2,49.2,40,30,30
2018136N11054,2018,SAGAR,2018-05-17 03:00:00,13.2,48.9,43,35,35
2018136N11054,2018,SAGAR,2018-05-17 06:00:00,13.1,48.7,45,35,35
2018136N11054,2018,SAGAR,2018-05-17 09:00:00,13.1,48.4,48,35,35
2018136N11054,2018,SAGAR,2018-05-17 12:00:00,13.0,48.1,50,40,40
2018136N11054,2018,SAGAR,2018-05-17 15:00:00,12.9,47.7,50,40,40
2018136N11054,2018,SAGAR,2018-05-17 18:00:00,12.6,47.3,50,40,40
2018136N11054,2018,SAGAR,2018-05-17 21:00:00,12.4,46.9,50,40,40
2018136N11054,2018,SAGAR,2018-05-18 00:00:00,12.2,46.5,50,45,45
2018136N11054,2018,SAGAR,2018-05-18 03:00:00,12.0,46.2,53,45,45
2018136N11054,2018,SAGAR,2018-05-18 06:00:00,11.9,46.0,55,45,45
2018136N11054,2018,SAGAR,2018-05-18 09:00:00,11.7,45.6,58,45,45
2018136N11054,2018,SAGAR,2018-05-18 12:00:00,11.5,45.5,60,45,45
2018136N11054,2018,SAGAR,2018-05-18 15:00:00,11.4,45.3,63,45,45
2018136N11054,2018,SAGAR,2018-05-18 18:00:00,11.3,45.1,65,45,45
2018136N11054,2018,SAGAR,2018-05-18 21:00:00,11.1,45.0,63,45,45
2018136N11054,2018,SAGAR,2018-05-19 00:00:00,11.0,44.8,60,45,45
2018136N11054,2018,SAGAR,2018-05-19 03:00:00,10.8,44.5,58,45,45
2018136N11054,2018,SAGAR,2018-05-19 06:00:00,10.7,44.2,55,40,40
2018136N11054,2018,SAGAR,2018-05-19 09:00:00,10.5,44.0,53,40,40
2018136N11054,2018,SAGAR,2018-05-19 12:00:00,10.4,43.8,50,35,35
2018136N11054,2018,SAGAR,2018-05-19 15:00:00,10.2,43.6,48, ,33
2018136N11054,2018,SAGAR,2018-05-19 18:00:00,10.1,43.4,45,30,30
2018136N11054,2018,SAGAR,2018-05-19 21:00:00,10.0,43.2,43, ,28
2018136N11054,2018,SAGAR,2018-05-20 00:00:00,9.9,42.8,40,25,25
2018136N11054,2018,SAGAR,2018-05-20 03:00:00,9.9,42.3,35, , 
2018136N11054,2018,SAGAR,2018-05-20 06:00:00,9.8,41.8,30, , 
2018141N08059,2018,MEKUNU,2018-05-21 06:00:00,7.9,58.6,25, , 
2018141N08059,2018,MEKUNU,2018-05-21 09:00:00,8.1,58.4,25, , 
2018141N08059,2018,MEKUNU,2018-05-21 12:00:00,8.4,58.3,25,25,25
2018141N08059,2018,MEKUNU,2018-05-21 15:00:00,8.5,58.1,28, ,25
2018141N08059,2018,MEKUNU,2018-05-21 18:00:00,8.7,57.9,30,25,25
2018141N08059,2018,MEKUNU,2018-05-21 21:00:00,8.9,57.7,33, ,25
2018141N08059,2018,MEKUNU,2018-05-22 00:00:00,9.1,57.5,35,25,25
2018141N08059,2018,MEKUNU,2018-05-22 03:00:00,9.3,57.3,35,30,30
2018141N08059,2018,MEKUNU,2018-05-22 06:00:00,9.6,57.1,35,30,30
2018141N08059,2018,MEKUNU,2018-05-22 09:00:00,9.9,56.9,38, ,33
2018141N08059,2018,MEKUNU,2018-05-22 12:00:00,10.2,56.8,40,35,35
2018141N08059,2018,MEKUNU,2018-05-22 15:00:00,10.5,56.6,45,35,35
2018141N08059,2018,MEKUNU,2018-05-22 18:00:00,10.7,56.4,50,40,40
2018141N08059,2018,MEKUNU,2018-05-22 21:00:00,10.8,56.2,53,40,40
2018141N08059,2018,MEKUNU,2018-05-23 00:00:00,11.0,56.1,55,45,45
2018141N08059,2018,MEKUNU,2018-05-23 03:00:00,11.2,56.0,58,55,55
2018141N08059,2018,MEKUNU,2018-05-23 06:00:00,11.4,56.1,60,60,60
2018141N08059,2018,MEKUNU,2018-05-23 09:00:00,11.7,56.0,63,65,65
2018141N08059,2018,MEKUNU,2018-05-23 12:00:00,12.0,56.0,65,65,65
2018141N08059,2018,MEKUNU,2018-05-23 15:00:00,12.3,55.9,70,70,70
2018141N08059,2018,MEKUNU,2018-05-23 18:00:00,12.5,55.8,75,70,70
2018141N08059,2018,MEKUNU,2018-05-23 21:00:00,12.8,55.7,78,70,70
2018141N08059,2018,MEKUNU,2018-05-24 00:00:00,13.0,55.7,80,70,70
2018141N08059,2018,MEKUNU,2018-05-24 03:00:00,13.3,55.5,80,75,75
2018141N08059,2018,MEKUNU,2018-05-24 06:00:00,13.7,55.5,80,80,80
2018141N08059,2018,MEKUNU,2018-05-24 09:00:00,14.0,55.4,80,80,80
2018141N08059,2018,MEKUNU,2018-05-24 12:00:00,14.3,55.3,80,80,80
2018141N08059,2018,MEKUNU,2018-05-24 15:00:00,14.6,55.2,80,80,80
2018141N08059,2018,MEKUNU,2018-05-24 18:00:00,14.9,54.9,80,80,80
2018141N08059,2018,MEKUNU,2018-05-24 21:00:00,15.1,54.7,83,80,80
2018141N08059,2018,MEKUNU,2018-05-25 00:00:00,15.2,54.6,85,85,85
2018141N08059,2018,MEKUNU,2018-05-25 03:00:00,15.4,54.6,88,90,90
2018141N08059,2018,MEKUNU,2018-05-25 06:00:00,15.8,54.5,90,90,90
2018141N08059,2018,MEKUNU,2018-05-25 09:00:00,16.1,54.4,95,90,90
2018141N08059,2018,MEKUNU,2018-05-25 12:00:00,16.3,54.3,100,95,95
2018141N08059,2018,MEKUNU,2018-05-25 15:00:00,16.5,54.1,100,95,95
2018141N08059,2018,MEKUNU,2018-05-25 18:00:00,16.7,53.9,100,95,95
2018141N08059,2018,MEKUNU,2018-05-25 21:00:00,17.0,53.6,93,90,90
2018141N08059,2018,MEKUNU,2018-05-26 00:00:00,17.2,53.5,85,75,75
2018141N08059,2018,MEKUNU,2018-05-26 03:00:00,17.5,53.4,78,60,60
2018141N08059,2018,MEKUNU,2018-05-26 06:00:00,17.8,53.3,70,50,50
2018141N08059,2018,MEKUNU,2018-05-26 09:00:00,18.2,53.2,63,45,45
2018141N08059,2018,MEKUNU,2018-05-26 12:00:00,18.5,53.1,55,40,40
2018141N08059,2018,MEKUNU,2018-05-26 15:00:00,18.6,52.9,50,35,35
2018141N08059,2018,MEKUNU,2018-05-26 18:00:00,18.8,52.7,45,30,30
2018141N08059,2018,MEKUNU,2018-05-26 21:00:00,18.9,52.6,40, ,28
2018141N08059,2018,MEKUNU,2018-05-27 00:00:00,19.0,52.4,35,25,25
2018141N08059,2018,MEKUNU,2018-05-27 03:00:00,19.0,52.1,33, , 
2018141N08059,2018,MEKUNU,2018-05-27 06:00:00,19.0,52.0,30, , 
2018148N17090,2018,UNNAMED,2018-05-28 00:00:00,16.5,90.2,20, , 
2018148N17090,2018,UNNAMED,2018-05-28 03:00:00,16.7,90.4,23, , 
2018148N17090,2018,UNNAMED,2018-05-28 06:00:00,16.9,90.6,25, , 
2018148N17090,2018,UNNAMED,2018-05-28 09:00:00,17.1,90.8,25, , 
2018148N17090,2018,UNNAMED,2018-05-28 12:00:00,17.3,91.0,25, , 
2018148N17090,2018,UNNAMED,2018-05-28 15:00:00,17.5,91.2,28, , 
2018148N17090,2018,UNNAMED,2018-05-28 18:00:00,17.8,91.5,30, , 
2018148N17090,2018,UNNAMED,2018-05-28 21:00:00,18.0,91.7,33, , 
2018148N17090,2018,UNNAMED,2018-05-29 00:00:00,18.3,92.0,35, , 
2018148N17090,2018,UNNAMED,2018-05-29 03:00:00,18.5,92.3,38, , 
2018148N17090,2018,UNNAMED,2018-05-29 06:00:00,18.7,92.5,40,25,25
2018148N17090,2018,UNNAMED,2018-05-29 09:00:00,19.0,92.9,43, ,28
2018148N17090,2018,UNNAMED,2018-05-29 12:00:00,19.4,93.3,45,30,30
2018148N17090,2018,UNNAMED,2018-05-29 15:00:00,19.7,93.6,40, ,30
2018148N17090,2018,UNNAMED,2018-05-29 18:00:00,20.0,94.0,35,30,30
2018148N17090,2018,UNNAMED,2018-05-29 21:00:00,20.6,94.7,33, ,28
2018148N17090,2018,UNNAMED,2018-05-30 00:00:00,21.3,95.4,30,25,25
2018148N17090,2018,UNNAMED,2018-05-30 03:00:00,21.8,95.8, ,20,20
2018161N22092,2018,UNNAMED,2018-06-10 06:00:00,22.3,91.5, ,25,25
2018161N22092,2018,UNNAMED,2018-06-10 09:00:00,22.5,91.5, , ,25
2018161N22092,2018,UNNAMED,2018-06-10 12:00:00,22.7,91.4, ,25,25
2018161N22092,2018,UNNAMED,2018-06-10 15:00:00,22.9,91.4, , ,23
2018161N22092,2018,UNNAMED,2018-06-10 18:00:00,23.0,91.3, ,20,20
2018202N21088,2018,UNNAMED,2018-07-21 03:00:00,21.0,88.0, ,25,25
2018202N21088,2018,UNNAMED,2018-07-21 06:00:00,21.4,87.7, ,25,25
2018202N21088,2018,UNNAMED,2018-07-21 09:00:00,21.5,87.6, ,30,30
2018202N21088,2018,UNNAMED,2018-07-21 12:00:00,21.7,87.4, ,30,30
2018202N21088,2018,UNNAMED,2018-07-21 15:00:00,21.9,87.2, , ,28
2018202N21088,2018,UNNAMED,2018-07-21 18:00:00,22.0,87.0, ,25,25
2018202N21088,2018,UNNAMED,2018-07-21 21:00:00,22.0,87.0, , ,25
2018202N21088,2018,UNNAMED,2018-07-22 00:00:00,22.2,86.8, ,25,25
2018202N21088,2018,UNNAMED,2018-07-22 03:00:00,22.6,86.2, ,25,25
2018202N21088,2018,UNNAMED,2018-07-22 06:00:00,22.7,86.1, ,25,25
2018202N21088,2018,UNNAMED,2018-07-22 09:00:00,22.8,85.7, , ,25
2018202N21088,2018,UNNAMED,2018-07-22 12:00:00,23.0,85.1, ,25,25
2018202N21088,2018,UNNAMED,2018-07-22 15:00:00,23.2,84.8, , ,23
2018202N21088,2018,UNNAMED,2018-07-22 18:00:00,23.5,84.5, ,20,20
2018202N21088,2018,UNNAMED,2018-07-22 21:00:00,23.7,84.3, , ,20
2018202N21088,2018,UNNAMED,2018-07-23 00:00:00,23.9,84.0, ,20,20
2018219N21088,2018,UNNAMED,2018-08-07 09:00:00,21.5,87.5, ,25,25
2018219N21088,2018,UNNAMED,2018-08-07 12:00:00,21.5,87.0, ,25,25
2018219N21088,2018,UNNAMED,2018-08-07 15:00:00,21.5,86.5, , ,25
2018219N21088,2018,UNNAMED,2018-08-07 18:00:00,21.6,86.0, ,25,25
2018219N21088,2018,UNNAMED,2018-08-07 21:00:00,21.7,85.3, , ,23
2018219N21088,2018,UNNAMED,2018-08-08 00:00:00,21.7,84.5, ,20,20
2018227N20086,2018,UNNAMED,2018-08-15 03:00:00,20.0,86.0, ,25,25
2018227N20086,2018,UNNAMED,2018-08-15 06:00:00,20.1,85.6, ,25,25
2018227N20086,2018,UNNAMED,2018-08-15 09:00:00,20.2,85.3, , ,25
2018227N20086,2018,UNNAMED,2018-08-15 12:00:00,20.2,85.0, ,25,25
2018227N20086,2018,UNNAMED,2018-08-15 15:00:00,20.2,84.6, , ,25
2018227N20086,2018,UNNAMED,2018-08-15 18:00:00,20.3,84.0, ,25,25
2018227N20086,2018,UNNAMED,2018-08-15 21:00:00,20.4,83.1, , ,25
2018227N20086,2018,UNNAMED,2018-08-16 00:00:00,20.5,82.0, ,25,25
2018227N20086,2018,UNNAMED,2018-08-16 03:00:00,20.6,81.0, ,20,20
2018227N20086,2018,UNNAMED,2018-08-16 06:00:00,20.7,80.5, ,20,20
2018227N20086,2018,UNNAMED,2018-08-16 09:00:00,20.9,79.4, , ,20
2018227N20086,2018,UNNAMED,2018-08-16 12:00:00,21.1,78.3, ,20,20
2018227N20086,2018,UNNAMED,2018-08-16 15:00:00,21.1,77.9, , ,20
2018227N20086,2018,UNNAMED,2018-08-16 18:00:00,21.2,77.5, ,20,20
2018227N20086,2018,UNNAMED,2018-08-16 21:00:00,21.4,76.8, , ,20
2018227N20086,2018,UNNAMED,2018-08-17 00:00:00,21.8,75.8, ,20,20
2018249N22088,2018,UNNAMED,2018-09-06 00:00:00,21.8,88.0, ,25,25
2018249N22088,2018,UNNAMED,2018-09-06 03:00:00,21.8,87.9, ,30,30
2018249N22088,2018,UNNAMED,2018-09-06 06:00:00,21.8,87.6, ,30,30
2018249N22088,2018,UNNAMED,2018-09-06 09:00:00,21.7,87.2, , ,30
2018249N22088,2018,UNNAMED,2018-09-06 12:00:00,21.7,86.8, ,30,30
2018249N22088,2018,UNNAMED,2018-09-06 15:00:00,21.8,86.5, , ,30
2018249N22088,2018,UNNAMED,2018-09-06 18:00:00,21.9,86.0, ,30,30
2018249N22088,2018,UNNAMED,2018-09-06 21:00:00,21.9,85.0, , ,28
2018249N22088,2018,UNNAMED,2018-09-07 00:00:00,22.2,84.0, ,25,25
2018249N22088,2018,UNNAMED,2018-09-07 03:00:00,22.9,83.3, ,20,20
2018263N17089,2018,DAYE,2018-09-19 15:00:00,17.2,89.0, ,25,25
2018263N17089,2018,DAYE,2018-09-19 18:00:00,17.2,88.3,30,25,25
2018263N17089,2018,DAYE,2018-09-19 21:00:00,17.2,87.8,30, ,25
2018263N17089,2018,DAYE,2018-09-20 00:00:00,17.2,87.4,30,25,25
2018263N17089,2018,DAYE,2018-09-20 03:00:00,17.3,87.1,30,30,30
2018263N17089,2018,DAYE,2018-09-20 06:00:00,17.6,87.0,30,30,30
2018263N17089,2018,DAYE,2018-09-20 09:00:00,17.9,86.6,33, ,30
2018263N17089,2018,DAYE,2018-09-20 12:00:00,18.3,86.1,35,30,30
2018263N17089,2018,DAYE,2018-09-20 15:00:00,18.6,85.8,35,35,35
2018263N17089,2018,DAYE,2018-09-20 18:00:00,19.1,85.2,35,35,35
2018263N17089,2018,DAYE,2018-09-20 21:00:00,19.4,84.4,35,35,35
2018263N17089,2018,DAYE,2018-09-21 00:00:00,19.8,83.6,35,30,30
2018263N17089,2018,DAYE,2018-09-21 03:00:00,20.1,82.5,33,30,30
2018263N17089,2018,DAYE,2018-09-21 06:00:00,20.5,81.5,30,30,30
2018263N17089,2018,DAYE,2018-09-21 09:00:00,20.9,80.7,28, ,28
2018263N17089,2018,DAYE,2018-09-21 12:00:00,21.2,80.1,25,25,25
2018263N17089,2018,DAYE,2018-09-21 15:00:00,21.4,79.5, , ,25
2018263N17089,2018,DAYE,2018-09-21 18:00:00,21.4,78.7, ,25,25
2018263N17089,2018,DAYE,2018-09-21 21:00:00,21.8,77.8, , ,25
2018263N17089,2018,DAYE,2018-09-22 00:00:00,22.3,76.9, ,25,25
2018263N17089,2018,DAYE,2018-09-22 03:00:00,22.9,76.3, ,20,20
2018263N17089,2018,DAYE,2018-09-22 06:00:00,22.9,76.3, ,20,20
2018279N11069,2018,LUBAN,2018-10-05 18:00:00,11.2,68.9,20, , 
2018279N11069,2018,LUBAN,2018-10-05 21:00:00,11.1,68.4,20, , 
2018279N11069,2018,LUBAN,2018-10-06 00:00:00,11.0,67.9,20, , 
2018279N11069,2018,LUBAN,2018-10-06 03:00:00,11.0,67.5,23, , 
2018279N11069,2018,LUBAN,2018-10-06 06:00:00,11.0,67.1,25, , 
2018279N11069,2018,LUBAN,2018-10-06 09:00:00,11.0,66.9,25,25,25
2018279N11069,2018,LUBAN,2018-10-06 12:00:00,11.1,66.8,25,25,25
2018279N11069,2018,LUBAN,2018-10-06 15:00:00,11.2,66.6,25, ,25
2018279N11069,2018,LUBAN,2018-10-06 18:00:00,11.4,66.4,25,25,25
2018279N11069,2018,LUBAN,2018-10-06 21:00:00,11.4,66.2,25, ,25
2018279N11069,2018,LUBAN,2018-10-07 00:00:00,11.5,66.0,25,25,25
2018279N11069,2018,LUBAN,2018-10-07 03:00:00,11.7,65.7,25,25,25
2018279N11069,2018,LUBAN,2018-10-07 06:00:00,11.8,65.3,25,25,25
2018279N11069,2018,LUBAN,2018-10-07 09:00:00,11.8,64.8,28,30,30
2018279N11069,2018,LUBAN,2018-10-07 12:00:00,12.0,64.3,30,30,30
2018279N11069,2018,LUBAN,2018-10-07 15:00:00,12.0,63.9,33, ,30
2018279N11069,2018,LUBAN,2018-10-07 18:00:00,12.0,63.5,35,30,30
2018279N11069,2018,LUBAN,2018-10-07 21:00:00,12.0,63.0,38, ,33
2018279N11069,2018,LUBAN,2018-10-08 00:00:00,12.1,62.5,40,35,35
2018279N11069,2018,LUBAN,2018-10-08 03:00:00,12.1,62.1,43,40,40
2018279N11069,2018,LUBAN,2018-10-08 06:00:00,12.2,61.9,45,40,40
2018279N11069,2018,LUBAN,2018-10-08 09:00:00,12.3,61.6,48,45,45
2018279N11069,2018,LUBAN,2018-10-08 12:00:00,12.4,61.3,50,45,45
2018279N11069,2018,LUBAN,2018-10-08 15:00:00,12.5,61.1,53,45,45
2018279N11069,2018,LUBAN,2018-10-08 18:00:00,12.6,60.9,55,45,45
2018279N11069,2018,LUBAN,2018-10-08 21:00:00,12.7,60.6,55,45,45
2018279N11069,2018,LUBAN,2018-10-09 00:00:00,12.8,60.5,55,45,45
2018279N11069,2018,LUBAN,2018-10-09 03:00:00,12.9,60.4,58,45,45
2018279N11069,2018,LUBAN,2018-10-09 06:00:00,13.0,60.4,60,45,45
2018279N11069,2018,LUBAN,2018-10-09 09:00:00,13.1,60.3,60,50,50
2018279N11069,2018,LUBAN,2018-10-09 12:00:00,13.2,60.1,60,55,55
2018279N11069,2018,LUBAN,2018-10-09 15:00:00,13.4,59.8,63,55,55
2018279N11069,2018,LUBAN,2018-10-09 18:00:00,13.6,59.6,65,55,55
2018279N11069,2018,LUBAN,2018-10-09 21:00:00,13.7,59.3,68,60,60
2018279N11069,2018,LUBAN,2018-10-10 00:00:00,14.0,59.2,70,65,65
2018279N11069,2018,LUBAN,2018-10-10 03:00:00,14.1,59.1,73,65,65
2018279N11069,2018,LUBAN,2018-10-10 06:00:00,14.2,59.0,75,75,75
2018279N11069,2018,LUBAN,2018-10-10 09:00:00,14.4,58.7,80,75,75
2018279N11069,2018,LUBAN,2018-10-10 12:00:00,14.4,58.6,85,75,75
2018279N11069,2018,LUBAN,2018-10-10 15:00:00,14.5,58.5,85,75,75
2018279N11069,2018,LUBAN,2018-10-10 18:00:00,14.5,58.4,85,75,75
2018279N11069,2018,LUBAN,2018-10-10 21:00:00,14.5,58.4,80,75,75
2018279N11069,2018,LUBAN,2018-10-11 00:00:00,14.6,58.2,75,75,75
2018279N11069,2018,LUBAN,2018-10-11 03:00:00,14.4,58.0,73,70,70
2018279N11069,2018,LUBAN,2018-10-11 06:00:00,14.5,57.9,70,70,70
2018279N11069,2018,LUBAN,2018-10-11 09:00:00,14.5,57.9,65,70,70
2018279N11069,2018,LUBAN,2018-10-11 12:00:00,14.5,57.8,60,70,70
2018279N11069,2018,LUBAN,2018-10-11 15:00:00,14.5,57.8,55,70,70
2018279N11069,2018,LUBAN,2018-10-11 18:00:00,14.6,57.7,50,70,70
2018279N11069,2018,LUBAN,2018-10-11 21:00:00,14.7,57.7,48,65,65
2018279N11069,2018,LUBAN,2018-10-12 00:00:00,14.7,57.6,45,60,60
2018279N11069,2018,LUBAN,2018-10-12 03:00:00,14.6,57.5,43,55,55
2018279N11069,2018,LUBAN,2018-10-12 06:00:00,14.7,57.4,40,50,50
2018279N11069,2018,LUBAN,2018-10-12 09:00:00,14.6,57.2,40,50,50
2018279N11069,2018,LUBAN,2018-10-12 12:00:00,14.7,57.0,40,50,50
2018279N11069,2018,LUBAN,2018-10-12 15:00:00,14.7,56.8,40,50,50
2018279N11069,2018,LUBAN,2018-10-12 18:00:00,14.8,56.5,40,45,45
2018279N11069,2018,LUBAN,2018-10-12 21:00:00,14.8,56.2,40,45,45
2018279N11069,2018,LUBAN,2018-10-13 00:00:00,14.8,55.9,40,45,45
2018279N11069,2018,LUBAN,2018-10-13 03:00:00,14.8,55.6,40,40,40
2018279N11069,2018,LUBAN,2018-10-13 06:00:00,14.9,55.3,40,40,40
2018279N11069,2018,LUBAN,2018-10-13 09:00:00,14.9,54.9,40,40,40
2018279N11069,2018,LUBAN,2018-10-13 12:00:00,14.9,54.5,40,40,40
2018279N11069,2018,LUBAN,2018-10-13 15:00:00,14.9,54.1,40,40,40
2018279N11069,2018,LUBAN,2018-10-13 18:00:00,15.1,53.7,40,40,40
2018279N11069,2018,LUBAN,2018-10-13 21:00:00,15.2,53.3,38,40,40
2018279N11069,2018,LUBAN,2018-10-14 00:00:00,15.4,52.8,35,40,40
2018279N11069,2018,LUBAN,2018-10-14 03:00:00,15.6,52.5,35,40,40
2018279N11069,2018,LUBAN,2018-10-14 06:00:00,15.9,52.2,35,35,35
2018279N11069,2018,LUBAN,2018-10-14 09:00:00,15.9,51.8,33,30,30
2018279N11069,2018,LUBAN,2018-10-14 12:00:00,16.0,51.4,30,30,30
2018279N11069,2018,LUBAN,2018-10-14 15:00:00,16.1,51.1,28, ,28
2018279N11069,2018,LUBAN,2018-10-14 18:00:00,16.3,50.8,25,25,25
2018279N11069,2018,LUBAN,2018-10-14 21:00:00,16.2,50.0, , ,25
2018279N11069,2018,LUBAN,2018-10-15 00:00:00,16.2,49.0, ,25,25
2018281N14088,2018,TITLI,2018-10-08 00:00:00,14.2,88.4,20, , 
2018281N14088,2018,TITLI,2018-10-08 03:00:00,14.1,88.4,23,25,25
2018281N14088,2018,TITLI,2018-10-08 06:00:00,14.1,88.3,25,25,25
2018281N14088,2018,TITLI,2018-10-08 09:00:00,14.2,88.1,28, ,25
2018281N14088,2018,TITLI,2018-10-08 12:00:00,14.3,87.9,30,25,25
2018281N14088,2018,TITLI,2018-10-08 15:00:00,14.4,87.7,30, ,28
2018281N14088,2018,TITLI,2018-10-08 18:00:00,14.5,87.5,30,30,30
2018281N14088,2018,TITLI,2018-10-08 21:00:00,14.6,87.3,33, ,30
2018281N14088,2018,TITLI,2018-10-09 00:00:00,14.7,87.1,35,30,30
2018281N14088,2018,TITLI,2018-10-09 03:00:00,14.7,86.9,38,30,30
2018281N14088,2018,TITLI,2018-10-09 06:00:00,14.8,86.8,40,35,35
2018281N14088,2018,TITLI,2018-10-09 09:00:00,14.9,86.7,43,35,35
2018281N14088,2018,TITLI,2018-10-09 12:00:00,15.1,86.6,45,40,40
2018281N14088,2018,TITLI,2018-10-09 15:00:00,15.3,86.5,48,40,40
2018281N14088,2018,TITLI,2018-10-09 18:00:00,15.6,86.3,50,45,45
2018281N14088,2018,TITLI,2018-10-09 21:00:00,15.8,86.1,58,50,50
2018281N14088,2018,TITLI,2018-10-10 00:00:00,16.1,86.0,65,55,55
2018281N14088,2018,TITLI,2018-10-10 03:00:00,16.5,85.9,70,60,60
2018281N14088,2018,TITLI,2018-10-10 06:00:00,17.0,85.6,75,70,70
2018281N14088,2018,TITLI,2018-10-10 09:00:00,17.3,85.4,83,75,75
2018281N14088,2018,TITLI,2018-10-10 12:00:00,17.6,85.3,90,80,80
2018281N14088,2018,TITLI,2018-10-10 15:00:00,17.8,85.1,98,80,80
2018281N14088,2018,TITLI,2018-10-10 18:00:00,18.3,85.0,105,80,80
2018281N14088,2018,TITLI,2018-10-10 21:00:00,18.6,84.6,103,80,80
2018281N14088,2018,TITLI,2018-10-11 00:00:00,18.8,84.4,100,80,80
2018281N14088,2018,TITLI,2018-10-11 03:00:00,18.9,84.1,90,65,65
2018281N14088,2018,TITLI,2018-10-11 06:00:00,19.2,83.9,80,60,60
2018281N14088,2018,TITLI,2018-10-11 09:00:00,19.4,83.8,73,50,50
2018281N14088,2018,TITLI,2018-10-11 12:00:00,19.7,83.8,65,45,45
2018281N14088,2018,TITLI,2018-10-11 15:00:00,19.9,83.9,60,40,40
2018281N14088,2018,TITLI,2018-10-11 18:00:00,20.1,84.2,55,30,30
2018281N14088,2018,TITLI,2018-10-11 21:00:00,20.3,84.4,48, ,30
2018281N14088,2018,TITLI,2018-10-12 00:00:00,20.5,84.7,40,30,30
2018281N14088,2018,TITLI,2018-10-12 03:00:00,20.7,85.0,35,30,30
2018281N14088,2018,TITLI,2018-10-12 06:00:00,20.9,85.3,30,30,30
2018281N14088,2018,TITLI,2018-10-12 09:00:00,20.9,85.5, ,25,25
2018281N14088,2018,TITLI,2018-10-12 12:00:00,21.2,86.1, ,25,25
2018281N14088,2018,TITLI,2018-10-12 15:00:00,21.6,86.7, , ,25
2018281N14088,2018,TITLI,2018-10-12 18:00:00,21.9,87.2, ,25,25
2018281N14088,2018,TITLI,2018-10-12 21:00:00,22.1,87.5, ,20,20
2018314N12093,2018,GAJA,2018-11-10 03:00:00,11.7,92.5, ,25,25
2018314N12093,2018,GAJA,2018-11-10 06:00:00,12.0,92.0, ,25,25
2018314N12093,2018,GAJA,2018-11-10 09:00:00,12.3,91.4, , ,28
2018314N12093,2018,GAJA,2018-11-10 12:00:00,12.7,90.7,30,30,30
2018314N12093,2018,GAJA,2018-11-10 15:00:00,12.9,90.2,33, ,30
2018314N12093,2018,GAJA,2018-11-10 18:00:00,13.1,89.8,35,30,30
2018314N12093,2018,GAJA,2018-11-10 21:00:00,13.2,89.5,35, ,33
2018314N12093,2018,GAJA,2018-11-11 00:00:00,13.4,89.2,35,35,35
2018314N12093,2018,GAJA,2018-11-11 03:00:00,13.4,88.8,35,35,35
2018314N12093,2018,GAJA,2018-11-11 06:00:00,13.4,88.5,35,40,40
2018314N12093,2018,GAJA,2018-11-11 09:00:00,13.4,88.0,35,40,40
2018314N12093,2018,GAJA,2018-11-11 12:00:00,13.3,87.7,35,40,40
2018314N12093,2018,GAJA,2018-11-11 15:00:00,13.2,87.5,35,40,40
2018314N12093,2018,GAJA,2018-11-11 18:00:00,13.1,87.3,35,40,40
2018314N12093,2018,GAJA,2018-11-11 21:00:00,13.1,87.2,35,40,40
2018314N12093,2018,GAJA,2018-11-12 00:00:00,12.9,87.2,35,40,40
2018314N12093,2018,GAJA,2018-11-12 03:00:00,12.7,87.2,35,40,40
2018314N12093,2018,GAJA,2018-11-12 06:00:00,12.6,87.3,35,40,40
2018314N12093,2018,GAJA,2018-11-12 09:00:00,12.7,87.3,33,40,40
2018314N12093,2018,GAJA,2018-11-12 12:00:00,12.8,87.6,30,40,40
2018314N12093,2018,GAJA,2018-11-12 15:00:00,13.0,87.6,30,40,40
2018314N12093,2018,GAJA,2018-11-12 18:00:00,13.3,87.6,30,45,45
2018314N12093,2018,GAJA,2018-11-12 21:00:00,13.4,87.4,30,45,45
2018314N12093,2018,GAJA,2018-11-13 00:00:00,13.6,87.2,30,40,40
2018314N12093,2018,GAJA,2018-11-13 03:00:00,13.6,87.0,30,40,40
2018314N12093,2018,GAJA,2018-11-13 06:00:00,13.7,86.6,30,40,40
2018314N12093,2018,GAJA,2018-11-13 09:00:00,13.6,86.3,30,40,40
2018314N12093,2018,GAJA,2018-11-13 12:00:00,13.5,86.1,30,40,40
2018314N12093,2018,GAJA,2018-11-13 15:00:00,13.4,85.9,33,40,40
2018314N12093,2018,GAJA,2018-11-13 18:00:00,13.3,85.7,35,40,40
2018314N12093,2018,GAJA,2018-11-13 21:00:00,13.2,85.5,38,40,40
2018314N12093,2018,GAJA,2018-11-14 00:00:00,13.1,85.4,40,40,40
2018314N12093,2018,GAJA,2018-11-14 03:00:00,13.0,85.2,43,40,40
2018314N12093,2018,GAJA,2018-11-14 06:00:00,12.8,85.0,45,45,45
2018314N12093,2018,GAJA,2018-11-14 09:00:00,12.6,84.7,48,45,45
2018314N12093,2018,GAJA,2018-11-14 12:00:00,12.4,84.4,50,45,45
2018314N12093,2018,GAJA,2018-11-14 15:00:00,12.2,84.2,50,45,45
2018314N12093,2018,GAJA,2018-11-14 18:00:00,12.0,83.9,50,45,45
2018314N12093,2018,GAJA,2018-11-14 21:00:00,11.8,83.5,53,45,45
2018314N12093,2018,GAJA,2018-11-15 00:00:00,11.5,83.1,55,45,45
2018314N12093,2018,GAJA,2018-11-15 03:00:00,11.4,82.7,60,50,50
2018314N12093,2018,GAJA,2018-11-15 06:00:00,11.3,82.2,65,55,55
2018314N12093,2018,GAJA,2018-11-15 09:00:00,11.1,81.6,68,55,55
2018314N12093,2018,GAJA,2018-11-15 12:00:00,10.9,81.2,70,60,60
2018314N12093,2018,GAJA,2018-11-15 15:00:00,10.7,80.7,75,65,65
2018314N12093,2018,GAJA,2018-11-15 18:00:00,10.6,80.3,80,70,70
2018314N12093,2018,GAJA,2018-11-15 21:00:00,10.5,79.7,75,70,70
2018314N12093,2018,GAJA,2018-11-16 00:00:00,10.5,79.1,70,55,55
2018314N12093,2018,GAJA,2018-11-16 03:00:00,10.4,78.5,63,45,45
2018314N12093,2018,GAJA,2018-11-16 06:00:00,10.5,77.6,55,30,30
2018314N12093,2018,GAJA,2018-11-16 09:00:00,10.3,76.9,50, ,28
2018314N12093,2018,GAJA,2018-11-16 12:00:00,10.0,76.3,45,25,25
2018314N12093,2018,GAJA,2018-11-16 15:00:00,9.9,75.8,43, ,25
2018314N12093,2018,GAJA,2018-11-16 18:00:00,9.8,75.3,40,25,25
2018314N12093,2018,GAJA,2018-11-16 21:00:00,9.7,74.7,40, ,28
2018314N12093,2018,GAJA,2018-11-17 00:00:00,9.7,74.2,40,30,30
2018314N12093,2018,GAJA,2018-11-17 03:00:00,9.7,73.5,40,30,30
2018314N12093,2018,GAJA,2018-11-17 06:00:00,9.8,73.0,40,30,30
2018314N12093,2018,GAJA,2018-11-17 09:00:00,9.9,72.4,40, ,30
2018314N12093,2018,GAJA,2018-11-17 12:00:00,10.0,71.8,40,30,30
2018314N12093,2018,GAJA,2018-11-17 15:00:00,10.1,71.2,38, ,30
2018314N12093,2018,GAJA,2018-11-17 18:00:00,10.2,70.7,35,30,30
2018314N12093,2018,GAJA,2018-11-17 21:00:00,10.3,70.2,33, ,30
2018314N12093,2018,GAJA,2018-11-18 00:00:00,10.4,69.8,30,30,30
2018314N12093,2018,GAJA,2018-11-18 03:00:00,10.5,69.5,28,30,30
2018314N12093,2018,GAJA,2018-11-18 06:00:00,10.5,69.1,25,30,30
2018314N12093,2018,GAJA,2018-11-18 09:00:00,10.6,68.8,23, ,30
2018314N12093,2018,GAJA,2018-11-18 12:00:00,10.6,68.5,20,30,30
2018314N12093,2018,GAJA,2018-11-18 15:00:00,10.6,68.0,20, ,30
2018314N12093,2018,GAJA,2018-11-18 18:00:00,10.7,67.5,20,30,30
2018314N12093,2018,GAJA,2018-11-18 21:00:00,10.7,67.1,20, ,30
2018314N12093,2018,GAJA,2018-11-19 00:00:00,10.8,66.6,20,30,30
2018314N12093,2018,GAJA,2018-11-19 03:00:00,10.9,66.3,20,30,30
2018314N12093,2018,GAJA,2018-11-19 06:00:00,11.0,65.8,20,25,25
2018314N12093,2018,GAJA,2018-11-19 09:00:00,11.2,65.4, , ,25
2018314N12093,2018,GAJA,2018-11-19 12:00:00,11.2,65.0, ,25,25
2018347N07089,2018,PHETHAI,2018-12-13 00:00:00,6.5,88.7, ,25,25
2018347N07089,2018,PHETHAI,2018-12-13 03:00:00,6.7,88.6, ,25,25
2018347N07089,2018,PHETHAI,2018-12-13 06:00:00,6.8,88.5, ,25,25
2018347N07089,2018,PHETHAI,2018-12-13 09:00:00,7.0,88.4, , ,25
2018347N07089,2018,PHETHAI,2018-12-13 12:00:00,7.2,88.3,30,25,25
2018347N07089,2018,PHETHAI,2018-12-13 15:00:00,7.4,88.2,30, ,28
2018347N07089,2018,PHETHAI,2018-12-13 18:00:00,7.5,88.0,30,30,30
2018347N07089,2018,PHETHAI,2018-12-13 21:00:00,7.7,87.8,30, ,30
2018347N07089,2018,PHETHAI,2018-12-14 00:00:00,7.9,87.6,30,30,30
2018347N07089,2018,PHETHAI,2018-12-14 03:00:00,8.1,87.5,30,30,30
2018347N07089,2018,PHETHAI,2018-12-14 06:00:00,8.2,87.4,30,30,30
2018347N07089,2018,PHETHAI,2018-12-14 09:00:00,8.2,87.1,30, ,30
2018347N07089,2018,PHETHAI,2018-12-14 12:00:00,8.3,86.8,30,30,30
2018347N07089,2018,PHETHAI,2018-12-14 15:00:00,8.5,86.5,30, ,30
2018347N07089,2018,PHETHAI,2018-12-14 18:00:00,8.7,86.3,30,30,30
2018347N07089,2018,PHETHAI,2018-12-14 21:00:00,8.8,86.0,30, ,30
2018347N07089,2018,PHETHAI,2018-12-15 00:00:00,9.0,85.7,30,30,30
2018347N07089,2018,PHETHAI,2018-12-15 03:00:00,9.3,85.4,33,30,30
2018347N07089,2018,PHETHAI,2018-12-15 06:00:00,9.5,85.3,35,30,30
2018347N07089,2018,PHETHAI,2018-12-15 09:00:00,9.9,85.1,38, ,33
2018347N07089,2018,PHETHAI,2018-12-15 12:00:00,10.2,84.9,40,35,35
2018347N07089,2018,PHETHAI,2018-12-15 15:00:00,10.5,84.7,43,35,35
2018347N07089,2018,PHETHAI,2018-12-15 18:00:00,10.8,84.6,45,35,35
2018347N07089,2018,PHETHAI,2018-12-15 21:00:00,11.0,84.4,45,35,35
2018347N07089,2018,PHETHAI,2018-12-16 00:00:00,11.3,84.3,45,40,40
2018347N07089,2018,PHETHAI,2018-12-16 03:00:00,11.8,84.1,48,45,45
2018347N07089,2018,PHETHAI,2018-12-16 06:00:00,12.3,83.9,50,45,45
2018347N07089,2018,PHETHAI,2018-12-16 09:00:00,12.4,83.5,53,50,50
2018347N07089,2018,PHETHAI,2018-12-16 12:00:00,13.4,83.1,55,55,55
2018347N07089,2018,PHETHAI,2018-12-16 15:00:00,13.8,82.8,55,55,55
2018347N07089,2018,PHETHAI,2018-12-16 18:00:00,14.1,82.7,55,55,55
2018347N07089,2018,PHETHAI,2018-12-16 21:00:00,14.5,82.4,53,55,55
2018347N07089,2018,PHETHAI,2018-12-17 00:00:00,15.0,82.4,50,50,50
2018347N07089,2018,PHETHAI,2018-12-17 03:00:00,15.5,82.3,45,45,45
2018347N07089,2018,PHETHAI,2018-12-17 06:00:00,16.0,82.3,40,45,45
2018347N07089,2018,PHETHAI,2018-12-17 09:00:00,16.5,82.3,35,40,40
2018347N07089,2018,PHETHAI,2018-12-17 12:00:00,16.8,82.5,30,30,30
2018347N07089,2018,PHETHAI,2018-12-17 15:00:00,17.4,82.6,28,30,30
2018347N07089,2018,PHETHAI,2018-12-17 18:00:00,17.8,82.8,25,25,25
2018365N08115,2018,PABUK,2018-12-30 12:00:00,8.3,115.1,15, , 
2018365N08115,2018,PABUK,2018-12-30 15:00:00,8.4,114.7,18, , 
2018365N08115,2018,PABUK,2018-12-30 18:00:00,8.5,114.3,20, , 
2018365N08115,2018,PABUK,2018-12-30 21:00:00,8.6,113.8,20, , 
2018365N08115,2018,PABUK,2018-12-31 00:00:00,8.6,113.3,20, , 
2018365N08115,2018,PABUK,2018-12-31 03:00:00,8.4,112.7,23, , 
2018365N08115,2018,PABUK,2018-12-31 06:00:00,7.9,112.1,25, , 
2018365N08115,2018,PABUK,2018-12-31 09:00:00,7.6,111.7,28, , 
2018365N08115,2018,PABUK,2018-12-31 12:00:00,7.4,111.5,30, , 
2018365N08115,2018,PABUK,2018-12-31 15:00:00,7.2,111.3,30, , 
2018365N08115,2018,PABUK,2018-12-31 18:00:00,7.1,111.1,30, , 
2018365N08115,2018,PABUK,2018-12-31 21:00:00,6.8,111.0,33, , 
2018365N08115,2018,PABUK,2019-01-01 00:00:00,6.6,110.8,35, , 
2018365N08115,2018,PABUK,2019-01-01 03:00:00,6.4,110.5,35, , 
2018365N08115,2018,PABUK,2019-01-01 06:00:00,6.2,110.2,35,35, 
2018365N08115,2018,PABUK,2019-01-01 09:00:00,6.0,110.0,35, , 
2018365N08115,2018,PABUK,2019-01-01 12:00:00,5.9,109.8,35,35, 
2018365N08115,2018,PABUK,2019-01-01 15:00:00,5.9,109.5,35, , 
2018365N08115,2018,PABUK,2019-01-01 18:00:00,5.8,109.3,35,35, 
2018365N08115,2018,PABUK,2019-01-01 21:00:00,5.8,109.0,35, , 
2018365N08115,2018,PABUK,2019-01-02 00:00:00,5.9,108.6,35,35, 
2018365N08115,2018,PABUK,2019-01-02 03:00:00,6.0,108.3,35, , 
2018365N08115,2018,PABUK,2019-01-02 06:00:00,6.1,107.9,35,35, 
2018365N08115,2018,PABUK,2019-01-02 09:00:00,6.2,107.5,38, , 
2018365N08115,2018,PABUK,2019-01-02 12:00:00,6.2,107.0,40,35, 
2018365N08115,2018,PABUK,2019-01-02 15:00:00,6.1,106.5,40, , 
2018365N08115,2018,PABUK,2019-01-02 18:00:00,6.1,105.9,40,35, 
2018365N08115,2018,PABUK,2019-01-02 21:00:00,6.1,105.4,40, , 
2018365N08115,2018,PABUK,2019-01-03 00:00:00,6.1,105.0,40,35, 
2018365N08115,2018,PABUK,2019-01-03 03:00:00,6.1,104.6,40, , 
2018365N08115,2018,PABUK,2019-01-03 06:00:00,6.2,104.3,40,35, 
2018365N08115,2018,PABUK,2019-01-03 09:00:00,6.3,104.0,40, , 
2018365N08115,2018,PABUK,2019-01-03 12:00:00,6.5,103.6,40,40, 
2018365N08115,2018,PABUK,2019-01-03 15:00:00,6.8,103.2,43, , 
2018365N08115,2018,PABUK,2019-01-03 18:00:00,7.2,102.7,45,45, 
2018365N08115,2018,PABUK,2019-01-03 21:00:00,7.6,102.2,48, , 
2018365N08115,2018,PABUK,2019-01-04 00:00:00,7.9,101.6,50,45, 
2018365N08115,2018,PABUK,2019-01-04 03:00:00,8.1,101.1,50, , 
2018365N08115,2018,PABUK,2019-01-04 06:00:00,8.2,100.6,50,45, 
2018365N08115,2018,PABUK,2019-01-04 09:00:00,8.3,100.2,45, , 
2018365N08115,2018,PABUK,2019-01-04 12:00:00,8.3,99.8,40,40,45
2018365N08115,2018,PABUK,2019-01-04 15:00:00,8.4,99.3,38,45,45
2018365N08115,2018,PABUK,2019-01-04 18:00:00,8.5,98.9,35,45,45
2018365N08115,2018,PABUK,2019-01-04 21:00:00,8.7,98.7,33,45,45
2018365N08115,2018,PABUK,2019-01-05 00:00:00,8.8,98.5,30,40,40
2018365N08115,2018,PABUK,2019-01-05 03:00:00,9.1,98.2,30,40,40
2018365N08115,2018,PABUK,2019-01-05 06:00:00,9.3,98.0,30,40,40
2018365N08115,2018,PABUK,2019-01-05 09:00:00,9.5,97.7,28,40,40
2018365N08115,2018,PABUK,2019-01-05 12:00:00,9.8,97.4,25,40,40
2018365N08115,2018,PABUK,2019-01-05 15:00:00,10.1,96.9,28,40,40
2018365N08115,2018,PABUK,2019-01-05 18:00:00,10.4,96.4,30,35,35
2018365N08115,2018,PABUK,2019-01-05 21:00:00,10.5,95.9,28,35,35
2018365N08115,2018,PABUK,2019-01-06 00:00:00,10.7,95.3,25,35,35
2018365N08115,2018,PABUK,2019-01-06 03:00:00,10.8,94.4,25,35,35
2018365N08115,2018,PABUK,2019-01-06 06:00:00,11.0,93.6,25,30,30
2018365N08115,2018,PABUK,2019-01-06 09:00:00,11.1,92.9,23, ,30
2018365N08115,2018,PABUK,2019-01-06 12:00:00,11.3,92.4,20,30,30
2018365N08115,2018,PABUK,2019-01-06 15:00:00,11.5,92.0,20, ,30
2018365N08115,2018,PABUK,2019-01-06 18:00:00,11.7,91.7,20,30,30
2018365N08115,2018,PABUK,2019-01-06 21:00:00,12.0,91.2,20, ,28
2018365N08115,2018,PABUK,2019-01-07 00:00:00,12.3,91.0,20,25,25
2018365N08115,2018,PABUK,2019-01-07 03:00:00,12.5,91.1,20,25,25
2018365N08115,2018,PABUK,2019-01-07 06:00:00,12.6,91.4,20,25,25
2018365N08115,2018,PABUK,2019-01-07 09:00:00,12.9,92.0, , ,25
2018365N08115,2018,PABUK,2019-01-07 12:00:00,13.1,92.0, ,25,25
2018365N08115,2018,PABUK,2019-01-07 15:00:00,13.1,92.0, , ,23
2018365N08115,2018,PABUK,2019-01-07 18:00:00,13.1,92.0, ,20,20
2019116N02090,2019,FANI,2019-04-25 18:00:00,1.9,90.2,25, , 
2019116N02090,2019,FANI,2019-04-25 21:00:00,2.1,90.1,25, , 
2019116N02090,2019,FANI,2019-04-26 00:00:00,2.2,90.0,25, , 
2019116N02090,2019,FANI,2019-04-26 03:00:00,2.3,89.8,25, , 
2019116N02090,2019,FANI,2019-04-26 06:00:00,2.5,89.7,25, , 
2019116N02090,2019,FANI,2019-04-26 09:00:00,2.8,89.8,25, , 
2019116N02090,2019,FANI,2019-04-26 12:00:00,3.2,89.8,25,25,25
2019116N02090,2019,FANI,2019-04-26 15:00:00,3.5,89.7,28, ,25
2019116N02090,2019,FANI,2019-04-26 18:00:00,3.8,89.5,30,25,25
2019116N02090,2019,FANI,2019-04-26 21:00:00,4.2,89.4,33, ,28
2019116N02090,2019,FANI,2019-04-27 00:00:00,4.6,89.4,35,30,30
2019116N02090,2019,FANI,2019-04-27 03:00:00,4.9,89.4,40,30,30
2019116N02090,2019,FANI,2019-04-27 06:00:00,5.1,89.4,45,35,35
2019116N02090,2019,FANI,2019-04-27 09:00:00,5.5,89.3,45,40,40
2019116N02090,2019,FANI,2019-04-27 12:00:00,6.0,89.2,45,45,45
2019116N02090,2019,FANI,2019-04-27 15:00:00,6.4,88.9,45,45,45
2019116N02090,2019,FANI,2019-04-27 18:00:00,6.6,88.5,45,45,45
2019116N02090,2019,FANI,2019-04-27 21:00:00,6.8,88.2,45,45,45
2019116N02090,2019,FANI,2019-04-28 00:00:00,7.1,88.1,45,45,45
2019116N02090,2019,FANI,2019-04-28 03:00:00,7.2,88.1,45,45,45
2019116N02090,2019,FANI,2019-04-28 06:00:00,7.4,88.1,45,45,45
2019116N02090,2019,FANI,2019-04-28 09:00:00,7.6,87.9,45,45,45
2019116N02090,2019,FANI,2019-04-28 12:00:00,8.0,87.6,45,45,45
2019116N02090,2019,FANI,2019-04-28 15:00:00,8.1,87.5,45,45,45
2019116N02090,2019,FANI,2019-04-28 18:00:00,8.2,87.5,45,45,45
2019116N02090,2019,FANI,2019-04-28 21:00:00,8.4,87.4,45,45,45
2019116N02090,2019,FANI,2019-04-29 00:00:00,8.6,87.4,45,45,45
2019116N02090,2019,FANI,2019-04-29 03:00:00,8.8,87.2,48,45,45
2019116N02090,2019,FANI,2019-04-29 06:00:00,9.3,87.2,50,45,45
2019116N02090,2019,FANI,2019-04-29 09:00:00,9.8,87.1,55,45,45
2019116N02090,2019,FANI,2019-04-29 12:00:00,10.2,87.1,60,55,55
2019116N02090,2019,FANI,2019-04-29 15:00:00,10.5,86.9,65,55,55
2019116N02090,2019,FANI,2019-04-29 18:00:00,10.9,86.8,70,55,55
2019116N02090,2019,FANI,2019-04-29 21:00:00,11.3,86.6,78,65,65
2019116N02090,2019,FANI,2019-04-30 00:00:00,11.8,86.5,85,70,70
2019116N02090,2019,FANI,2019-04-30 03:00:00,12.3,86.2,88,75,75
2019116N02090,2019,FANI,2019-04-30 06:00:00,12.7,85.8,90,80,80
2019116N02090,2019,FANI,2019-04-30 09:00:00,13.0,85.3,93,85,85
2019116N02090,2019,FANI,2019-04-30 12:00:00,13.3,84.8,95,90,90
2019116N02090,2019,FANI,2019-04-30 15:00:00,13.4,84.6,100,95,95
2019116N02090,2019,FANI,2019-04-30 18:00:00,13.5,84.4,105,95,95
2019116N02090,2019,FANI,2019-04-30 21:00:00,13.6,84.2,105,95,95
2019116N02090,2019,FANI,2019-05-01 00:00:00,13.9,84.1,105,95,95
2019116N02090,2019,FANI,2019-05-01 03:00:00,14.1,84.0,105,95,95
2019116N02090,2019,FANI,2019-05-01 06:00:00,14.2,84.0,105,95,95
2019116N02090,2019,FANI,2019-05-01 09:00:00,14.5,84.1,105,95,95
2019116N02090,2019,FANI,2019-05-01 12:00:00,14.9,84.1,105,100,100
2019116N02090,2019,FANI,2019-05-01 15:00:00,15.0,84.2,105,100,100
2019116N02090,2019,FANI,2019-05-01 18:00:00,15.2,84.2,105,100,100
2019116N02090,2019,FANI,2019-05-01 21:00:00,15.5,84.3,108,100,100
2019116N02090,2019,FANI,2019-05-02 00:00:00,15.9,84.6,110,105,105
2019116N02090,2019,FANI,2019-05-02 03:00:00,16.2,84.7,115,105,105
2019116N02090,2019,FANI,2019-05-02 06:00:00,16.8,84.8,120,110,110
2019116N02090,2019,FANI,2019-05-02 09:00:00,17.2,84.8,135,115,115
2019116N02090,2019,FANI,2019-05-02 12:00:00,17.6,84.8,150,115,115
2019116N02090,2019,FANI,2019-05-02 15:00:00,17.9,84.9,148,115,115
2019116N02090,2019,FANI,2019-05-02 18:00:00,18.3,85.0,145,115,115
2019116N02090,2019,FANI,2019-05-02 21:00:00,18.6,85.2,140,115,115
2019116N02090,2019,FANI,2019-05-03 00:00:00,19.1,85.5,135,105,105
2019116N02090,2019,FANI,2019-05-03 03:00:00,19.6,85.7,125,100,100
2019116N02090,2019,FANI,2019-05-03 06:00:00,20.2,85.9,115,85,85
2019116N02090,2019,FANI,2019-05-03 09:00:00,20.7,86.1,95,75,75
2019116N02090,2019,FANI,2019-05-03 12:00:00,21.2,86.5,75,70,70
2019116N02090,2019,FANI,2019-05-03 15:00:00,21.6,86.9,65,60,60
2019116N02090,2019,FANI,2019-05-03 18:00:00,22.1,87.4,55,55,55
2019116N02090,2019,FANI,2019-05-03 21:00:00,22.6,88.1,48,50,50
2019116N02090,2019,FANI,2019-05-04 00:00:00,23.2,88.5,40,40,40
2019116N02090,2019,FANI,2019-05-04 03:00:00,23.7,89.0,35,30,30
2019116N02090,2019,FANI,2019-05-04 06:00:00,24.4,89.5,30,25,25
2019116N02090,2019,FANI,2019-05-04 09:00:00,24.8,89.9, , ,23
2019116N02090,2019,FANI,2019-05-04 12:00:00,25.2,90.7, ,20,20
2019160N11073,2019,VAYU,2019-06-08 18:00:00,10.5,72.7,15, , 
2019160N11073,2019,VAYU,2019-06-08 21:00:00,10.2,72.3,18, , 
2019160N11073,2019,VAYU,2019-06-09 00:00:00,10.1,71.9,20, , 
2019160N11073,2019,VAYU,2019-06-09 03:00:00,10.2,71.6,20, , 
2019160N11073,2019,VAYU,2019-06-09 06:00:00,10.4,71.4,20, , 
2019160N11073,2019,VAYU,2019-06-09 09:00:00,10.6,71.2,23, , 
2019160N11073,2019,VAYU,2019-06-09 12:00:00,10.9,71.1,25, , 
2019160N11073,2019,VAYU,2019-06-09 15:00:00,11.2,71.1,28, , 
2019160N11073,2019,VAYU,2019-06-09 18:00:00,11.5,71.2,30, , 
2019160N11073,2019,VAYU,2019-06-09 21:00:00,11.8,71.1,30, , 
2019160N11073,2019,VAYU,2019-06-10 00:00:00,12.0,71.0,30,25,25
2019160N11073,2019,VAYU,2019-06-10 03:00:00,12.4,70.9,33,25,25
2019160N11073,2019,VAYU,2019-06-10 06:00:00,12.6,70.8,35,30,30
2019160N11073,2019,VAYU,2019-06-10 09:00:00,12.9,70.8,40, ,30
2019160N11073,2019,VAYU,2019-06-10 12:00:00,13.3,70.7,45,30,30
2019160N11073,2019,VAYU,2019-06-10 15:00:00,13.6,70.6,45, ,33
2019160N11073,2019,VAYU,2019-06-10 18:00:00,13.9,70.6,45,35,35
2019160N11073,2019,VAYU,2019-06-10 21:00:00,14.2,70.6,48,35,35
2019160N11073,2019,VAYU,2019-06-11 00:00:00,14.6,70.7,50,40,40
2019160N11073,2019,VAYU,2019-06-11 03:00:00,14.9,70.7,53,40,40
2019160N11073,2019,VAYU,2019-06-11 06:00:00,15.2,70.8,55,45,45
2019160N11073,2019,VAYU,2019-06-11 09:00:00,15.6,70.8,63,45,45
2019160N11073,2019,VAYU,2019-06-11 12:00:00,16.1,70.8,70,55,55
2019160N11073,2019,VAYU,2019-06-11 15:00:00,16.6,70.7,75,60,60
2019160N11073,2019,VAYU,2019-06-11 18:00:00,17.0,70.6,80,65,65
2019160N11073,2019,VAYU,2019-06-11 21:00:00,17.4,70.5,88,70,70
2019160N11073,2019,VAYU,2019-06-12 00:00:00,17.7,70.3,95,75,75
2019160N11073,2019,VAYU,2019-06-12 03:00:00,18.0,70.2,95,75,75
2019160N11073,2019,VAYU,2019-06-12 06:00:00,18.4,70.0,95,75,75
2019160N11073,2019,VAYU,2019-06-12 09:00:00,18.8,69.9,93,80,80
2019160N11073,2019,VAYU,2019-06-12 12:00:00,19.1,69.9,90,80,80
2019160N11073,2019,VAYU,2019-06-12 15:00:00,19.4,69.8,88,80,80
2019160N11073,2019,VAYU,2019-06-12 18:00:00,19.7,69.7,85,80,80
2019160N11073,2019,VAYU,2019-06-12 21:00:00,19.9,69.6,85,80,80
2019160N11073,2019,VAYU,2019-06-13 00:00:00,20.1,69.6,85,80,80
2019160N11073,2019,VAYU,2019-06-13 03:00:00,20.3,69.5,90,80,80
2019160N11073,2019,VAYU,2019-06-13 06:00:00,20.5,69.4,95,80,80
2019160N11073,2019,VAYU,2019-06-13 09:00:00,20.7,69.2,98,80,80
2019160N11073,2019,VAYU,2019-06-13 12:00:00,20.8,69.1,100,80,80
2019160N11073,2019,VAYU,2019-06-13 15:00:00,20.9,68.9,100,80,80
2019160N11073,2019,VAYU,2019-06-13 18:00:00,20.9,68.9,100,80,80
2019160N11073,2019,VAYU,2019-06-13 21:00:00,20.9,68.7,98,80,80
2019160N11073,2019,VAYU,2019-06-14 00:00:00,21.0,68.6,95,80,80
2019160N11073,2019,VAYU,2019-06-14 03:00:00,21.0,68.4,93,75,75
2019160N11073,2019,VAYU,2019-06-14 06:00:00,21.0,68.4,90,75,75
2019160N11073,2019,VAYU,2019-06-14 09:00:00,20.9,68.3,83,75,75
2019160N11073,2019,VAYU,2019-06-14 12:00:00,20.8,68.2,75,70,70
2019160N11073,2019,VAYU,2019-06-14 15:00:00,20.8,68.1,75,70,70
2019160N11073,2019,VAYU,2019-06-14 18:00:00,20.8,67.9,75,65,65
2019160N11073,2019,VAYU,2019-06-14 21:00:00,20.7,67.7,78,65,65
2019160N11073,2019,VAYU,2019-06-15 00:00:00,20.7,67.5,80,65,65
2019160N11073,2019,VAYU,2019-06-15 03:00:00,20.6,67.3,80,65,65
2019160N11073,2019,VAYU,2019-06-15 06:00:00,20.6,66.9,80,65,65
2019160N11073,2019,VAYU,2019-06-15 09:00:00,20.6,66.7,78,65,65
2019160N11073,2019,VAYU,2019-06-15 12:00:00,20.7,66.4,75,65,65
2019160N11073,2019,VAYU,2019-06-15 15:00:00,20.7,66.2,73,65,65
2019160N11073,2019,VAYU,2019-06-15 18:00:00,20.7,66.0,70,65,65
2019160N11073,2019,VAYU,2019-06-15 21:00:00,20.7,65.8,68,65,65
2019160N11073,2019,VAYU,2019-06-16 00:00:00,20.8,65.5,65,60,60
2019160N11073,2019,VAYU,2019-06-16 03:00:00,20.8,65.2,63,55,55
2019160N11073,2019,VAYU,2019-06-16 06:00:00,20.8,65.1,60,55,55
2019160N11073,2019,VAYU,2019-06-16 09:00:00,20.7,65.1,58,55,55
2019160N11073,2019,VAYU,2019-06-16 12:00:00,20.8,65.2,55,50,50
2019160N11073,2019,VAYU,2019-06-16 15:00:00,20.8,65.6,45,45,45
2019160N11073,2019,VAYU,2019-06-16 18:00:00,21.1,66.1,40,40,40
2019160N11073,2019,VAYU,2019-06-16 21:00:00,21.4,66.4,38,40,40
2019160N11073,2019,VAYU,2019-06-17 00:00:00,21.7,66.6,35,35,35
2019160N11073,2019,VAYU,2019-06-17 03:00:00,21.8,66.8,33,30,30
2019160N11073,2019,VAYU,2019-06-17 06:00:00,21.9,67.0,30,30,30
2019160N11073,2019,VAYU,2019-06-17 09:00:00,22.2,67.4,28,25,25
2019160N11073,2019,VAYU,2019-06-17 12:00:00,22.5,67.9,25,20,20
2019160N11073,2019,VAYU,2019-06-17 15:00:00,22.8,68.1,23, , 
2019160N11073,2019,VAYU,2019-06-17 18:00:00,23.1,68.3,20, , 
2019160N11073,2019,VAYU,2019-06-17 21:00:00,23.2,68.6,20, , 
2019160N11073,2019,VAYU,2019-06-18 00:00:00,23.2,69.0,20, , 
2019160N11073,2019,VAYU,2019-06-18 03:00:00,23.1,69.6,20, , 
2019160N11073,2019,VAYU,2019-06-18 06:00:00,23.0,70.2,20, , 
2019218N21088,2019,UNNAMED,2019-08-06 03:00:00,20.5,88.0, ,25,25
2019218N21088,2019,UNNAMED,2019-08-06 06:00:00,20.5,88.0, ,25,25
2019218N21088,2019,UNNAMED,2019-08-06 09:00:00,20.6,87.9, , ,25
2019218N21088,2019,UNNAMED,2019-08-06 12:00:00,20.7,87.8, ,25,25
2019218N21088,2019,UNNAMED,2019-08-06 15:00:00,20.7,87.7, , ,25
2019218N21088,2019,UNNAMED,2019-08-06 18:00:00,20.8,87.6, ,25,25
2019218N21088,2019,UNNAMED,2019-08-06 21:00:00,20.9,87.5, , ,28
2019218N21088,2019,UNNAMED,2019-08-07 00:00:00,21.0,87.4, ,30,30
2019218N21088,2019,UNNAMED,2019-08-07 03:00:00,21.1,87.4, ,30,30
2019218N21088,2019,UNNAMED,2019-08-07 06:00:00,21.2,87.2, ,30,30
2019218N21088,2019,UNNAMED,2019-08-07 09:00:00,21.5,86.9, , ,30
2019218N21088,2019,UNNAMED,2019-08-07 12:00:00,21.9,86.5, ,30,30
2019218N21088,2019,UNNAMED,2019-08-07 15:00:00,22.2,86.1, , ,30
2019218N21088,2019,UNNAMED,2019-08-07 18:00:00,22.4,85.6, ,30,30
2019218N21088,2019,UNNAMED,2019-08-07 21:00:00,22.6,84.9, , ,28
2019218N21088,2019,UNNAMED,2019-08-08 00:00:00,22.8,84.0, ,25,25
2019218N21088,2019,UNNAMED,2019-08-08 03:00:00,23.0,82.9, ,25,25
2019218N21088,2019,UNNAMED,2019-08-08 06:00:00,23.4,81.9, ,25,25
2019218N21088,2019,UNNAMED,2019-08-08 09:00:00,23.6,80.9, , ,25
2019218N21088,2019,UNNAMED,2019-08-08 12:00:00,23.6,80.2, ,25,25
2019218N21088,2019,UNNAMED,2019-08-08 15:00:00,23.6,80.0, , ,25
2019218N21088,2019,UNNAMED,2019-08-08 18:00:00,23.6,79.8, ,25,25
2019218N21088,2019,UNNAMED,2019-08-08 21:00:00,23.6,79.4, , ,25
2019218N21088,2019,UNNAMED,2019-08-09 00:00:00,23.6,78.6, ,25,25
2019218N21088,2019,UNNAMED,2019-08-09 03:00:00,23.8,77.3, ,25,25
2019218N21088,2019,UNNAMED,2019-08-09 06:00:00,24.0,76.1, ,25,25
2019264N19071,2019,HIKAA:HIKKA,2019-09-20 18:00:00,19.3,71.3,20, , 
2019264N19071,2019,HIKAA:HIKKA,2019-09-20 21:00:00,19.2,71.1,20, , 
2019264N19071,2019,HIKAA:HIKKA,2019-09-21 00:00:00,19.1,70.9,20, , 
2019264N19071,2019,HIKAA:HIKKA,2019-09-21 03:00:00,19.1,70.7,20, , 
2019264N19071,2019,HIKAA:HIKKA,2019-09-21 06:00:00,19.1,70.6,20, , 
2019264N19071,2019,HIKAA:HIKKA,2019-09-21 09:00:00,19.1,70.5,20, , 
2019264N19071,2019,HIKAA:HIKKA,2019-09-21 12:00:00,19.2,70.3,20, , 
2019264N19071,2019,HIKAA:HIKKA,2019-09-21 15:00:00,19.2,70.1,20, , 
2019264N19071,2019,HIKAA:HIKKA,2019-09-21 18:00:00,19.3,69.9,20, , 
2019264N19071,2019,HIKAA:HIKKA,2019-09-21 21:00:00,19.4,69.7,23, , 
2019264N19071,2019,HIKAA:HIKKA,2019-09-22 00:00:00,19.6,69.5,25, , 
2019264N19071,2019,HIKAA:HIKKA,2019-09-22 03:00:00,19.8,69.2,28,25,25
2019264N19071,2019,HIKAA:HIKKA,2019-09-22 06:00:00,20.0,68.9,30,25,25
2019264N19071,2019,HIKAA:HIKKA,2019-09-22 09:00:00,20.2,68.5,33, ,28
2019264N19071,2019,HIKAA:HIKKA,2019-09-22 12:00:00,20.4,68.1,35,30,30
2019264N19071,2019,HIKAA:HIKKA,2019-09-22 15:00:00,20.5,67.6,35, ,30
2019264N19071,2019,HIKAA:HIKKA,2019-09-22 18:00:00,20.4,67.1,35,30,30
2019264N19071,2019,HIKAA:HIKKA,2019-09-22 21:00:00,20.4,66.6,43, ,33
2019264N19071,2019,HIKAA:HIKKA,2019-09-23 00:00:00,20.4,66.1,50,35,35
2019264N19071,2019,HIKAA:HIKKA,2019-09-23 03:00:00,20.3,65.5,53,40,40
2019264N19071,2019,HIKAA:HIKKA,2019-09-23 06:00:00,20.3,64.9,55,45,45
2019264N19071,2019,HIKAA:HIKKA,2019-09-23 09:00:00,20.2,64.1,63,55,55
2019264N19071,2019,HIKAA:HIKKA,2019-09-23 12:00:00,20.2,63.6,70,55,55
2019264N19071,2019,HIKAA:HIKKA,2019-09-23 15:00:00,20.2,62.9,75,55,55
2019264N19071,2019,HIKAA:HIKKA,2019-09-23 18:00:00,20.2,62.3,80,60,60
2019264N19071,2019,HIKAA:HIKKA,2019-09-23 21:00:00,20.2,61.6,85,60,60
2019264N19071,2019,HIKAA:HIKKA,2019-09-24 00:00:00,20.1,61.0,90,70,70
2019264N19071,2019,HIKAA:HIKKA,2019-09-24 03:00:00,20.1,60.3,90,75,75
2019264N19071,2019,HIKAA:HIKKA,2019-09-24 06:00:00,20.0,59.6,90,75,75
2019264N19071,2019,HIKAA:HIKKA,2019-09-24 09:00:00,19.9,58.9,83,75,75
2019264N19071,2019,HIKAA:HIKKA,2019-09-24 12:00:00,19.8,58.3,75,75,75
2019264N19071,2019,HIKAA:HIKKA,2019-09-24 15:00:00,19.7,57.6,68,60,60
2019264N19071,2019,HIKAA:HIKKA,2019-09-24 18:00:00,19.7,57.1,60,55,55
2019264N19071,2019,HIKAA:HIKKA,2019-09-24 21:00:00,19.6,56.5,53,45,45
2019264N19071,2019,HIKAA:HIKKA,2019-09-25 00:00:00,19.6,56.0,45,35,35
2019264N19071,2019,HIKAA:HIKKA,2019-09-25 03:00:00,19.4,55.5,38,30,30
2019264N19071,2019,HIKAA:HIKKA,2019-09-25 06:00:00,19.2,55.0,30,25,25
2019264N19071,2019,HIKAA:HIKKA,2019-09-25 09:00:00,19.2,54.5,28, , 
2019264N19071,2019,HIKAA:HIKKA,2019-09-25 12:00:00,19.2,54.0,25, , 
2019264N19071,2019,HIKAA:HIKKA,2019-09-25 15:00:00,19.1,53.4,23, , 
2019264N19071,2019,HIKAA:HIKKA,2019-09-25 18:00:00,19.0,52.8,20, , 
2019264N19071,2019,HIKAA:HIKKA,2019-09-25 21:00:00,18.9,52.3,20, , 
2019264N19071,2019,HIKAA:HIKKA,2019-09-26 00:00:00,18.9,51.7,20, , 
2019264N19071,2019,HIKAA:HIKKA,2019-09-26 03:00:00,18.9,51.1,20, , 
2019264N19071,2019,HIKAA:HIKKA,2019-09-26 06:00:00,18.8,50.5,20, , 
2019273N23070,2019,UNNAMED,2019-09-29 12:00:00,23.1,70.2, ,25,25
2019273N23070,2019,UNNAMED,2019-09-29 15:00:00,23.1,70.2, , ,25
2019273N23070,2019,UNNAMED,2019-09-29 18:00:00,23.1,70.2, ,25,25
2019273N23070,2019,UNNAMED,2019-09-29 21:00:00,23.1,70.3, , ,25
2019273N23070,2019,UNNAMED,2019-09-30 00:00:00,23.2,70.5, ,25,25
2019273N23070,2019,UNNAMED,2019-09-30 03:00:00,23.4,70.7, ,25,25
2019273N23070,2019,UNNAMED,2019-09-30 06:00:00,23.5,71.3, ,25,25
2019273N23070,2019,UNNAMED,2019-09-30 09:00:00,23.5,71.6, , ,25
2019273N23070,2019,UNNAMED,2019-09-30 12:00:00,23.5,71.9, ,25,25
2019273N23070,2019,UNNAMED,2019-09-30 15:00:00,23.6,72.2, , ,25
2019273N23070,2019,UNNAMED,2019-09-30 18:00:00,23.7,72.7, ,25,25
2019273N23070,2019,UNNAMED,2019-09-30 21:00:00,23.8,73.3, , ,25
2019273N23070,2019,UNNAMED,2019-10-01 00:00:00,24.0,74.1, ,25,25
2019296N15066,2019,KYAAR:KYARR,2019-10-22 18:00:00,14.7,66.4,20, , 
2019296N15066,2019,KYAAR:KYARR,2019-10-22 21:00:00,14.9,66.8,20, , 
2019296N15066,2019,KYAAR:KYARR,2019-10-23 00:00:00,15.1,67.2,20, , 
2019296N15066,2019,KYAAR:KYARR,2019-10-23 03:00:00,15.2,67.6,20, , 
2019296N15066,2019,KYAAR:KYARR,2019-10-23 06:00:00,15.3,68.1,20, , 
2019296N15066,2019,KYAAR:KYARR,2019-10-23 09:00:00,15.4,68.5,20, , 
2019296N15066,2019,KYAAR:KYARR,2019-10-23 12:00:00,15.5,69.0,20, , 
2019296N15066,2019,KYAAR:KYARR,2019-10-23 15:00:00,15.6,69.6,23, , 
2019296N15066,2019,KYAAR:KYARR,2019-10-23 18:00:00,15.6,70.1,25, , 
2019296N15066,2019,KYAAR:KYARR,2019-10-23 21:00:00,15.6,70.4,25, , 
2019296N15066,2019,KYAAR:KYARR,2019-10-24 00:00:00,15.5,70.5,25, , 
2019296N15066,2019,KYAAR:KYARR,2019-10-24 03:00:00,15.3,70.6,28,25,25
2019296N15066,2019,KYAAR:KYARR,2019-10-24 06:00:00,15.2,70.7,30,25,25
2019296N15066,2019,KYAAR:KYARR,2019-10-24 09:00:00,15.3,70.8,30, ,28
2019296N15066,2019,KYAAR:KYARR,2019-10-24 12:00:00,15.5,71.0,30,30,30
2019296N15066,2019,KYAAR:KYARR,2019-10-24 15:00:00,15.5,71.1,33, ,30
2019296N15066,2019,KYAAR:KYARR,2019-10-24 18:00:00,15.6,71.3,35,30,30
2019296N15066,2019,KYAAR:KYARR,2019-10-24 21:00:00,15.6,71.4,40, ,35
2019296N15066,2019,KYAAR:KYARR,2019-10-25 00:00:00,15.8,71.6,45,40,40
2019296N15066,2019,KYAAR:KYARR,2019-10-25 03:00:00,15.9,71.7,48,40,40
2019296N15066,2019,KYAAR:KYARR,2019-10-25 06:00:00,16.0,71.8,50,45,45
2019296N15066,2019,KYAAR:KYARR,2019-10-25 09:00:00,16.1,71.8,53,45,45
2019296N15066,2019,KYAAR:KYARR,2019-10-25 12:00:00,16.3,71.8,55,50,50
2019296N15066,2019,KYAAR:KYARR,2019-10-25 15:00:00,16.3,71.7,60,55,55
2019296N15066,2019,KYAAR:KYARR,2019-10-25 18:00:00,16.5,71.5,65,55,55
2019296N15066,2019,KYAAR:KYARR,2019-10-25 21:00:00,16.5,71.1,68,60,60
2019296N15066,2019,KYAAR:KYARR,2019-10-26 00:00:00,16.6,70.8,70,65,65
2019296N15066,2019,KYAAR:KYARR,2019-10-26 03:00:00,16.6,70.4,75,65,65
2019296N15066,2019,KYAAR:KYARR,2019-10-26 06:00:00,16.6,70.0,80,75,75
2019296N15066,2019,KYAAR:KYARR,2019-10-26 09:00:00,16.6,69.7,88,80,80
2019296N15066,2019,KYAAR:KYARR,2019-10-26 12:00:00,16.7,69.4,95,85,85
2019296N15066,2019,KYAAR:KYARR,2019-10-26 15:00:00,16.7,69.1,108,90,90
2019296N15066,2019,KYAAR:KYARR,2019-10-26 18:00:00,16.8,68.9,120,105,105
2019296N15066,2019,KYAAR:KYARR,2019-10-26 21:00:00,16.9,68.5,128,110,110
2019296N15066,2019,KYAAR:KYARR,2019-10-27 00:00:00,17.0,68.2,135,120,120
2019296N15066,2019,KYAAR:KYARR,2019-10-27 03:00:00,17.1,67.8,135,125,125
2019296N15066,2019,KYAAR:KYARR,2019-10-27 06:00:00,17.3,67.4,135,125,125
2019296N15066,2019,KYAAR:KYARR,2019-10-27 09:00:00,17.4,67.1,133,130,130
2019296N15066,2019,KYAAR:KYARR,2019-10-27 12:00:00,17.5,66.8,130,130,130
2019296N15066,2019,KYAAR:KYARR,2019-10-27 15:00:00,17.6,66.5,128,130,130
2019296N15066,2019,KYAAR:KYARR,2019-10-27 18:00:00,17.8,66.3,125,130,130
2019296N15066,2019,KYAAR:KYARR,2019-10-27 21:00:00,18.0,65.8,128,125,125
2019296N15066,2019,KYAAR:KYARR,2019-10-28 00:00:00,18.2,65.5,130,125,125
2019296N15066,2019,KYAAR:KYARR,2019-10-28 03:00:00,18.2,65.1,130,125,125
2019296N15066,2019,KYAAR:KYARR,2019-10-28 06:00:00,18.3,64.8,130,125,125
2019296N15066,2019,KYAAR:KYARR,2019-10-28 09:00:00,18.4,64.5,128,125,125
2019296N15066,2019,KYAAR:KYARR,2019-10-28 12:00:00,18.5,64.4,125,125,125
2019296N15066,2019,KYAAR:KYARR,2019-10-28 15:00:00,18.7,64.1,123,125,125
2019296N15066,2019,KYAAR:KYARR,2019-10-28 18:00:00,18.8,64.0,120,125,125
2019296N15066,2019,KYAAR:KYARR,2019-10-28 21:00:00,18.9,63.8,118,125,125
2019296N15066,2019,KYAAR:KYARR,2019-10-29 00:00:00,19.1,63.6,115,120,120
2019296N15066,2019,KYAAR:KYARR,2019-10-29 03:00:00,19.2,63.4,113,115,115
2019296N15066,2019,KYAAR:KYARR,2019-10-29 06:00:00,19.4,63.3,110,110,110
2019296N15066,2019,KYAAR:KYARR,2019-10-29 09:00:00,19.5,63.1,105,105,105
2019296N15066,2019,KYAAR:KYARR,2019-10-29 12:00:00,19.6,63.1,100,100,100
2019296N15066,2019,KYAAR:KYARR,2019-10-29 15:00:00,19.6,62.9,98,100,100
2019296N15066,2019,KYAAR:KYARR,2019-10-29 18:00:00,19.6,62.8,95,95,95
2019296N15066,2019,KYAAR:KYARR,2019-10-29 21:00:00,19.6,62.5,90,90,90
2019296N15066,2019,KYAAR:KYARR,2019-10-30 00:00:00,19.6,62.3,85,85,85
2019296N15066,2019,KYAAR:KYARR,2019-10-30 03:00:00,19.5,62.1,78,80,80
2019296N15066,2019,KYAAR:KYARR,2019-10-30 06:00:00,19.3,61.8,70,75,75
2019296N15066,2019,KYAAR:KYARR,2019-10-30 09:00:00,19.2,61.6,65,70,70
2019296N15066,2019,KYAAR:KYARR,2019-10-30 12:00:00,18.9,61.4,60,65,65
2019296N15066,2019,KYAAR:KYARR,2019-10-30 15:00:00,18.9,61.1,55,60,60
2019296N15066,2019,KYAAR:KYARR,2019-10-30 18:00:00,18.7,60.8,50,55,55
2019296N15066,2019,KYAAR:KYARR,2019-10-30 21:00:00,18.5,60.5,45,55,55
2019296N15066,2019,KYAAR:KYARR,2019-10-31 00:00:00,18.3,60.4,40,50,50
2019296N15066,2019,KYAAR:KYARR,2019-10-31 03:00:00,18.0,60.1,38,45,45
2019296N15066,2019,KYAAR:KYARR,2019-10-31 06:00:00,17.7,60.0,35,40,40
2019296N15066,2019,KYAAR:KYARR,2019-10-31 09:00:00,17.5,59.9,35,40,40
2019296N15066,2019,KYAAR:KYARR,2019-10-31 12:00:00,17.4,59.9,35,35,35
2019296N15066,2019,KYAAR:KYARR,2019-10-31 15:00:00,17.2,59.7,30,30,30
2019296N15066,2019,KYAAR:KYARR,2019-10-31 18:00:00,16.9,59.6,25,30,30
2019296N15066,2019,KYAAR:KYARR,2019-10-31 21:00:00,16.7,59.5,25,30,30
2019296N15066,2019,KYAAR:KYARR,2019-11-01 00:00:00,16.5,59.3,25,25,25
2019296N15066,2019,KYAAR:KYARR,2019-11-01 03:00:00,16.2,59.0,25,25,25
2019296N15066,2019,KYAAR:KYARR,2019-11-01 06:00:00,16.0,58.6,25,25,25
2019296N15066,2019,KYAAR:KYARR,2019-11-01 09:00:00,15.7,58.2,25,25,25
2019296N15066,2019,KYAAR:KYARR,2019-11-01 12:00:00,15.4,57.6,25,25,25
2019296N15066,2019,KYAAR:KYARR,2019-11-01 15:00:00,14.9,57.4,25,25,25
2019296N15066,2019,KYAAR:KYARR,2019-11-01 18:00:00,14.4,57.1,25,25,25
2019296N15066,2019,KYAAR:KYARR,2019-11-01 21:00:00,14.0,56.6,25,25,25
2019296N15066,2019,KYAAR:KYARR,2019-11-02 00:00:00,13.8,56.1,25,25,25
2019296N15066,2019,KYAAR:KYARR,2019-11-02 03:00:00,13.6,55.2,25,25,25
2019296N15066,2019,KYAAR:KYARR,2019-11-02 06:00:00,13.3,54.3,25,25,25
2019296N15066,2019,KYAAR:KYARR,2019-11-02 09:00:00,12.9,53.8,25,25,25
2019296N15066,2019,KYAAR:KYARR,2019-11-02 12:00:00,12.6,53.0,25,20,20
2019296N15066,2019,KYAAR:KYARR,2019-11-02 15:00:00,12.1,52.3,20,20,20
2019296N15066,2019,KYAAR:KYARR,2019-11-02 18:00:00,11.1,51.9,20, , 
2019296N15066,2019,KYAAR:KYARR,2019-11-02 21:00:00,10.3,51.9,20, , 
2019296N15066,2019,KYAAR:KYARR,2019-11-03 00:00:00,9.8,52.1,20, , 
2019296N15066,2019,KYAAR:KYARR,2019-11-03 03:00:00,9.5,52.2,18, , 
2019296N15066,2019,KYAAR:KYARR,2019-11-03 06:00:00,9.2,52.2,15, , 
2019301N05081,2019,MAHA,2019-10-28 06:00:00,4.9,81.2,15, , 
2019301N05081,2019,MAHA,2019-10-28 09:00:00,4.9,80.6,15, , 
2019301N05081,2019,MAHA,2019-10-28 12:00:00,4.8,80.0,15, , 
2019301N05081,2019,MAHA,2019-10-28 15:00:00,4.7,79.4,15, , 
2019301N05081,2019,MAHA,2019-10-28 18:00:00,4.6,78.8,15, , 
2019301N05081,2019,MAHA,2019-10-28 21:00:00,4.5,78.1,18, , 
2019301N05081,2019,MAHA,2019-10-29 00:00:00,4.5,77.5,20, , 
2019301N05081,2019,MAHA,2019-10-29 03:00:00,4.7,77.1,23, , 
2019301N05081,2019,MAHA,2019-10-29 06:00:00,5.1,76.8,25, , 
2019301N05081,2019,MAHA,2019-10-29 09:00:00,5.5,76.8,25, , 
2019301N05081,2019,MAHA,2019-10-29 12:00:00,5.9,76.8,25, , 
2019301N05081,2019,MAHA,2019-10-29 15:00:00,6.3,76.7,28, , 
2019301N05081,2019,MAHA,2019-10-29 18:00:00,6.7,76.4,30, , 
2019301N05081,2019,MAHA,2019-10-29 21:00:00,7.1,76.0,30, , 
2019301N05081,2019,MAHA,2019-10-30 00:00:00,7.4,75.7,30,25,25
2019301N05081,2019,MAHA,2019-10-30 03:00:00,8.0,75.1,33,25,25
2019301N05081,2019,MAHA,2019-10-30 06:00:00,8.3,74.9,35,25,25
2019301N05081,2019,MAHA,2019-10-30 09:00:00,8.7,74.5,40,30,30
2019301N05081,2019,MAHA,2019-10-30 12:00:00,9.3,74.1,45,35,35
2019301N05081,2019,MAHA,2019-10-30 15:00:00,9.8,73.8,45,40,40
2019301N05081,2019,MAHA,2019-10-30 18:00:00,10.3,73.4,45,40,40
2019301N05081,2019,MAHA,2019-10-30 21:00:00,10.7,73.3,45,40,40
2019301N05081,2019,MAHA,2019-10-31 00:00:00,11.1,73.3,45,45,45
2019301N05081,2019,MAHA,2019-10-31 03:00:00,11.6,73.1,48,45,45
2019301N05081,2019,MAHA,2019-10-31 06:00:00,12.0,73.1,50,50,50
2019301N05081,2019,MAHA,2019-10-31 09:00:00,12.5,73.1,53,50,50
2019301N05081,2019,MAHA,2019-10-31 12:00:00,13.0,72.9,55,50,50
2019301N05081,2019,MAHA,2019-10-31 15:00:00,13.5,72.6,53,55,55
2019301N05081,2019,MAHA,2019-10-31 18:00:00,13.9,72.3,50,55,55
2019301N05081,2019,MAHA,2019-10-31 21:00:00,14.1,72.0,48,55,55
2019301N05081,2019,MAHA,2019-11-01 00:00:00,14.6,71.6,45,55,55
2019301N05081,2019,MAHA,2019-11-01 03:00:00,14.8,70.9,45,55,55
2019301N05081,2019,MAHA,2019-11-01 06:00:00,15.2,70.4,45,55,55
2019301N05081,2019,MAHA,2019-11-01 09:00:00,15.3,70.0,45,55,55
2019301N05081,2019,MAHA,2019-11-01 12:00:00,15.5,69.7,45,50,50
2019301N05081,2019,MAHA,2019-11-01 15:00:00,15.7,69.4,45,50,50
2019301N05081,2019,MAHA,2019-11-01 18:00:00,15.9,69.1,45,50,50
2019301N05081,2019,MAHA,2019-11-01 21:00:00,16.0,68.9,48,50,50
2019301N05081,2019,MAHA,2019-11-02 00:00:00,16.2,68.6,50,50,50
2019301N05081,2019,MAHA,2019-11-02 03:00:00,16.3,68.4,53,50,50
2019301N05081,2019,MAHA,2019-11-02 06:00:00,16.6,68.2,55,50,50
2019301N05081,2019,MAHA,2019-11-02 09:00:00,16.8,67.9,55,50,50
2019301N05081,2019,MAHA,2019-11-02 12:00:00,17.0,67.6,55,55,55
2019301N05081,2019,MAHA,2019-11-02 15:00:00,17.1,67.3,58,55,55
2019301N05081,2019,MAHA,2019-11-02 18:00:00,17.2,67.1,60,60,60
2019301N05081,2019,MAHA,2019-11-02 21:00:00,17.4,66.8,63,60,60
2019301N05081,2019,MAHA,2019-11-03 00:00:00,17.5,66.6,65,60,60
2019301N05081,2019,MAHA,2019-11-03 03:00:00,17.5,66.4,68,60,60
2019301N05081,2019,MAHA,2019-11-03 06:00:00,17.6,66.2,70,60,60
2019301N05081,2019,MAHA,2019-11-03 09:00:00,17.6,65.9,75,65,65
2019301N05081,2019,MAHA,2019-11-03 12:00:00,17.7,65.7,80,70,70
2019301N05081,2019,MAHA,2019-11-03 15:00:00,17.8,65.5,88,75,75
2019301N05081,2019,MAHA,2019-11-03 18:00:00,17.9,65.4,95,80,80
2019301N05081,2019,MAHA,2019-11-03 21:00:00,18.0,65.1,98,85,85
2019301N05081,2019,MAHA,2019-11-04 00:00:00,18.1,64.9,100,90,90
2019301N05081,2019,MAHA,2019-11-04 03:00:00,18.3,64.6,100,90,90
2019301N05081,2019,MAHA,2019-11-04 06:00:00,18.6,64.4,100,90,90
2019301N05081,2019,MAHA,2019-11-04 09:00:00,18.7,64.2,103,95,95
2019301N05081,2019,MAHA,2019-11-04 12:00:00,18.9,64.1,105,100,100
2019301N05081,2019,MAHA,2019-11-04 15:00:00,19.2,63.9,105,100,100
2019301N05081,2019,MAHA,2019-11-04 18:00:00,19.3,63.7,105,100,100
2019301N05081,2019,MAHA,2019-11-04 21:00:00,19.4,63.6,103,100,100
2019301N05081,2019,MAHA,2019-11-05 00:00:00,19.5,63.5,100,90,90
2019301N05081,2019,MAHA,2019-11-05 03:00:00,19.6,63.5,95,85,85
2019301N05081,2019,MAHA,2019-11-05 06:00:00,19.7,63.6,90,80,80
2019301N05081,2019,MAHA,2019-11-05 09:00:00,19.7,63.7,88,80,80
2019301N05081,2019,MAHA,2019-11-05 12:00:00,19.8,64.0,85,70,70
2019301N05081,2019,MAHA,2019-11-05 15:00:00,19.8,64.3,78,70,70
2019301N05081,2019,MAHA,2019-11-05 18:00:00,19.8,64.8,70,70,70
2019301N05081,2019,MAHA,2019-11-05 21:00:00,19.8,65.3,63,70,70
2019301N05081,2019,MAHA,2019-11-06 00:00:00,19.8,65.6,55,60,60
2019301N05081,2019,MAHA,2019-11-06 03:00:00,19.7,66.0,50,55,55
2019301N05081,2019,MAHA,2019-11-06 06:00:00,19.7,66.4,45,50,50
2019301N05081,2019,MAHA,2019-11-06 09:00:00,19.6,66.9,43,50,50
2019301N05081,2019,MAHA,2019-11-06 12:00:00,19.6,67.5,40,45,45
2019301N05081,2019,MAHA,2019-11-06 15:00:00,19.6,68.1,35,40,40
2019301N05081,2019,MAHA,2019-11-06 18:00:00,19.6,68.5,30,40,40
2019301N05081,2019,MAHA,2019-11-06 21:00:00,19.6,69.0,28,35,35
2019301N05081,2019,MAHA,2019-11-07 00:00:00,19.7,69.6,25,30,30
2019301N05081,2019,MAHA,2019-11-07 03:00:00,19.9,70.1,25,30,30
2019301N05081,2019,MAHA,2019-11-07 06:00:00,20.1,70.4,25,25,25
2019301N05081,2019,MAHA,2019-11-07 09:00:00,20.2,70.8,25,20,20
2019301N05081,2019,MAHA,2019-11-07 12:00:00,20.2,71.3,25, , 
2019301N05081,2019,MAHA,2019-11-07 15:00:00,20.3,71.7,25, , 
2019301N05081,2019,MAHA,2019-11-07 18:00:00,20.4,72.0,25, , 
2019301N05081,2019,MAHA,2019-11-07 21:00:00,20.3,72.2,25, , 
2019301N05081,2019,MAHA,2019-11-08 00:00:00,20.2,72.3,25, , 
2019301N05081,2019,MAHA,2019-11-08 03:00:00,20.1,72.4,28, , 
2019301N05081,2019,MAHA,2019-11-08 06:00:00,20.1,72.5,30, , 
2019301N05081,2019,MAHA,2019-11-08 09:00:00,20.2,72.5,30, , 
2019301N05081,2019,MAHA,2019-11-08 12:00:00,20.3,72.5,30, , 
2019301N05081,2019,MAHA,2019-11-08 15:00:00,20.3,72.4,28, , 
2019301N05081,2019,MAHA,2019-11-08 18:00:00,20.3,72.3,25, , 
2019301N05081,2019,MAHA,2019-11-08 21:00:00,20.3,72.3,25, , 
2019301N05081,2019,MAHA,2019-11-09 00:00:00,20.2,72.3,25, , 
2019301N05081,2019,MAHA,2019-11-09 03:00:00,20.1,72.1,23, , 
2019301N05081,2019,MAHA,2019-11-09 06:00:00,19.9,71.9,20, , 
2019301N05081,2019,MAHA,2019-11-09 09:00:00,19.8,71.7,18, , 
2019301N05081,2019,MAHA,2019-11-09 12:00:00,19.8,71.4,15, , 
2019301N05081,2019,MAHA,2019-11-09 15:00:00,19.7,71.2,15, , 
2019301N05081,2019,MAHA,2019-11-09 18:00:00,19.5,70.9,15, , 
2019301N05081,2019,MAHA,2019-11-09 21:00:00,19.4,70.5,15, , 
2019301N05081,2019,MAHA,2019-11-10 00:00:00,19.3,70.1,15, , 
2019301N05081,2019,MAHA,2019-11-10 03:00:00,19.2,69.7,15, , 
2019301N05081,2019,MAHA,2019-11-10 06:00:00,19.2,69.3,15, , 
2019301N05081,2019,MAHA,2019-11-10 09:00:00,19.1,68.9,15, , 
2019301N05081,2019,MAHA,2019-11-10 12:00:00,19.0,68.5,15, , 
2019301N05081,2019,MAHA,2019-11-10 15:00:00,18.7,68.2,15, , 
2019301N05081,2019,MAHA,2019-11-10 18:00:00,18.4,67.9,15, , 
2019301N05081,2019,MAHA,2019-11-10 21:00:00,18.2,67.8,15, , 
2019301N05081,2019,MAHA,2019-11-11 00:00:00,18.1,67.7,15, , 
2019302N11118,2019,BULBUL:MATMO,2019-10-28 12:00:00,10.6,118.2,20, , 
2019302N11118,2019,BULBUL:MATMO,2019-10-28 15:00:00,10.6,117.9,20, , 
2019302N11118,2019,BULBUL:MATMO,2019-10-28 18:00:00,11.1,117.2,20, , 
2019302N11118,2019,BULBUL:MATMO,2019-10-28 21:00:00,11.4,116.7,20, , 
2019302N11118,2019,BULBUL:MATMO,2019-10-29 00:00:00,11.7,116.1,20, , 
2019302N11118,2019,BULBUL:MATMO,2019-10-29 03:00:00,12.0,115.5,23, , 
2019302N11118,2019,BULBUL:MATMO,2019-10-29 06:00:00,12.2,115.0,25, , 
2019302N11118,2019,BULBUL:MATMO,2019-10-29 09:00:00,12.5,114.5,25, , 
2019302N11118,2019,BULBUL:MATMO,2019-10-29 12:00:00,12.7,114.0,25, , 
2019302N11118,2019,BULBUL:MATMO,2019-10-29 15:00:00,12.8,113.4,28, , 
2019302N11118,2019,BULBUL:MATMO,2019-10-29 18:00:00,12.9,112.8,30,35, 
2019302N11118,2019,BULBUL:MATMO,2019-10-29 21:00:00,13.1,112.3,35, , 
2019302N11118,2019,BULBUL:MATMO,2019-10-30 00:00:00,13.1,111.7,40,45, 
2019302N11118,2019,BULBUL:MATMO,2019-10-30 03:00:00,13.2,111.2,43, , 
2019302N11118,2019,BULBUL:MATMO,2019-10-30 06:00:00,13.2,110.8,45,50, 
2019302N11118,2019,BULBUL:MATMO,2019-10-30 09:00:00,13.2,110.5,48, , 
2019302N11118,2019,BULBUL:MATMO,2019-10-30 12:00:00,13.3,110.1,50,50, 
2019302N11118,2019,BULBUL:MATMO,2019-10-30 15:00:00,13.4,109.5,55, , 
2019302N11118,2019,BULBUL:MATMO,2019-10-30 18:00:00,13.5,108.8,50,50, 
2019302N11118,2019,BULBUL:MATMO,2019-10-30 21:00:00,13.5,108.0,48, , 
2019302N11118,2019,BULBUL:MATMO,2019-10-31 00:00:00,13.6,107.2,45,35, 
2019302N11118,2019,BULBUL:MATMO,2019-10-31 03:00:00,13.6,106.5,40, , 
2019302N11118,2019,BULBUL:MATMO,2019-10-31 06:00:00,13.7,105.9,35, , 
2019302N11118,2019,BULBUL:MATMO,2019-10-31 09:00:00,13.8,105.4,30, , 
2019302N11118,2019,BULBUL:MATMO,2019-10-31 12:00:00,13.9,104.9,25, , 
2019302N11118,2019,BULBUL:MATMO,2019-10-31 15:00:00,13.9,104.3,23, , 
2019302N11118,2019,BULBUL:MATMO,2019-10-31 18:00:00,14.0,103.6,20, , 
2019302N11118,2019,BULBUL:MATMO,2019-10-31 21:00:00,14.2,102.8,18, , 
2019302N11118,2019,BULBUL:MATMO,2019-11-01 00:00:00,14.3,102.2,15, , 
2019302N11118,2019,BULBUL:MATMO,2019-11-01 03:00:00,14.4,101.8,15, , 
2019302N11118,2019,BULBUL:MATMO,2019-11-01 06:00:00,14.5,101.4,15, , 
2019302N11118,2019,BULBUL:MATMO,2019-11-01 09:00:00,14.5,101.0,15, , 
2019302N11118,2019,BULBUL:MATMO,2019-11-01 12:00:00,14.4,100.7,15, , 
2019302N11118,2019,BULBUL:MATMO,2019-11-01 15:00:00,14.3,100.4,15, , 
2019302N11118,2019,BULBUL:MATMO,2019-11-01 18:00:00,14.2,100.0,15, , 
2019302N11118,2019,BULBUL:MATMO,2019-11-01 21:00:00,14.1,99.6,15, , 
2019302N11118,2019,BULBUL:MATMO,2019-11-02 00:00:00,14.0,99.3,15, , 
2019302N11118,2019,BULBUL:MATMO,2019-11-02 03:00:00,13.9,99.0,15, , 
2019302N11118,2019,BULBUL:MATMO,2019-11-02 06:00:00,13.8,98.8,15, , 
2019302N11118,2019,BULBUL:MATMO,2019-11-02 09:00:00,13.7,98.6,15, , 
2019302N11118,2019,BULBUL:MATMO,2019-11-02 12:00:00,13.6,98.3,15, , 
2019302N11118,2019,BULBUL:MATMO,2019-11-02 15:00:00,13.5,98.0,15, , 
2019302N11118,2019,BULBUL:MATMO,2019-11-02 18:00:00,13.4,97.6,15, , 
2019302N11118,2019,BULBUL:MATMO,2019-11-02 21:00:00,13.3,97.2,15, , 
2019302N11118,2019,BULBUL:MATMO,2019-11-03 00:00:00,13.3,96.7,15, , 
2019302N11118,2019,BULBUL:MATMO,2019-11-03 03:00:00,13.3,96.3,15, , 
2019302N11118,2019,BULBUL:MATMO,2019-11-03 06:00:00,13.3,96.0,15, , 
2019302N11118,2019,BULBUL:MATMO,2019-11-03 09:00:00,13.3,95.7,18, , 
2019302N11118,2019,BULBUL:MATMO,2019-11-03 12:00:00,13.3,95.4,20, , 
2019302N11118,2019,BULBUL:MATMO,2019-11-03 15:00:00,13.3,95.1,20, , 
2019302N11118,2019,BULBUL:MATMO,2019-11-03 18:00:00,13.2,94.8,20, , 
2019302N11118,2019,BULBUL:MATMO,2019-11-03 21:00:00,13.1,94.5,20, , 
2019302N11118,2019,BULBUL:MATMO,2019-11-04 00:00:00,13.0,94.1,20, , 
2019302N11118,2019,BULBUL:MATMO,2019-11-04 03:00:00,12.9,93.7,23, , 
2019302N11118,2019,BULBUL:MATMO,2019-11-04 06:00:00,12.8,93.2,25, , 
2019302N11118,2019,BULBUL:MATMO,2019-11-04 09:00:00,12.8,92.7,25, , 
2019302N11118,2019,BULBUL:MATMO,2019-11-04 12:00:00,12.8,92.3,25, , 
2019302N11118,2019,BULBUL:MATMO,2019-11-04 15:00:00,12.8,91.9,25, , 
2019302N11118,2019,BULBUL:MATMO,2019-11-04 18:00:00,12.8,91.6,25, , 
2019302N11118,2019,BULBUL:MATMO,2019-11-04 21:00:00,12.8,91.3,25, , 
2019302N11118,2019,BULBUL:MATMO,2019-11-05 00:00:00,12.9,91.1,25,20,20
2019302N11118,2019,BULBUL:MATMO,2019-11-05 03:00:00,12.9,90.9,25,25,25
2019302N11118,2019,BULBUL:MATMO,2019-11-05 06:00:00,12.9,90.6,25,25,25
2019302N11118,2019,BULBUL:MATMO,2019-11-05 09:00:00,13.0,90.4,30, ,25
2019302N11118,2019,BULBUL:MATMO,2019-11-05 12:00:00,13.1,90.1,35,25,25
2019302N11118,2019,BULBUL:MATMO,2019-11-05 15:00:00,13.1,89.9,35, ,25
2019302N11118,2019,BULBUL:MATMO,2019-11-05 18:00:00,13.1,89.8,35,25,25
2019302N11118,2019,BULBUL:MATMO,2019-11-05 21:00:00,13.2,89.8,35, ,28
2019302N11118,2019,BULBUL:MATMO,2019-11-06 00:00:00,13.3,89.8,35,30,30
2019302N11118,2019,BULBUL:MATMO,2019-11-06 03:00:00,13.3,89.8,35,30,30
2019302N11118,2019,BULBUL:MATMO,2019-11-06 06:00:00,13.3,89.7,35,30,30
2019302N11118,2019,BULBUL:MATMO,2019-11-06 09:00:00,13.3,89.7,35, ,30
2019302N11118,2019,BULBUL:MATMO,2019-11-06 12:00:00,13.4,89.7,35,30,30
2019302N11118,2019,BULBUL:MATMO,2019-11-06 15:00:00,13.6,89.6,38, ,33
2019302N11118,2019,BULBUL:MATMO,2019-11-06 18:00:00,13.9,89.6,40,35,35
2019302N11118,2019,BULBUL:MATMO,2019-11-06 21:00:00,14.1,89.4,43, ,35
2019302N11118,2019,BULBUL:MATMO,2019-11-07 00:00:00,14.4,89.3,45,35,35
2019302N11118,2019,BULBUL:MATMO,2019-11-07 03:00:00,14.8,89.1,48,35,35
2019302N11118,2019,BULBUL:MATMO,2019-11-07 06:00:00,15.2,88.7,50,40,40
2019302N11118,2019,BULBUL:MATMO,2019-11-07 09:00:00,15.4,88.4,55,45,45
2019302N11118,2019,BULBUL:MATMO,2019-11-07 12:00:00,15.8,88.2,60,45,45
2019302N11118,2019,BULBUL:MATMO,2019-11-07 15:00:00,16.0,88.0,63,50,50
2019302N11118,2019,BULBUL:MATMO,2019-11-07 18:00:00,16.3,87.8,65,55,55
2019302N11118,2019,BULBUL:MATMO,2019-11-07 21:00:00,16.6,87.7,68,60,60
2019302N11118,2019,BULBUL:MATMO,2019-11-08 00:00:00,17.0,87.7,70,65,65
2019302N11118,2019,BULBUL:MATMO,2019-11-08 03:00:00,17.3,87.7,75,65,65
2019302N11118,2019,BULBUL:MATMO,2019-11-08 06:00:00,17.7,87.8,80,70,70
2019302N11118,2019,BULBUL:MATMO,2019-11-08 09:00:00,18.2,87.8,80,70,70
2019302N11118,2019,BULBUL:MATMO,2019-11-08 12:00:00,18.6,87.8,80,75,75
2019302N11118,2019,BULBUL:MATMO,2019-11-08 15:00:00,19.1,87.8,78,75,75
2019302N11118,2019,BULBUL:MATMO,2019-11-08 18:00:00,19.3,87.7,75,75,75
2019302N11118,2019,BULBUL:MATMO,2019-11-08 21:00:00,19.6,87.7,75,75,75
2019302N11118,2019,BULBUL:MATMO,2019-11-09 00:00:00,20.0,87.6,75,75,75
2019302N11118,2019,BULBUL:MATMO,2019-11-09 03:00:00,20.4,87.6,80,70,70
2019302N11118,2019,BULBUL:MATMO,2019-11-09 06:00:00,20.6,87.8,85,70,70
2019302N11118,2019,BULBUL:MATMO,2019-11-09 09:00:00,20.9,87.9,93,70,70
2019302N11118,2019,BULBUL:MATMO,2019-11-09 12:00:00,21.2,88.1,100,70,70
2019302N11118,2019,BULBUL:MATMO,2019-11-09 15:00:00,21.4,88.3,105,60,60
2019302N11118,2019,BULBUL:MATMO,2019-11-09 18:00:00,21.6,88.6,95,60,60
2019302N11118,2019,BULBUL:MATMO,2019-11-09 21:00:00,21.8,89.1,83,50,50
2019302N11118,2019,BULBUL:MATMO,2019-11-10 00:00:00,22.0,89.5,70,45,45
2019302N11118,2019,BULBUL:MATMO,2019-11-10 03:00:00,22.2,89.8,63,40,40
2019302N11118,2019,BULBUL:MATMO,2019-11-10 06:00:00,22.3,90.1,55,40,40
2019302N11118,2019,BULBUL:MATMO,2019-11-10 09:00:00,22.4,90.3,48,30,30
2019302N11118,2019,BULBUL:MATMO,2019-11-10 12:00:00,22.6,90.6,40,30,30
2019302N11118,2019,BULBUL:MATMO,2019-11-10 15:00:00,22.6,90.8,35, ,30
2019302N11118,2019,BULBUL:MATMO,2019-11-10 18:00:00,22.8,91.1,30,30,30
2019302N11118,2019,BULBUL:MATMO,2019-11-10 21:00:00,22.9,91.3,25, ,25
2019302N11118,2019,BULBUL:MATMO,2019-11-11 00:00:00,23.1,91.5,20,20,20
2019335N05058,2019,PAWAN,2019-11-30 18:00:00,4.6,58.0,15, , 
2019335N05058,2019,PAWAN,2019-11-30 21:00:00,4.7,57.8,15, , 
2019335N05058,2019,PAWAN,2019-12-01 00:00:00,4.8,57.6,15, , 
2019335N05058,2019,PAWAN,2019-12-01 03:00:00,4.9,57.5,15, , 
2019335N05058,2019,PAWAN,2019-12-01 06:00:00,4.9,57.4,15, , 
2019335N05058,2019,PAWAN,2019-12-01 09:00:00,4.9,57.3,18, , 
2019335N05058,2019,PAWAN,2019-12-01 12:00:00,5.0,57.2,20, , 
2019335N05058,2019,PAWAN,2019-12-01 15:00:00,5.1,57.1,20, , 
2019335N05058,2019,PAWAN,2019-12-01 18:00:00,5.2,57.0,20, , 
2019335N05058,2019,PAWAN,2019-12-01 21:00:00,5.3,56.9,23, , 
2019335N05058,2019,PAWAN,2019-12-02 00:00:00,5.5,56.9,25, , 
2019335N05058,2019,PAWAN,2019-12-02 03:00:00,5.7,56.9,28, , 
2019335N05058,2019,PAWAN,2019-12-02 06:00:00,5.8,56.9,30, , 
2019335N05058,2019,PAWAN,2019-12-02 09:00:00,5.9,56.9,30, , 
2019335N05058,2019,PAWAN,2019-12-02 12:00:00,5.9,56.8,30,25,25
2019335N05058,2019,PAWAN,2019-12-02 15:00:00,6.0,56.8,30, ,25
2019335N05058,2019,PAWAN,2019-12-02 18:00:00,6.2,56.8,30,25,25
2019335N05058,2019,PAWAN,2019-12-02 21:00:00,6.3,56.8,33, ,28
2019335N05058,2019,PAWAN,2019-12-03 00:00:00,6.5,56.9,35,30,30
2019335N05058,2019,PAWAN,2019-12-03 03:00:00,6.7,56.9,35,30,30
2019335N05058,2019,PAWAN,2019-12-03 06:00:00,6.9,56.9,35,30,30
2019335N05058,2019,PAWAN,2019-12-03 09:00:00,7.0,56.9,33, ,30
2019335N05058,2019,PAWAN,2019-12-03 12:00:00,7.0,57.0,30,30,30
2019335N05058,2019,PAWAN,2019-12-03 15:00:00,7.0,57.0,30, ,30
2019335N05058,2019,PAWAN,2019-12-03 18:00:00,7.1,57.1,30,30,30
2019335N05058,2019,PAWAN,2019-12-03 21:00:00,7.2,57.1,30, ,30
2019335N05058,2019,PAWAN,2019-12-04 00:00:00,7.3,57.1,30,30,30
2019335N05058,2019,PAWAN,2019-12-04 03:00:00,7.4,57.1,33,30,30
2019335N05058,2019,PAWAN,2019-12-04 06:00:00,7.5,57.1,35,30,30
2019335N05058,2019,PAWAN,2019-12-04 09:00:00,7.6,57.0,38, ,30
2019335N05058,2019,PAWAN,2019-12-04 12:00:00,7.8,56.9,40,30,30
2019335N05058,2019,PAWAN,2019-12-04 15:00:00,8.1,56.9,40, ,30
2019335N05058,2019,PAWAN,2019-12-04 18:00:00,8.6,56.9,40,30,30
2019335N05058,2019,PAWAN,2019-12-04 21:00:00,9.0,56.7,40, ,33
2019335N05058,2019,PAWAN,2019-12-05 00:00:00,9.3,56.6,40,35,35
2019335N05058,2019,PAWAN,2019-12-05 03:00:00,9.3,56.4,40,35,35
2019335N05058,2019,PAWAN,2019-12-05 06:00:00,9.4,56.1,40,35,35
2019335N05058,2019,PAWAN,2019-12-05 09:00:00,9.3,55.4,40,35,35
2019335N05058,2019,PAWAN,2019-12-05 12:00:00,9.3,55.0,40,40,40
2019335N05058,2019,PAWAN,2019-12-05 15:00:00,9.1,54.7,38,35,35
2019335N05058,2019,PAWAN,2019-12-05 18:00:00,8.9,54.3,35,35,35
2019335N05058,2019,PAWAN,2019-12-05 21:00:00,8.6,53.9,35,35,35
2019335N05058,2019,PAWAN,2019-12-06 00:00:00,8.3,53.4,35,35,35
2019335N05058,2019,PAWAN,2019-12-06 03:00:00,8.1,53.1,35,35,35
2019335N05058,2019,PAWAN,2019-12-06 06:00:00,8.0,52.8,35,35,35
2019335N05058,2019,PAWAN,2019-12-06 09:00:00,7.9,52.5,40,35,35
2019335N05058,2019,PAWAN,2019-12-06 12:00:00,7.9,52.2,45,35,35
2019335N05058,2019,PAWAN,2019-12-06 15:00:00,7.8,51.6,45,35,35
2019335N05058,2019,PAWAN,2019-12-06 18:00:00,7.8,51.1,45,35,35
2019335N05058,2019,PAWAN,2019-12-06 21:00:00,7.7,50.6,43,35,35
2019335N05058,2019,PAWAN,2019-12-07 00:00:00,7.7,49.8,40,35,35
2019335N05058,2019,PAWAN,2019-12-07 03:00:00,7.6,49.4,35,30,30
2019335N05058,2019,PAWAN,2019-12-07 06:00:00,7.5,48.9,30,30,30
2019335N05058,2019,PAWAN,2019-12-07 09:00:00,7.4,48.5,28,25,25
2019335N05058,2019,PAWAN,2019-12-07 12:00:00,7.2,48.2,25, , 
2019335N05058,2019,PAWAN,2019-12-07 15:00:00,7.1,47.8,23, , 
2019335N05058,2019,PAWAN,2019-12-07 18:00:00,7.1,47.4,20, , 
2019337N11072,2019,UNNAMED,2019-12-02 12:00:00,10.7,72.3,15, , 
2019337N11072,2019,UNNAMED,2019-12-02 15:00:00,11.2,72.0,18, , 
2019337N11072,2019,UNNAMED,2019-12-02 18:00:00,11.6,71.7,20, , 
2019337N11072,2019,UNNAMED,2019-12-02 21:00:00,12.0,71.3,25, , 
2019337N11072,2019,UNNAMED,2019-12-03 00:00:00,12.4,71.0,30, , 
2019337N11072,2019,UNNAMED,2019-12-03 03:00:00,12.6,70.8,33, , 
2019337N11072,2019,UNNAMED,2019-12-03 06:00:00,12.8,70.6,35, , 
2019337N11072,2019,UNNAMED,2019-12-03 09:00:00,13.1,70.4,38, , 
2019337N11072,2019,UNNAMED,2019-12-03 12:00:00,13.3,70.2,40, , 
2019337N11072,2019,UNNAMED,2019-12-03 15:00:00,13.4,69.8,45, , 
2019337N11072,2019,UNNAMED,2019-12-03 18:00:00,13.4,69.9,50,25,25
2019337N11072,2019,UNNAMED,2019-12-03 21:00:00,13.8,70.0,55, ,28
2019337N11072,2019,UNNAMED,2019-12-04 00:00:00,14.2,69.9,55,30,30
2019337N11072,2019,UNNAMED,2019-12-04 03:00:00,14.7,69.5,50,30,30
2019337N11072,2019,UNNAMED,2019-12-04 06:00:00,14.8,69.1,45,30,30
2019337N11072,2019,UNNAMED,2019-12-04 09:00:00,14.8,68.7,40, ,30
2019337N11072,2019,UNNAMED,2019-12-04 12:00:00,14.9,68.4,35,30,30
2019337N11072,2019,UNNAMED,2019-12-04 15:00:00,14.9,68.3,33, ,30
2019337N11072,2019,UNNAMED,2019-12-04 18:00:00,15.0,68.3,30,30,30
2019337N11072,2019,UNNAMED,2019-12-04 21:00:00,15.1,68.2,28, ,28
2019337N11072,2019,UNNAMED,2019-12-05 00:00:00,15.2,68.0,25,25,25
2019337N11072,2019,UNNAMED,2019-12-05 03:00:00,15.4,67.6,25,25,25
2019337N11072,2019,UNNAMED,2019-12-05 06:00:00,15.6,67.2,25,20,20
2019337N11072,2019,UNNAMED,2019-12-05 09:00:00,15.9,66.7,23, , 
2019337N11072,2019,UNNAMED,2019-12-05 12:00:00,16.1,66.2,20, , 
2019337N11072,2019,UNNAMED,2019-12-05 15:00:00,16.1,65.7,20, , 
2019337N11072,2019,UNNAMED,2019-12-05 18:00:00,16.1,65.3,20, , 
2019337N11072,2019,UNNAMED,2019-12-05 21:00:00,16.1,65.0,20, , 
2019337N11072,2019,UNNAMED,2019-12-06 00:00:00,16.0,64.7,20, , 
2019337N11072,2019,UNNAMED,2019-12-06 03:00:00,15.9,64.3,18, , 
2019337N11072,2019,UNNAMED,2019-12-06 06:00:00,15.9,63.8,15, , 
2019342N09062,2019,UNNAMED,2019-12-08 09:00:00,9.4,62.2, ,25,25
2019342N09062,2019,UNNAMED,2019-12-08 12:00:00,9.6,61.6, ,25,25
2019342N09062,2019,UNNAMED,2019-12-08 15:00:00,9.8,61.2, , ,25
2019342N09062,2019,UNNAMED,2019-12-08 18:00:00,10.0,61.0, ,25,25
2019342N09062,2019,UNNAMED,2019-12-08 21:00:00,10.2,60.7, , ,28
2019342N09062,2019,UNNAMED,2019-12-09 00:00:00,10.4,60.4, ,30,30
2019342N09062,2019,UNNAMED,2019-12-09 03:00:00,10.5,60.0, ,30,30
2019342N09062,2019,UNNAMED,2019-12-09 06:00:00,10.6,59.4, ,30,30
2019342N09062,2019,UNNAMED,2019-12-09 09:00:00,10.6,59.0, , ,28
2019342N09062,2019,UNNAMED,2019-12-09 12:00:00,10.6,58.5, ,25,25
2019342N09062,2019,UNNAMED,2019-12-09 15:00:00,10.6,57.8, , ,25
2019342N09062,2019,UNNAMED,2019-12-09 18:00:00,10.6,57.0, ,25,25
2019342N09062,2019,UNNAMED,2019-12-09 21:00:00,10.6,56.3, , ,25
2019342N09062,2019,UNNAMED,2019-12-10 00:00:00,10.6,55.7, ,25,25
2019342N09062,2019,UNNAMED,2019-12-10 03:00:00,10.6,55.2, ,25,25
2020136N10088,2020,AMPHAN,2020-05-15 06:00:00,9.5,87.5,20, , 
2020136N10088,2020,AMPHAN,2020-05-15 09:00:00,9.5,87.2,25, , 
2020136N10088,2020,AMPHAN,2020-05-15 12:00:00,9.5,87.0,30, , 
2020136N10088,2020,AMPHAN,2020-05-15 15:00:00,9.5,86.8,30, , 
2020136N10088,2020,AMPHAN,2020-05-15 18:00:00,9.5,86.6,30, , 
2020136N10088,2020,AMPHAN,2020-05-15 21:00:00,9.6,86.5,33, , 
2020136N10088,2020,AMPHAN,2020-05-16 00:00:00,9.8,86.4,35,25,25
2020136N10088,2020,AMPHAN,2020-05-16 03:00:00,10.1,86.2,38,25,25
2020136N10088,2020,AMPHAN,2020-05-16 06:00:00,10.3,86.1,40,25,25
2020136N10088,2020,AMPHAN,2020-05-16 09:00:00,10.5,86.1,45,30,30
2020136N10088,2020,AMPHAN,2020-05-16 12:00:00,10.6,86.2,50,35,35
2020136N10088,2020,AMPHAN,2020-05-16 15:00:00,10.8,86.1,53,40,40
2020136N10088,2020,AMPHAN,2020-05-16 18:00:00,10.9,86.1,55,40,40
2020136N10088,2020,AMPHAN,2020-05-16 21:00:00,11.1,86.1,58,45,45
2020136N10088,2020,AMPHAN,2020-05-17 00:00:00,11.2,86.1,60,45,45
2020136N10088,2020,AMPHAN,2020-05-17 03:00:00,11.3,86.1,65,50,50
2020136N10088,2020,AMPHAN,2020-05-17 06:00:00,11.5,86.2,70,55,55
2020136N10088,2020,AMPHAN,2020-05-17 09:00:00,11.6,86.2,75,65,65
2020136N10088,2020,AMPHAN,2020-05-17 12:00:00,11.9,86.2,80,70,70
2020136N10088,2020,AMPHAN,2020-05-17 15:00:00,12.5,86.4,100,75,75
2020136N10088,2020,AMPHAN,2020-05-17 18:00:00,12.5,86.4,120,80,80
2020136N10088,2020,AMPHAN,2020-05-17 21:00:00,12.9,86.5,125,90,90
2020136N10088,2020,AMPHAN,2020-05-18 00:00:00,13.2,86.4,130,100,100
2020136N10088,2020,AMPHAN,2020-05-18 03:00:00,13.3,86.2,135,115,115
2020136N10088,2020,AMPHAN,2020-05-18 06:00:00,13.4,86.2,140,120,120
2020136N10088,2020,AMPHAN,2020-05-18 09:00:00,13.7,86.2,143,120,120
2020136N10088,2020,AMPHAN,2020-05-18 12:00:00,14.1,86.4,145,125,125
2020136N10088,2020,AMPHAN,2020-05-18 15:00:00,14.5,86.5,143,125,125
2020136N10088,2020,AMPHAN,2020-05-18 18:00:00,14.9,86.6,140,130,130
2020136N10088,2020,AMPHAN,2020-05-18 21:00:00,15.2,86.7,133,130,130
2020136N10088,2020,AMPHAN,2020-05-19 00:00:00,15.6,86.8,125,125,125
2020136N10088,2020,AMPHAN,2020-05-19 03:00:00,16.0,86.9,118,120,120
2020136N10088,2020,AMPHAN,2020-05-19 06:00:00,16.5,87.0,110,115,115
2020136N10088,2020,AMPHAN,2020-05-19 09:00:00,16.9,87.0,108,110,110
2020136N10088,2020,AMPHAN,2020-05-19 12:00:00,17.3,87.1,105,105,105
2020136N10088,2020,AMPHAN,2020-05-19 15:00:00,17.9,87.1,105,100,100
2020136N10088,2020,AMPHAN,2020-05-19 18:00:00,18.3,87.2,105,100,100
2020136N10088,2020,AMPHAN,2020-05-19 21:00:00,18.7,87.3,103,100,100
2020136N10088,2020,AMPHAN,2020-05-20 00:00:00,19.2,87.5,100,95,95
2020136N10088,2020,AMPHAN,2020-05-20 03:00:00,19.8,87.7,98,95,95
2020136N10088,2020,AMPHAN,2020-05-20 06:00:00,20.6,88.0,95,90,90
2020136N10088,2020,AMPHAN,2020-05-20 09:00:00,21.4,88.1,95,90,90
2020136N10088,2020,AMPHAN,2020-05-20 12:00:00,22.1,88.4,95,85,85
2020136N10088,2020,AMPHAN,2020-05-20 15:00:00,22.8,88.6,83,65,65
2020136N10088,2020,AMPHAN,2020-05-20 18:00:00,23.5,89.1,70,50,50
2020136N10088,2020,AMPHAN,2020-05-20 21:00:00,24.3,89.3,60,45,45
2020136N10088,2020,AMPHAN,2020-05-21 00:00:00,24.6,89.6,50,40,40
2020136N10088,2020,AMPHAN,2020-05-21 03:00:00,25.1,89.9,40,35,35
2020136N10088,2020,AMPHAN,2020-05-21 06:00:00,25.4,90.1,30,30,30
2020136N10088,2020,AMPHAN,2020-05-21 09:00:00,25.2,89.6, , ,25
2020136N10088,2020,AMPHAN,2020-05-21 12:00:00,25.4,89.6, ,20,20
2020150N17054,2020,UNNAMED,2020-05-29 09:00:00,17.3,54.3, ,25,25
2020150N17054,2020,UNNAMED,2020-05-29 12:00:00,17.3,54.3, ,25,25
2020150N17054,2020,UNNAMED,2020-05-29 15:00:00,17.3,54.3, , ,25
2020150N17054,2020,UNNAMED,2020-05-29 18:00:00,17.3,54.3, ,25,25
2020150N17054,2020,UNNAMED,2020-05-29 21:00:00,17.3,54.2, , ,25
2020150N17054,2020,UNNAMED,2020-05-30 00:00:00,17.3,54.2, ,25,25
2020150N17054,2020,UNNAMED,2020-05-30 03:00:00,17.3,54.2, ,25,25
2020150N17054,2020,UNNAMED,2020-05-30 06:00:00,17.2,54.0, ,25,25
2020150N17054,2020,UNNAMED,2020-05-30 09:00:00,17.2,54.0, , ,25
2020150N17054,2020,UNNAMED,2020-05-30 12:00:00,17.2,54.0, ,25,25
2020150N17054,2020,UNNAMED,2020-05-30 15:00:00,17.2,54.0, , ,25
2020150N17054,2020,UNNAMED,2020-05-30 18:00:00,17.2,54.0, ,25,25
2020150N17054,2020,UNNAMED,2020-05-30 21:00:00,17.1,53.9, , ,25
2020150N17054,2020,UNNAMED,2020-05-31 00:00:00,17.1,53.8, ,25,25
2020150N17054,2020,UNNAMED,2020-05-31 03:00:00,17.1,53.8, ,25,25
2020150N17054,2020,UNNAMED,2020-05-31 06:00:00,17.0,53.5, ,25,25
2020150N17054,2020,UNNAMED,2020-05-31 09:00:00,16.9,53.3, , ,25
2020150N17054,2020,UNNAMED,2020-05-31 12:00:00,16.9,53.1, ,25,25
2020150N17054,2020,UNNAMED,2020-05-31 15:00:00,16.9,53.0, , ,25
2020150N17054,2020,UNNAMED,2020-05-31 18:00:00,16.8,52.9, ,25,25
2020153N13072,2020,NISARGA,2020-05-31 18:00:00,12.9,72.2,20, , 
2020153N13072,2020,NISARGA,2020-05-31 21:00:00,12.9,72.0,20, , 
2020153N13072,2020,NISARGA,2020-06-01 00:00:00,13.0,71.6,20,25,25
2020153N13072,2020,NISARGA,2020-06-01 03:00:00,13.1,71.4,23,25,25
2020153N13072,2020,NISARGA,2020-06-01 06:00:00,13.4,71.2,25,25,25
2020153N13072,2020,NISARGA,2020-06-01 09:00:00,13.7,71.1,25, ,25
2020153N13072,2020,NISARGA,2020-06-01 12:00:00,14.0,71.1,25,25,25
2020153N13072,2020,NISARGA,2020-06-01 15:00:00,14.2,71.2,28, ,25
2020153N13072,2020,NISARGA,2020-06-01 18:00:00,14.4,71.2,30,25,25
2020153N13072,2020,NISARGA,2020-06-01 21:00:00,14.7,71.2,33, ,28
2020153N13072,2020,NISARGA,2020-06-02 00:00:00,15.0,71.3,35,30,30
2020153N13072,2020,NISARGA,2020-06-02 03:00:00,15.3,71.3,38,30,30
2020153N13072,2020,NISARGA,2020-06-02 06:00:00,15.7,71.3,40,35,35
2020153N13072,2020,NISARGA,2020-06-02 09:00:00,16.0,71.3,45,35,35
2020153N13072,2020,NISARGA,2020-06-02 12:00:00,16.3,71.4,50,40,40
2020153N13072,2020,NISARGA,2020-06-02 15:00:00,16.2,71.5,55,40,40
2020153N13072,2020,NISARGA,2020-06-02 18:00:00,16.8,71.6,60,40,40
2020153N13072,2020,NISARGA,2020-06-02 21:00:00,17.0,71.9,68,45,45
2020153N13072,2020,NISARGA,2020-06-03 00:00:00,17.3,72.1,75,50,50
2020153N13072,2020,NISARGA,2020-06-03 03:00:00,17.6,72.4,80,55,55
2020153N13072,2020,NISARGA,2020-06-03 06:00:00,18.1,72.9,85,60,60
2020153N13072,2020,NISARGA,2020-06-03 09:00:00,18.5,73.2,78,55,55
2020153N13072,2020,NISARGA,2020-06-03 12:00:00,19.1,73.7,70,40,40
2020153N13072,2020,NISARGA,2020-06-03 15:00:00,19.6,74.0,60,30,30
2020153N13072,2020,NISARGA,2020-06-03 18:00:00,20.0,74.7,50,30,30
2020153N13072,2020,NISARGA,2020-06-03 21:00:00,20.3,75.3,43, ,28
2020153N13072,2020,NISARGA,2020-06-04 00:00:00,20.9,76.0,35,25,25
2020153N13072,2020,NISARGA,2020-06-04 03:00:00,21.5,76.8,28,20,20
2020153N13072,2020,NISARGA,2020-06-04 06:00:00,22.2,77.6,20,20,20
2020285N15087,2020,UNNAMED,2020-10-11 00:00:00,15.3,86.5, ,20,20
2020285N15087,2020,UNNAMED,2020-10-11 03:00:00,15.4,86.2, ,25,25
2020285N15087,2020,UNNAMED,2020-10-11 06:00:00,15.4,85.8, ,25,25
2020285N15087,2020,UNNAMED,2020-10-11 09:00:00,15.4,85.5, , ,25
2020285N15087,2020,UNNAMED,2020-10-11 12:00:00,15.5,85.4, ,25,25
2020285N15087,2020,UNNAMED,2020-10-11 15:00:00,15.5,85.3, , ,25
2020285N15087,2020,UNNAMED,2020-10-11 18:00:00,15.6,85.2, ,25,25
2020285N15087,2020,UNNAMED,2020-10-11 21:00:00,15.7,85.1, , ,25
2020285N15087,2020,UNNAMED,2020-10-12 00:00:00,15.7,85.0, ,25,25
2020285N15087,2020,UNNAMED,2020-10-12 03:00:00,15.7,85.0, ,30,30
2020285N15087,2020,UNNAMED,2020-10-12 06:00:00,15.9,84.8, ,30,30
2020285N15087,2020,UNNAMED,2020-10-12 09:00:00,16.0,84.7, , ,30
2020285N15087,2020,UNNAMED,2020-10-12 12:00:00,16.1,84.6, ,30,30
2020285N15087,2020,UNNAMED,2020-10-12 15:00:00,16.3,84.1, , ,30
2020285N15087,2020,UNNAMED,2020-10-12 18:00:00,16.5,83.4, ,30,30
2020285N15087,2020,UNNAMED,2020-10-12 21:00:00,16.7,82.9, , ,30
2020285N15087,2020,UNNAMED,2020-10-13 00:00:00,16.9,82.5, ,30,30
2020285N15087,2020,UNNAMED,2020-10-13 03:00:00,17.0,82.1, ,30,30
2020285N15087,2020,UNNAMED,2020-10-13 06:00:00,17.3,81.5, ,25,25
2020285N15087,2020,UNNAMED,2020-10-13 09:00:00,17.4,81.0, , ,25
2020285N15087,2020,UNNAMED,2020-10-13 12:00:00,17.5,80.5, ,25,25
2020285N15087,2020,UNNAMED,2020-10-13 15:00:00,17.6,80.0, , ,25
2020285N15087,2020,UNNAMED,2020-10-13 18:00:00,17.6,79.5, ,25,25
2020285N15087,2020,UNNAMED,2020-10-13 21:00:00,17.7,78.8, , ,23
2020285N15087,2020,UNNAMED,2020-10-14 00:00:00,17.7,78.1, ,20,20
2020285N15087,2020,UNNAMED,2020-10-14 03:00:00,17.7,77.5, ,20,20
2020285N15087,2020,UNNAMED,2020-10-14 06:00:00,17.7,77.0, ,20,20
2020291N18069,2020,UNNAMED,2020-10-17 03:00:00,17.8,69.0, ,20,20
2020291N18069,2020,UNNAMED,2020-10-17 06:00:00,17.8,68.2, ,20,20
2020291N18069,2020,UNNAMED,2020-10-17 09:00:00,17.8,67.8, , ,23
2020291N18069,2020,UNNAMED,2020-10-17 12:00:00,17.8,67.5, ,25,25
2020291N18069,2020,UNNAMED,2020-10-17 15:00:00,17.8,67.1, , ,25
2020291N18069,2020,UNNAMED,2020-10-17 18:00:00,17.8,66.8, ,25,25
2020291N18069,2020,UNNAMED,2020-10-17 21:00:00,17.8,66.7, , ,25
2020291N18069,2020,UNNAMED,2020-10-18 00:00:00,17.8,66.4, ,25,25
2020291N18069,2020,UNNAMED,2020-10-18 03:00:00,17.8,65.8, ,20,20
2020291N18069,2020,UNNAMED,2020-10-18 06:00:00,17.8,65.3, ,20,20
2020291N18069,2020,UNNAMED,2020-10-18 09:00:00,17.8,65.0, , ,20
2020291N18069,2020,UNNAMED,2020-10-18 12:00:00,17.8,64.8, ,20,20
2020291N18069,2020,UNNAMED,2020-10-18 15:00:00,17.8,64.6, , ,20
2020291N18069,2020,UNNAMED,2020-10-18 18:00:00,17.8,64.3, ,20,20
2020296N19087,2020,UNNAMED,2020-10-22 03:00:00,18.7,87.0, ,20,20
2020296N19087,2020,UNNAMED,2020-10-22 06:00:00,19.0,87.0, ,25,25
2020296N19087,2020,UNNAMED,2020-10-22 09:00:00,19.4,87.1, , ,25
2020296N19087,2020,UNNAMED,2020-10-22 12:00:00,19.7,87.3, ,25,25
2020296N19087,2020,UNNAMED,2020-10-22 15:00:00,19.9,87.4, , ,25
2020296N19087,2020,UNNAMED,2020-10-22 18:00:00,20.2,87.6, ,25,25
2020296N19087,2020,UNNAMED,2020-10-22 21:00:00,20.7,87.9, , ,25
2020296N19087,2020,UNNAMED,2020-10-23 00:00:00,21.2,88.2, ,25,25
2020296N19087,2020,UNNAMED,2020-10-23 03:00:00,21.4,88.4, ,25,25
2020296N19087,2020,UNNAMED,2020-10-23 06:00:00,21.7,88.5, ,25,25
2020296N19087,2020,UNNAMED,2020-10-23 09:00:00,22.5,89.1, ,25,25
2020296N19087,2020,UNNAMED,2020-10-23 12:00:00,23.3,89.5, ,20,20
2020296N19087,2020,UNNAMED,2020-10-23 15:00:00,23.8,89.7, , ,20
2020296N19087,2020,UNNAMED,2020-10-23 18:00:00,24.0,89.9, ,20,20
2020326N11063,2020,GATI,2020-11-20 12:00:00,11.2,62.6,20, , 
2020326N11063,2020,GATI,2020-11-20 15:00:00,11.0,62.2,23, , 
2020326N11063,2020,GATI,2020-11-20 18:00:00,10.9,61.7,25, , 
2020326N11063,2020,GATI,2020-11-20 21:00:00,11.1,61.2,25, , 
2020326N11063,2020,GATI,2020-11-21 00:00:00,11.3,60.6,25, , 
2020326N11063,2020,GATI,2020-11-21 03:00:00,11.3,59.7,30, , 
2020326N11063,2020,GATI,2020-11-21 06:00:00,11.3,58.8,35, , 
2020326N11063,2020,GATI,2020-11-21 09:00:00,11.3,57.9,33, , 
2020326N11063,2020,GATI,2020-11-21 12:00:00,11.3,57.1,30, , 
2020326N11063,2020,GATI,2020-11-21 15:00:00,11.1,56.2,33, , 
2020326N11063,2020,GATI,2020-11-21 18:00:00,10.9,55.8,35,25,25
2020326N11063,2020,GATI,2020-11-21 21:00:00,10.9,55.2,48, ,28
2020326N11063,2020,GATI,2020-11-22 00:00:00,10.8,54.5,60,30,30
2020326N11063,2020,GATI,2020-11-22 03:00:00,10.6,53.5,80,40,40
2020326N11063,2020,GATI,2020-11-22 06:00:00,10.4,52.6,100,50,50
2020326N11063,2020,GATI,2020-11-22 09:00:00,10.4,52.0,95,65,65
2020326N11063,2020,GATI,2020-11-22 12:00:00,10.4,51.5,90,75,75
2020326N11063,2020,GATI,2020-11-22 15:00:00,10.4,51.0,78,75,75
2020326N11063,2020,GATI,2020-11-22 18:00:00,10.4,50.6,65,65,65
2020326N11063,2020,GATI,2020-11-22 21:00:00,10.5,50.2,58,60,60
2020326N11063,2020,GATI,2020-11-23 00:00:00,10.7,50.0,50,45,45
2020326N11063,2020,GATI,2020-11-23 03:00:00,10.9,49.6,45,35,35
2020326N11063,2020,GATI,2020-11-23 06:00:00,11.1,49.3,40,30,30
2020326N11063,2020,GATI,2020-11-23 09:00:00,11.3,48.9,38, ,30
2020326N11063,2020,GATI,2020-11-23 12:00:00,11.5,48.6,35,30,30
2020326N11063,2020,GATI,2020-11-23 15:00:00,11.7,48.0,33, ,30
2020326N11063,2020,GATI,2020-11-23 18:00:00,11.8,47.5,30,30,30
2020326N11063,2020,GATI,2020-11-23 21:00:00,11.7,47.1,28, ,28
2020326N11063,2020,GATI,2020-11-24 00:00:00,11.5,46.8,25,25,25
2020326N11063,2020,GATI,2020-11-24 03:00:00,11.2,46.6,25,20,20
2020326N11063,2020,GATI,2020-11-24 06:00:00,10.9,46.5,25, , 
2020326N11063,2020,GATI,2020-11-24 09:00:00,10.7,46.4,20, , 
2020326N11063,2020,GATI,2020-11-24 12:00:00,10.4,46.3,15, , 
2020327N08086,2020,NIVAR,2020-11-22 06:00:00,7.8,86.1,20, , 
2020327N08086,2020,NIVAR,2020-11-22 09:00:00,8.2,85.9,20, , 
2020327N08086,2020,NIVAR,2020-11-22 12:00:00,8.5,85.6,20, , 
2020327N08086,2020,NIVAR,2020-11-22 15:00:00,8.8,85.3,23, , 
2020327N08086,2020,NIVAR,2020-11-22 18:00:00,9.0,85.1,25, , 
2020327N08086,2020,NIVAR,2020-11-22 21:00:00,9.0,85.0,28,25,25
2020327N08086,2020,NIVAR,2020-11-23 00:00:00,9.3,84.6,30,25,25
2020327N08086,2020,NIVAR,2020-11-23 03:00:00,9.5,84.2,30,25,25
2020327N08086,2020,NIVAR,2020-11-23 06:00:00,9.6,84.0,30,25,25
2020327N08086,2020,NIVAR,2020-11-23 09:00:00,9.7,83.8,30, ,28
2020327N08086,2020,NIVAR,2020-11-23 12:00:00,9.9,83.6,30,30,30
2020327N08086,2020,NIVAR,2020-11-23 15:00:00,9.9,83.5,33, ,30
2020327N08086,2020,NIVAR,2020-11-23 18:00:00,10.0,83.5,35,30,30
2020327N08086,2020,NIVAR,2020-11-23 21:00:00,9.9,83.3,35, ,33
2020327N08086,2020,NIVAR,2020-11-24 00:00:00,9.8,83.2,35,35,35
2020327N08086,2020,NIVAR,2020-11-24 03:00:00,9.8,83.1,38,35,35
2020327N08086,2020,NIVAR,2020-11-24 06:00:00,9.8,83.0,40,40,40
2020327N08086,2020,NIVAR,2020-11-24 09:00:00,9.9,82.9,43,45,45
2020327N08086,2020,NIVAR,2020-11-24 12:00:00,10.0,82.8,45,45,45
2020327N08086,2020,NIVAR,2020-11-24 15:00:00,10.1,82.7,48,45,45
2020327N08086,2020,NIVAR,2020-11-24 18:00:00,10.2,82.6,50,50,50
2020327N08086,2020,NIVAR,2020-11-24 21:00:00,10.4,82.4,55,55,55
2020327N08086,2020,NIVAR,2020-11-25 00:00:00,10.6,82.2,60,60,60
2020327N08086,2020,NIVAR,2020-11-25 03:00:00,10.8,81.8,60,60,60
2020327N08086,2020,NIVAR,2020-11-25 06:00:00,11.1,81.4,60,60,60
2020327N08086,2020,NIVAR,2020-11-25 09:00:00,11.3,81.1,65,65,65
2020327N08086,2020,NIVAR,2020-11-25 12:00:00,11.5,80.9,70,65,65
2020327N08086,2020,NIVAR,2020-11-25 15:00:00,11.8,80.6,65,65,65
2020327N08086,2020,NIVAR,2020-11-25 18:00:00,12.0,80.4,60,65,65
2020327N08086,2020,NIVAR,2020-11-25 21:00:00,12.2,80.1,55,60,60
2020327N08086,2020,NIVAR,2020-11-26 00:00:00,12.5,80.0,50,50,50
2020327N08086,2020,NIVAR,2020-11-26 03:00:00,12.7,79.7,48,40,40
2020327N08086,2020,NIVAR,2020-11-26 06:00:00,13.0,79.6,45,35,35
2020327N08086,2020,NIVAR,2020-11-26 09:00:00,13.3,79.6,43,30,30
2020327N08086,2020,NIVAR,2020-11-26 12:00:00,13.5,79.8,40,30,30
2020327N08086,2020,NIVAR,2020-11-26 15:00:00,13.6,80.0,38, ,25
2020327N08086,2020,NIVAR,2020-11-26 18:00:00,13.8,80.3,35,20,20
2020327N08086,2020,NIVAR,2020-11-26 21:00:00,13.8,80.6,33, , 
2020327N08086,2020,NIVAR,2020-11-27 00:00:00,14.0,80.7,30, , 
2020327N08086,2020,NIVAR,2020-11-27 03:00:00,14.2,80.6,28, , 
2020327N08086,2020,NIVAR,2020-11-27 06:00:00,14.4,80.5,25, , 
2020327N08086,2020,NIVAR,2020-11-27 09:00:00,14.7,80.3,23, , 
2020327N08086,2020,NIVAR,2020-11-27 12:00:00,15.0,80.1,20, , 
2020335N06090,2020,BUREVI,2020-11-29 12:00:00,6.4,90.4,10, , 
2020335N06090,2020,BUREVI,2020-11-29 15:00:00,6.6,89.8,15, , 
2020335N06090,2020,BUREVI,2020-11-29 18:00:00,6.9,89.1,20, , 
2020335N06090,2020,BUREVI,2020-11-29 21:00:00,7.2,88.4,18, , 
2020335N06090,2020,BUREVI,2020-11-30 00:00:00,7.5,87.8,15,20,20
2020335N06090,2020,BUREVI,2020-11-30 03:00:00,7.6,87.6,20,25,25
2020335N06090,2020,BUREVI,2020-11-30 06:00:00,7.6,87.4,25,25,25
2020335N06090,2020,BUREVI,2020-11-30 09:00:00,7.6,87.2,25, ,25
2020335N06090,2020,BUREVI,2020-11-30 12:00:00,7.5,87.1,25,25,25
2020335N06090,2020,BUREVI,2020-11-30 15:00:00,7.5,87.0,28, ,25
2020335N06090,2020,BUREVI,2020-11-30 18:00:00,7.5,86.8,30,25,25
2020335N06090,2020,BUREVI,2020-11-30 21:00:00,7.4,86.4,30, ,28
2020335N06090,2020,BUREVI,2020-12-01 00:00:00,7.4,86.1,30,30,30
2020335N06090,2020,BUREVI,2020-12-01 03:00:00,7.4,85.8,30,30,30
2020335N06090,2020,BUREVI,2020-12-01 06:00:00,7.5,85.4,30,30,30
2020335N06090,2020,BUREVI,2020-12-01 09:00:00,7.6,85.1,33, ,33
2020335N06090,2020,BUREVI,2020-12-01 12:00:00,7.7,84.9,35,35,35
2020335N06090,2020,BUREVI,2020-12-01 15:00:00,7.8,84.6,38,35,35
2020335N06090,2020,BUREVI,2020-12-01 18:00:00,8.0,84.3,40,35,35
2020335N06090,2020,BUREVI,2020-12-01 21:00:00,8.3,83.7,43,35,35
2020335N06090,2020,BUREVI,2020-12-02 00:00:00,8.5,83.3,45,40,40
2020335N06090,2020,BUREVI,2020-12-02 03:00:00,8.6,82.9,43,40,40
2020335N06090,2020,BUREVI,2020-12-02 06:00:00,8.7,82.6,40,45,45
2020335N06090,2020,BUREVI,2020-12-02 09:00:00,8.8,82.2,40,45,45
2020335N06090,2020,BUREVI,2020-12-02 12:00:00,8.8,81.9,40,45,45
2020335N06090,2020,BUREVI,2020-12-02 15:00:00,8.9,81.6,40,45,45
2020335N06090,2020,BUREVI,2020-12-02 18:00:00,9.0,81.2,40,45,45
2020335N06090,2020,BUREVI,2020-12-02 21:00:00,9.0,80.9,40,40,40
2020335N06090,2020,BUREVI,2020-12-03 00:00:00,9.0,80.5,40,40,40
2020335N06090,2020,BUREVI,2020-12-03 03:00:00,9.1,80.4,35,40,40
2020335N06090,2020,BUREVI,2020-12-03 06:00:00,9.3,80.1,30,40,40
2020335N06090,2020,BUREVI,2020-12-03 09:00:00,9.4,79.8,33,35,35
2020335N06090,2020,BUREVI,2020-12-03 12:00:00,9.4,79.6,35,30,30
2020335N06090,2020,BUREVI,2020-12-03 15:00:00,9.4,79.4,35,30,30
2020335N06090,2020,BUREVI,2020-12-03 18:00:00,9.3,79.3,35,30,30
2020335N06090,2020,BUREVI,2020-12-03 21:00:00,9.3,79.3,35,30,30
2020335N06090,2020,BUREVI,2020-12-04 00:00:00,9.2,79.3,35,30,30
2020335N06090,2020,BUREVI,2020-12-04 03:00:00,9.1,79.2,35,30,30
2020335N06090,2020,BUREVI,2020-12-04 06:00:00,9.2,79.3,35,30,30
2020335N06090,2020,BUREVI,2020-12-04 09:00:00,9.3,79.4,30, ,28
2020335N06090,2020,BUREVI,2020-12-04 12:00:00,9.4,79.4,25,25,25
2020335N06090,2020,BUREVI,2020-12-04 15:00:00,9.3,79.3,25, ,25
2020335N06090,2020,BUREVI,2020-12-04 18:00:00,9.2,79.2,25,25,25
2020335N06090,2020,BUREVI,2020-12-04 21:00:00,9.1,79.3,25, ,23
2020335N06090,2020,BUREVI,2020-12-05 00:00:00,9.1,79.4,25,20,20
2020335N06090,2020,BUREVI,2020-12-05 03:00:00,9.2,79.5,23,20,20
2020335N06090,2020,BUREVI,2020-12-05 06:00:00,9.5,80.1,20, , 
2020353N06129,2020,KROVANH,2020-12-17 12:00:00,5.8,129.0,15, , 
2020353N06129,2020,KROVANH,2020-12-17 15:00:00,6.2,128.4,15, , 
2020353N06129,2020,KROVANH,2020-12-17 18:00:00,6.5,127.8,15, , 
2020353N06129,2020,KROVANH,2020-12-17 21:00:00,6.7,127.4,18, , 
2020353N06129,2020,KROVANH,2020-12-18 00:00:00,7.1,127.2,20, , 
2020353N06129,2020,KROVANH,2020-12-18 03:00:00,7.6,126.7,15, , 
2020353N06129,2020,KROVANH,2020-12-18 06:00:00,8.1,126.1,10, , 
2020353N06129,2020,KROVANH,2020-12-18 09:00:00,8.6,125.2,10, , 
2020353N06129,2020,KROVANH,2020-12-18 12:00:00,8.9,124.3,10, , 
2020353N06129,2020,KROVANH,2020-12-18 15:00:00,8.9,123.3,15, , 
2020353N06129,2020,KROVANH,2020-12-18 18:00:00,8.8,122.4,20, , 
2020353N06129,2020,KROVANH,2020-12-18 21:00:00,8.8,121.6,20, , 
2020353N06129,2020,KROVANH,2020-12-19 00:00:00,8.9,121.0,20, , 
2020353N06129,2020,KROVANH,2020-12-19 03:00:00,9.0,120.4,20, , 
2020353N06129,2020,KROVANH,2020-12-19 06:00:00,9.2,119.8,20, , 
2020353N06129,2020,KROVANH,2020-12-19 09:00:00,9.5,119.1,23, , 
2020353N06129,2020,KROVANH,2020-12-19 12:00:00,9.7,118.4,25, , 
2020353N06129,2020,KROVANH,2020-12-19 15:00:00,9.7,117.6,23, , 
2020353N06129,2020,KROVANH,2020-12-19 18:00:00,9.8,116.9,20, , 
2020353N06129,2020,KROVANH,2020-12-19 21:00:00,9.9,116.2,23, , 
2020353N06129,2020,KROVANH,2020-12-20 00:00:00,10.0,115.6,25,35, 
2020353N06129,2020,KROVANH,2020-12-20 03:00:00,10.1,115.3,25, , 
2020353N06129,2020,KROVANH,2020-12-20 06:00:00,10.1,115.0,25,35, 
2020353N06129,2020,KROVANH,2020-12-20 09:00:00,10.0,114.7,25, , 
2020353N06129,2020,KROVANH,2020-12-20 12:00:00,9.9,114.4,25,35, 
2020353N06129,2020,KROVANH,2020-12-20 15:00:00,9.7,114.1,25, , 
2020353N06129,2020,KROVANH,2020-12-20 18:00:00,9.5,113.9,25,35, 
2020353N06129,2020,KROVANH,2020-12-20 21:00:00,9.3,113.7,23, , 
2020353N06129,2020,KROVANH,2020-12-21 00:00:00,9.2,113.4,20,35, 
2020353N06129,2020,KROVANH,2020-12-21 03:00:00,9.1,113.2,23, , 
2020353N06129,2020,KROVANH,2020-12-21 06:00:00,9.0,112.9,25,35, 
2020353N06129,2020,KROVANH,2020-12-21 09:00:00,8.9,112.6,25, , 
2020353N06129,2020,KROVANH,2020-12-21 12:00:00,8.8,112.3,25,35, 
2020353N06129,2020,KROVANH,2020-12-21 15:00:00,8.6,111.9,25, , 
2020353N06129,2020,KROVANH,2020-12-21 18:00:00,8.5,111.6,25,35, 
2020353N06129,2020,KROVANH,2020-12-21 21:00:00,8.2,111.3,25, , 
2020353N06129,2020,KROVANH,2020-12-22 00:00:00,7.9,111.0,25,35, 
2020353N06129,2020,KROVANH,2020-12-22 03:00:00,7.7,110.7,25, , 
2020353N06129,2020,KROVANH,2020-12-22 06:00:00,7.8,110.5,25, , 
2020353N06129,2020,KROVANH,2020-12-22 09:00:00,7.8,110.3,25, , 
2020353N06129,2020,KROVANH,2020-12-22 12:00:00,7.9,110.0,25, , 
2020353N06129,2020,KROVANH,2020-12-22 15:00:00,7.9,109.6,25, , 
2020353N06129,2020,KROVANH,2020-12-22 18:00:00,8.0,109.3,25, , 
2020353N06129,2020,KROVANH,2020-12-22 21:00:00,8.1,108.9,25, , 
2020353N06129,2020,KROVANH,2020-12-23 00:00:00,8.1,108.5,25, , 
2020353N06129,2020,KROVANH,2020-12-23 03:00:00,8.2,108.0,25, , 
2020353N06129,2020,KROVANH,2020-12-23 06:00:00,8.3,107.4,25, , 
2020353N06129,2020,KROVANH,2020-12-23 09:00:00,8.2,106.9,23, , 
2020353N06129,2020,KROVANH,2020-12-23 12:00:00,8.0,106.3,20, , 
2020353N06129,2020,KROVANH,2020-12-23 15:00:00,8.0,105.8,20, , 
2020353N06129,2020,KROVANH,2020-12-23 18:00:00,7.9,105.2,20, , 
2020353N06129,2020,KROVANH,2020-12-23 21:00:00,7.8,104.6,20, , 
2020353N06129,2020,KROVANH,2020-12-24 00:00:00,7.8,103.9,20, , 
2020353N06129,2020,KROVANH,2020-12-24 03:00:00,7.8,103.3,23, , 
2020353N06129,2020,KROVANH,2020-12-24 06:00:00,7.8,102.7,25, , 
2020353N06129,2020,KROVANH,2020-12-24 09:00:00,8.0,102.2,28, , 
2020353N06129,2020,KROVANH,2020-12-24 12:00:00,8.2,101.6,30, , 
2020353N06129,2020,KROVANH,2020-12-24 15:00:00,8.3,101.1,28, , 
2020353N06129,2020,KROVANH,2020-12-24 18:00:00,8.6,100.7,25, , 
2020353N06129,2020,KROVANH,2020-12-24 21:00:00,8.9,100.2,23, , 
2020353N06129,2020,KROVANH,2020-12-25 00:00:00,9.4,99.6,20, , 
2020353N06129,2020,KROVANH,2020-12-25 03:00:00,9.7,98.9,20, , 
2020353N06129,2020,KROVANH,2020-12-25 06:00:00,10.0,98.1,20, , 
2020353N06129,2020,KROVANH,2020-12-25 09:00:00,10.6,97.3,18, , 
2020353N06129,2020,KROVANH,2020-12-25 12:00:00,11.3,97.0,15, , 
2021092N11096,2021,UNNAMED,2021-04-02 00:00:00,11.0,96.3, ,25,25
2021092N11096,2021,UNNAMED,2021-04-02 03:00:00,11.0,96.3, ,25,25
2021092N11096,2021,UNNAMED,2021-04-02 06:00:00,11.2,96.4, ,25,25
2021092N11096,2021,UNNAMED,2021-04-02 09:00:00,11.5,96.6, , ,25
2021092N11096,2021,UNNAMED,2021-04-02 12:00:00,11.8,96.8, ,25,25
2021092N11096,2021,UNNAMED,2021-04-02 15:00:00,12.0,97.0, , ,25
2021092N11096,2021,UNNAMED,2021-04-02 18:00:00,12.3,97.2, ,25,25
2021092N11096,2021,UNNAMED,2021-04-02 21:00:00,12.7,97.4, , ,25
2021092N11096,2021,UNNAMED,2021-04-03 00:00:00,13.0,97.5, ,25,25
2021092N11096,2021,UNNAMED,2021-04-03 03:00:00,13.2,97.6, ,20,20
2021133N10071,2021,TAUKTAE,2021-05-13 06:00:00,10.0,70.9,20, , 
2021133N10071,2021,TAUKTAE,2021-05-13 09:00:00,10.1,71.1,23, , 
2021133N10071,2021,TAUKTAE,2021-05-13 12:00:00,10.2,71.3,25, , 
2021133N10071,2021,TAUKTAE,2021-05-13 15:00:00,10.3,71.4,25, , 
2021133N10071,2021,TAUKTAE,2021-05-13 18:00:00,10.5,71.5,25, , 
2021133N10071,2021,TAUKTAE,2021-05-13 21:00:00,10.7,71.6,28, , 
2021133N10071,2021,TAUKTAE,2021-05-14 00:00:00,10.9,71.8,30, , 
2021133N10071,2021,TAUKTAE,2021-05-14 03:00:00,11.0,72.0,33,25,25
2021133N10071,2021,TAUKTAE,2021-05-14 06:00:00,11.2,72.2,35,25,25
2021133N10071,2021,TAUKTAE,2021-05-14 09:00:00,11.5,72.4,38,30,30
2021133N10071,2021,TAUKTAE,2021-05-14 12:00:00,11.7,72.6,40,30,30
2021133N10071,2021,TAUKTAE,2021-05-14 15:00:00,12.0,72.7,43, ,33
2021133N10071,2021,TAUKTAE,2021-05-14 18:00:00,12.3,72.8,45,35,35
2021133N10071,2021,TAUKTAE,2021-05-14 21:00:00,12.4,72.8,48,40,40
2021133N10071,2021,TAUKTAE,2021-05-15 00:00:00,12.8,72.9,50,40,40
2021133N10071,2021,TAUKTAE,2021-05-15 03:00:00,13.0,72.9,53,40,40
2021133N10071,2021,TAUKTAE,2021-05-15 06:00:00,13.3,73.0,55,45,45
2021133N10071,2021,TAUKTAE,2021-05-15 09:00:00,13.6,73.0,60,45,45
2021133N10071,2021,TAUKTAE,2021-05-15 12:00:00,13.9,73.0,65,55,55
2021133N10071,2021,TAUKTAE,2021-05-15 15:00:00,14.2,72.9,68,55,55
2021133N10071,2021,TAUKTAE,2021-05-15 18:00:00,14.5,72.8,70,60,60
2021133N10071,2021,TAUKTAE,2021-05-15 21:00:00,14.7,72.8,75,60,60
2021133N10071,2021,TAUKTAE,2021-05-16 00:00:00,15.0,72.8,80,65,65
2021133N10071,2021,TAUKTAE,2021-05-16 03:00:00,15.4,72.8,85,70,70
2021133N10071,2021,TAUKTAE,2021-05-16 06:00:00,15.8,72.8,90,70,70
2021133N10071,2021,TAUKTAE,2021-05-16 09:00:00,16.3,72.7,95,70,70
2021133N10071,2021,TAUKTAE,2021-05-16 12:00:00,16.8,72.5,100,75,75
2021133N10071,2021,TAUKTAE,2021-05-16 15:00:00,17.3,72.3,108,80,80
2021133N10071,2021,TAUKTAE,2021-05-16 18:00:00,17.7,72.0,115,85,85
2021133N10071,2021,TAUKTAE,2021-05-16 21:00:00,18.0,71.8,118,90,90
2021133N10071,2021,TAUKTAE,2021-05-17 00:00:00,18.4,71.7,120,100,100
2021133N10071,2021,TAUKTAE,2021-05-17 03:00:00,18.8,71.6,120,100,100
2021133N10071,2021,TAUKTAE,2021-05-17 06:00:00,19.3,71.5,120,100,100
2021133N10071,2021,TAUKTAE,2021-05-17 09:00:00,19.6,71.4,110,100,100
2021133N10071,2021,TAUKTAE,2021-05-17 12:00:00,20.1,71.4,100,95,95
2021133N10071,2021,TAUKTAE,2021-05-17 15:00:00,20.5,71.3,115,90,90
2021133N10071,2021,TAUKTAE,2021-05-17 18:00:00,20.9,71.2,110,85,85
2021133N10071,2021,TAUKTAE,2021-05-17 21:00:00,21.2,71.2,100,75,75
2021133N10071,2021,TAUKTAE,2021-05-18 00:00:00,21.5,71.2,90,65,65
2021133N10071,2021,TAUKTAE,2021-05-18 03:00:00,21.7,71.3,80,55,55
2021133N10071,2021,TAUKTAE,2021-05-18 06:00:00,22.1,71.6,70,45,45
2021133N10071,2021,TAUKTAE,2021-05-18 09:00:00,22.6,71.7,63,40,40
2021133N10071,2021,TAUKTAE,2021-05-18 12:00:00,23.2,72.1,55,35,35
2021133N10071,2021,TAUKTAE,2021-05-18 15:00:00,23.7,72.5,50,30,30
2021133N10071,2021,TAUKTAE,2021-05-18 18:00:00,24.1,73.1,45,30,30
2021133N10071,2021,TAUKTAE,2021-05-18 21:00:00,24.4,73.4,38, ,28
2021133N10071,2021,TAUKTAE,2021-05-19 00:00:00,24.6,73.6,30,25,25
2021133N10071,2021,TAUKTAE,2021-05-19 03:00:00,24.9,73.7, ,20,20
2021133N10071,2021,TAUKTAE,2021-05-19 06:00:00,25.8,74.8, ,20,20
2021143N15090,2021,YAAS,2021-05-23 00:00:00,15.5,90.0,20, , 
2021143N15090,2021,YAAS,2021-05-23 03:00:00,15.4,89.9,23, , 
2021143N15090,2021,YAAS,2021-05-23 06:00:00,15.6,89.8,25,25,25
2021143N15090,2021,YAAS,2021-05-23 09:00:00,15.6,89.7,28, ,25
2021143N15090,2021,YAAS,2021-05-23 12:00:00,15.7,89.6,30,25,25
2021143N15090,2021,YAAS,2021-05-23 15:00:00,15.8,89.5,33, ,28
2021143N15090,2021,YAAS,2021-05-23 18:00:00,15.8,89.5,35,30,30
2021143N15090,2021,YAAS,2021-05-23 21:00:00,16.0,89.6,35, ,33
2021143N15090,2021,YAAS,2021-05-24 00:00:00,16.1,89.8,35,35,35
2021143N15090,2021,YAAS,2021-05-24 03:00:00,16.5,89.7,35,40,40
2021143N15090,2021,YAAS,2021-05-24 06:00:00,16.6,89.6,35,40,40
2021143N15090,2021,YAAS,2021-05-24 09:00:00,16.9,89.6,38,40,40
2021143N15090,2021,YAAS,2021-05-24 12:00:00,17.2,89.4,40,45,45
2021143N15090,2021,YAAS,2021-05-24 15:00:00,17.4,89.2,45,45,45
2021143N15090,2021,YAAS,2021-05-24 18:00:00,17.6,89.0,50,50,50
2021143N15090,2021,YAAS,2021-05-24 21:00:00,17.8,88.9,53,55,55
2021143N15090,2021,YAAS,2021-05-25 00:00:00,18.1,88.6,55,55,55
2021143N15090,2021,YAAS,2021-05-25 03:00:00,18.4,88.4,55,55,55
2021143N15090,2021,YAAS,2021-05-25 06:00:00,18.8,88.2,55,60,60
2021143N15090,2021,YAAS,2021-05-25 09:00:00,19.1,88.2,60,60,60
2021143N15090,2021,YAAS,2021-05-25 12:00:00,19.5,88.2,65,65,65
2021143N15090,2021,YAAS,2021-05-25 15:00:00,19.9,88.0,65,65,65
2021143N15090,2021,YAAS,2021-05-25 18:00:00,20.3,87.8,65,70,70
2021143N15090,2021,YAAS,2021-05-25 21:00:00,20.4,87.7,63,75,75
2021143N15090,2021,YAAS,2021-05-26 00:00:00,20.6,87.6,60,75,75
2021143N15090,2021,YAAS,2021-05-26 03:00:00,21.1,87.2,58,75,75
2021143N15090,2021,YAAS,2021-05-26 06:00:00,21.5,86.9,55,75,75
2021143N15090,2021,YAAS,2021-05-26 09:00:00,21.7,86.6,50,55,55
2021143N15090,2021,YAAS,2021-05-26 12:00:00,21.9,86.5,45,45,45
2021143N15090,2021,YAAS,2021-05-26 15:00:00,22.2,86.1,40,40,40
2021143N15090,2021,YAAS,2021-05-26 18:00:00,22.5,85.8,35,30,30
2021143N15090,2021,YAAS,2021-05-26 21:00:00,22.8,85.7,30, ,30
2021143N15090,2021,YAAS,2021-05-27 00:00:00,23.1,85.7,25,30,30
2021143N15090,2021,YAAS,2021-05-27 03:00:00,23.3,85.7,23,30,30
2021143N15090,2021,YAAS,2021-05-27 06:00:00,23.6,85.6,20,25,25
2021143N15090,2021,YAAS,2021-05-27 09:00:00,23.9,85.5, , ,25
2021143N15090,2021,YAAS,2021-05-27 12:00:00,24.3,85.3, ,25,25
2021143N15090,2021,YAAS,2021-05-27 15:00:00,24.5,85.1, , ,25
2021143N15090,2021,YAAS,2021-05-27 18:00:00,24.7,84.8, ,25,25
2021256N20087,2021,UNNAMED,2021-09-12 12:00:00,20.3,87.4, ,25,25
2021256N20087,2021,UNNAMED,2021-09-12 15:00:00,20.4,87.2, , ,25
2021256N20087,2021,UNNAMED,2021-09-12 18:00:00,20.4,87.1, ,25,25
2021256N20087,2021,UNNAMED,2021-09-12 21:00:00,20.5,87.1, , ,28
2021256N20087,2021,UNNAMED,2021-09-13 00:00:00,20.6,87.0, ,30,30
2021256N20087,2021,UNNAMED,2021-09-13 03:00:00,20.9,86.5, ,30,30
2021256N20087,2021,UNNAMED,2021-09-13 06:00:00,21.1,86.2, ,30,30
2021256N20087,2021,UNNAMED,2021-09-13 09:00:00,21.3,85.9, , ,30
2021256N20087,2021,UNNAMED,2021-09-13 12:00:00,21.4,85.5, ,30,30
2021256N20087,2021,UNNAMED,2021-09-13 15:00:00,21.5,85.2, , ,30
2021256N20087,2021,UNNAMED,2021-09-13 18:00:00,21.6,84.8, ,30,30
2021256N20087,2021,UNNAMED,2021-09-13 21:00:00,21.8,84.2, , ,30
2021256N20087,2021,UNNAMED,2021-09-14 00:00:00,22.0,83.6, ,30,30
2021256N20087,2021,UNNAMED,2021-09-14 03:00:00,22.1,83.4, ,25,25
2021256N20087,2021,UNNAMED,2021-09-14 06:00:00,22.4,83.0, ,25,25
2021256N20087,2021,UNNAMED,2021-09-14 09:00:00,22.6,82.7, , ,25
2021256N20087,2021,UNNAMED,2021-09-14 12:00:00,22.7,82.5, ,25,25
2021256N20087,2021,UNNAMED,2021-09-14 15:00:00,22.8,82.3, , ,25
2021256N20087,2021,UNNAMED,2021-09-14 18:00:00,23.0,82.0, ,25,25
2021264N13119,2021,DIANMU,2021-09-21 00:00:00,12.9,119.0,15, , 
2021264N13119,2021,DIANMU,2021-09-21 03:00:00,12.4,118.7,15, , 
2021264N13119,2021,DIANMU,2021-09-21 06:00:00,12.0,118.4,15, , 
2021264N13119,2021,DIANMU,2021-09-21 09:00:00,11.8,118.0,15, , 
2021264N13119,2021,DIANMU,2021-09-21 12:00:00,11.7,117.6,15, , 
2021264N13119,2021,DIANMU,2021-09-21 15:00:00,11.7,117.0,15, , 
2021264N13119,2021,DIANMU,2021-09-21 18:00:00,11.7,116.4,15, , 
2021264N13119,2021,DIANMU,2021-09-21 21:00:00,11.8,115.9,15, , 
2021264N13119,2021,DIANMU,2021-09-22 00:00:00,11.9,115.3,15, , 
2021264N13119,2021,DIANMU,2021-09-22 03:00:00,12.2,114.7,18, , 
2021264N13119,2021,DIANMU,2021-09-22 06:00:00,12.5,114.1,20, , 
2021264N13119,2021,DIANMU,2021-09-22 09:00:00,12.6,113.7,20, , 
2021264N13119,2021,DIANMU,2021-09-22 12:00:00,12.7,113.5,20, , 
2021264N13119,2021,DIANMU,2021-09-22 15:00:00,12.9,113.1,23, , 
2021264N13119,2021,DIANMU,2021-09-22 18:00:00,13.2,112.7,25, , 
2021264N13119,2021,DIANMU,2021-09-22 21:00:00,13.5,112.1,28, , 
2021264N13119,2021,DIANMU,2021-09-23 00:00:00,13.9,111.6,30, , 
2021264N13119,2021,DIANMU,2021-09-23 03:00:00,14.3,111.0,30, , 
2021264N13119,2021,DIANMU,2021-09-23 06:00:00,14.7,110.5,30,35, 
2021264N13119,2021,DIANMU,2021-09-23 09:00:00,15.1,109.9,33, , 
2021264N13119,2021,DIANMU,2021-09-23 12:00:00,15.3,109.3,35,35, 
2021264N13119,2021,DIANMU,2021-09-23 15:00:00,15.4,108.7,33, , 
2021264N13119,2021,DIANMU,2021-09-23 18:00:00,15.6,108.1,30, , 
2021264N13119,2021,DIANMU,2021-09-23 21:00:00,15.7,107.2,28, , 
2021264N13119,2021,DIANMU,2021-09-24 00:00:00,15.8,106.5,25, , 
2021264N13119,2021,DIANMU,2021-09-24 03:00:00,16.0,105.9,23, , 
2021264N13119,2021,DIANMU,2021-09-24 06:00:00,16.1,105.4,20, , 
2021264N13119,2021,DIANMU,2021-09-24 09:00:00,16.2,105.0,18, , 
2021264N13119,2021,DIANMU,2021-09-24 12:00:00,16.3,104.7,15, , 
2021264N13119,2021,DIANMU,2021-09-24 15:00:00,16.1,104.1, , , 
2021264N13119,2021,DIANMU,2021-09-24 18:00:00,16.0,103.5, , , 
2021264N13119,2021,DIANMU,2021-09-24 21:00:00,16.0,103.0, , , 
2021264N13119,2021,DIANMU,2021-09-25 00:00:00,16.0,102.6, , , 
2021264N13119,2021,DIANMU,2021-09-25 03:00:00,16.0,102.1, , , 
2021264N13119,2021,DIANMU,2021-09-25 06:00:00,16.0,101.6, , , 
2021264N13119,2021,DIANMU,2021-09-25 09:00:00,16.0,101.2, , , 
2021264N13119,2021,DIANMU,2021-09-25 12:00:00,16.1,101.0, , , 
2021264N13119,2021,DIANMU,2021-09-25 15:00:00,16.1,100.7, , , 
2021264N13119,2021,DIANMU,2021-09-25 18:00:00,16.1,100.4, , , 
2021264N13119,2021,DIANMU,2021-09-25 21:00:00,16.1,99.9, , , 
2021264N13119,2021,DIANMU,2021-09-26 00:00:00,16.1,99.5, , , 
2021267N18094,2021,GULAB:SHAHEEN-GU,2021-09-23 18:00:00,18.4,94.1,25, , 
2021267N18094,2021,GULAB:SHAHEEN-GU,2021-09-23 21:00:00,18.2,93.7,28, , 
2021267N18094,2021,GULAB:SHAHEEN-GU,2021-09-24 00:00:00,18.1,93.3,30, , 
2021267N18094,2021,GULAB:SHAHEEN-GU,2021-09-24 03:00:00,18.2,92.9,30, , 
2021267N18094,2021,GULAB:SHAHEEN-GU,2021-09-24 06:00:00,18.3,92.4,30, , 
2021267N18094,2021,GULAB:SHAHEEN-GU,2021-09-24 09:00:00,18.3,91.9,30, , 
2021267N18094,2021,GULAB:SHAHEEN-GU,2021-09-24 12:00:00,18.3,91.4,30,25,25
2021267N18094,2021,GULAB:SHAHEEN-GU,2021-09-24 15:00:00,18.3,90.9,30, ,25
2021267N18094,2021,GULAB:SHAHEEN-GU,2021-09-24 18:00:00,18.3,90.5,30,25,25
2021267N18094,2021,GULAB:SHAHEEN-GU,2021-09-24 21:00:00,18.3,90.1,33, ,28
2021267N18094,2021,GULAB:SHAHEEN-GU,2021-09-25 00:00:00,18.3,89.8,35,30,30
2021267N18094,2021,GULAB:SHAHEEN-GU,2021-09-25 03:00:00,18.3,89.4,35,30,30
2021267N18094,2021,GULAB:SHAHEEN-GU,2021-09-25 06:00:00,18.3,88.9,35,30,30
2021267N18094,2021,GULAB:SHAHEEN-GU,2021-09-25 09:00:00,18.3,88.6,38, ,33
2021267N18094,2021,GULAB:SHAHEEN-GU,2021-09-25 12:00:00,18.3,88.5,40,35,35
2021267N18094,2021,GULAB:SHAHEEN-GU,2021-09-25 15:00:00,18.2,88.4,40,35,35
2021267N18094,2021,GULAB:SHAHEEN-GU,2021-09-25 18:00:00,18.3,88.2,40,35,35
2021267N18094,2021,GULAB:SHAHEEN-GU,2021-09-25 21:00:00,18.3,87.7,38,35,35
2021267N18094,2021,GULAB:SHAHEEN-GU,2021-09-26 00:00:00,18.3,87.3,35,40,40
2021267N18094,2021,GULAB:SHAHEEN-GU,2021-09-26 03:00:00,18.4,86.5,35,40,40
2021267N18094,2021,GULAB:SHAHEEN-GU,2021-09-26 06:00:00,18.5,86.0,35,45,45
2021267N18094,2021,GULAB:SHAHEEN-GU,2021-09-26 09:00:00,18.4,85.3,38,45,45
2021267N18094,2021,GULAB:SHAHEEN-GU,2021-09-26 12:00:00,18.4,84.6,40,45,45
2021267N18094,2021,GULAB:SHAHEEN-GU,2021-09-26 15:00:00,18.3,83.9,38,45,45
2021267N18094,2021,GULAB:SHAHEEN-GU,2021-09-26 18:00:00,18.3,83.4,35,35,35
2021267N18094,2021,GULAB:SHAHEEN-GU,2021-09-26 21:00:00,18.2,82.9,33,30,30
2021267N18094,2021,GULAB:SHAHEEN-GU,2021-09-27 00:00:00,18.2,82.6,30,30,30
2021267N18094,2021,GULAB:SHAHEEN-GU,2021-09-27 03:00:00,18.2,82.2,28,30,30
2021267N18094,2021,GULAB:SHAHEEN-GU,2021-09-27 06:00:00,18.5,81.7,25,30,30
2021267N18094,2021,GULAB:SHAHEEN-GU,2021-09-27 09:00:00,18.6,80.8,23, ,28
2021267N18094,2021,GULAB:SHAHEEN-GU,2021-09-27 12:00:00,18.8,80.0,20,25,25
2021267N18094,2021,GULAB:SHAHEEN-GU,2021-09-27 15:00:00,18.9,79.5,20, ,25
2021267N18094,2021,GULAB:SHAHEEN-GU,2021-09-27 18:00:00,19.1,79.2,20,25,25
2021267N18094,2021,GULAB:SHAHEEN-GU,2021-09-27 21:00:00,19.2,78.8,18, ,25
2021267N18094,2021,GULAB:SHAHEEN-GU,2021-09-28 00:00:00,19.5,78.3,15,25,25
2021267N18094,2021,GULAB:SHAHEEN-GU,2021-09-28 03:00:00,19.8,77.8,15,20,20
2021267N18094,2021,GULAB:SHAHEEN-GU,2021-09-28 06:00:00,20.1,77.5,15, , 
2021267N18094,2021,GULAB:SHAHEEN-GU,2021-09-28 09:00:00,20.3,77.0,15, , 
2021267N18094,2021,GULAB:SHAHEEN-GU,2021-09-28 12:00:00,20.5,76.5,15, , 
2021267N18094,2021,GULAB:SHAHEEN-GU,2021-09-28 15:00:00,20.7,75.9,15, , 
2021267N18094,2021,GULAB:SHAHEEN-GU,2021-09-28 18:00:00,20.9,75.3,15, , 
2021267N18094,2021,GULAB:SHAHEEN-GU,2021-09-28 21:00:00,21.2,74.7,18, , 
2021267N18094,2021,GULAB:SHAHEEN-GU,2021-09-29 00:00:00,21.5,74.1,20, , 
2021267N18094,2021,GULAB:SHAHEEN-GU,2021-09-29 03:00:00,21.9,73.3,23, , 
2021267N18094,2021,GULAB:SHAHEEN-GU,2021-09-29 06:00:00,22.2,72.6,25, , 
2021267N18094,2021,GULAB:SHAHEEN-GU,2021-09-29 09:00:00,22.4,72.0,25, , 
2021267N18094,2021,GULAB:SHAHEEN-GU,2021-09-29 12:00:00,22.6,71.5,25, , 
2021267N18094,2021,GULAB:SHAHEEN-GU,2021-09-29 15:00:00,22.7,70.8,25, , 
2021267N18094,2021,GULAB:SHAHEEN-GU,2021-09-29 18:00:00,22.7,70.1,25, , 
2021267N18094,2021,GULAB:SHAHEEN-GU,2021-09-29 21:00:00,22.7,69.6,28, , 
2021267N18094,2021,GULAB:SHAHEEN-GU,2021-09-30 00:00:00,22.6,69.3,30,25,25
2021267N18094,2021,GULAB:SHAHEEN-GU,2021-09-30 03:00:00,22.6,68.7,30,25,25
2021267N18094,2021,GULAB:SHAHEEN-GU,2021-09-30 06:00:00,22.6,68.3,30,25,25
2021267N18094,2021,GULAB:SHAHEEN-GU,2021-09-30 09:00:00,22.8,67.7,30, ,25
2021267N18094,2021,GULAB:SHAHEEN-GU,2021-09-30 12:00:00,22.9,67.2,30,25,25
2021267N18094,2021,GULAB:SHAHEEN-GU,2021-09-30 15:00:00,22.9,66.8,33, ,28
2021267N18094,2021,GULAB:SHAHEEN-GU,2021-09-30 18:00:00,23.0,66.4,35,30,30
2021267N18094,2021,GULAB:SHAHEEN-GU,2021-09-30 21:00:00,23.0,65.9,38, ,33
2021267N18094,2021,GULAB:SHAHEEN-GU,2021-10-01 00:00:00,23.1,65.4,40,35,35
2021267N18094,2021,GULAB:SHAHEEN-GU,2021-10-01 03:00:00,23.1,64.9,45,40,40
2021267N18094,2021,GULAB:SHAHEEN-GU,2021-10-01 06:00:00,23.2,64.6,50,45,45
2021267N18094,2021,GULAB:SHAHEEN-GU,2021-10-01 09:00:00,23.3,64.2,53,45,45
2021267N18094,2021,GULAB:SHAHEEN-GU,2021-10-01 12:00:00,23.5,63.9,55,55,55
2021267N18094,2021,GULAB:SHAHEEN-GU,2021-10-01 15:00:00,23.6,63.5,55,55,55
2021267N18094,2021,GULAB:SHAHEEN-GU,2021-10-01 18:00:00,23.7,63.2,55,60,60
2021267N18094,2021,GULAB:SHAHEEN-GU,2021-10-01 21:00:00,23.8,62.8,58,60,60
2021267N18094,2021,GULAB:SHAHEEN-GU,2021-10-02 00:00:00,23.8,62.5,60,60,60
2021267N18094,2021,GULAB:SHAHEEN-GU,2021-10-02 03:00:00,24.0,62.1,63,60,60
2021267N18094,2021,GULAB:SHAHEEN-GU,2021-10-02 06:00:00,24.1,61.7,65,60,60
2021267N18094,2021,GULAB:SHAHEEN-GU,2021-10-02 09:00:00,24.2,61.3,65,60,60
2021267N18094,2021,GULAB:SHAHEEN-GU,2021-10-02 12:00:00,24.4,60.9,65,60,60
2021267N18094,2021,GULAB:SHAHEEN-GU,2021-10-02 15:00:00,24.4,60.5,68,60,60
2021267N18094,2021,GULAB:SHAHEEN-GU,2021-10-02 18:00:00,24.3,60.1,70,60,60
2021267N18094,2021,GULAB:SHAHEEN-GU,2021-10-02 21:00:00,24.3,59.7,68,60,60
2021267N18094,2021,GULAB:SHAHEEN-GU,2021-10-03 00:00:00,24.2,59.5,65,60,60
2021267N18094,2021,GULAB:SHAHEEN-GU,2021-10-03 03:00:00,24.1,59.1,68,60,60
2021267N18094,2021,GULAB:SHAHEEN-GU,2021-10-03 06:00:00,24.1,58.8,70,60,60
2021267N18094,2021,GULAB:SHAHEEN-GU,2021-10-03 09:00:00,24.1,58.4,65,60,60
2021267N18094,2021,GULAB:SHAHEEN-GU,2021-10-03 12:00:00,24.0,58.1,60,60,60
2021267N18094,2021,GULAB:SHAHEEN-GU,2021-10-03 15:00:00,24.0,57.8,58,60,60
2021267N18094,2021,GULAB:SHAHEEN-GU,2021-10-03 18:00:00,23.9,57.6,55,55,55
2021267N18094,2021,GULAB:SHAHEEN-GU,2021-10-03 21:00:00,23.8,57.3,45,55,55
2021267N18094,2021,GULAB:SHAHEEN-GU,2021-10-04 00:00:00,23.7,56.9,35,40,40
2021267N18094,2021,GULAB:SHAHEEN-GU,2021-10-04 03:00:00,23.5,56.5,30,30,30
2021267N18094,2021,GULAB:SHAHEEN-GU,2021-10-04 06:00:00,23.4,56.1,25,20,20
2021280N14068,2021,UNNAMED,2021-10-07 03:00:00,14.0,67.5, ,25,25
2021280N14068,2021,UNNAMED,2021-10-07 06:00:00,14.2,67.2, ,25,25
2021280N14068,2021,UNNAMED,2021-10-07 09:00:00,14.3,67.1, , ,25
2021280N14068,2021,UNNAMED,2021-10-07 12:00:00,14.3,67.0, ,25,25
2021280N14068,2021,UNNAMED,2021-10-07 15:00:00,14.4,66.9, , ,25
2021280N14068,2021,UNNAMED,2021-10-07 18:00:00,14.5,66.8, ,25,25
2021280N14068,2021,UNNAMED,2021-10-07 21:00:00,14.5,66.7, , ,25
2021280N14068,2021,UNNAMED,2021-10-08 00:00:00,14.6,66.6, ,25,25
2021280N14068,2021,UNNAMED,2021-10-08 03:00:00,14.7,66.4, ,25,25
2021280N14068,2021,UNNAMED,2021-10-08 06:00:00,14.7,66.2, ,25,25
2021280N14068,2021,UNNAMED,2021-10-08 09:00:00,14.7,66.0, , ,25
2021280N14068,2021,UNNAMED,2021-10-08 12:00:00,14.6,65.9, ,25,25
2021280N14068,2021,UNNAMED,2021-10-08 15:00:00,14.5,65.8, , ,25
2021280N14068,2021,UNNAMED,2021-10-08 18:00:00,14.5,65.8, ,25,25
2021312N07090,2021,UNNAMED,2021-11-08 06:00:00,7.4,90.1,15, , 
2021312N07090,2021,UNNAMED,2021-11-08 09:00:00,7.7,89.8,15, , 
2021312N07090,2021,UNNAMED,2021-11-08 12:00:00,8.0,89.4,15, , 
2021312N07090,2021,UNNAMED,2021-11-08 15:00:00,8.1,89.0,15, , 
2021312N07090,2021,UNNAMED,2021-11-08 18:00:00,8.2,88.6,15, , 
2021312N07090,2021,UNNAMED,2021-11-08 21:00:00,8.4,88.2,15, , 
2021312N07090,2021,UNNAMED,2021-11-09 00:00:00,8.5,87.9,15, , 
2021312N07090,2021,UNNAMED,2021-11-09 03:00:00,8.6,87.8,15, , 
2021312N07090,2021,UNNAMED,2021-11-09 06:00:00,8.7,87.8,15, , 
2021312N07090,2021,UNNAMED,2021-11-09 09:00:00,8.8,87.7,18, , 
2021312N07090,2021,UNNAMED,2021-11-09 12:00:00,9.0,87.5,20, , 
2021312N07090,2021,UNNAMED,2021-11-09 15:00:00,9.3,87.3,20, , 
2021312N07090,2021,UNNAMED,2021-11-09 18:00:00,9.6,86.9,20, , 
2021312N07090,2021,UNNAMED,2021-11-09 21:00:00,9.8,86.5,20, , 
2021312N07090,2021,UNNAMED,2021-11-10 00:00:00,9.9,85.9,20, , 
2021312N07090,2021,UNNAMED,2021-11-10 03:00:00,10.1,85.1,20, , 
2021312N07090,2021,UNNAMED,2021-11-10 06:00:00,10.3,84.2,20, , 
2021312N07090,2021,UNNAMED,2021-11-10 09:00:00,10.5,83.5,23, , 
2021312N07090,2021,UNNAMED,2021-11-10 12:00:00,10.8,83.1,25,25,25
2021312N07090,2021,UNNAMED,2021-11-10 15:00:00,11.4,82.6,28, ,25
2021312N07090,2021,UNNAMED,2021-11-10 18:00:00,11.9,82.1,30,25,25
2021312N07090,2021,UNNAMED,2021-11-10 21:00:00,12.1,81.8,30, ,25
2021312N07090,2021,UNNAMED,2021-11-11 00:00:00,12.3,81.6,30,25,25
2021312N07090,2021,UNNAMED,2021-11-11 03:00:00,12.5,81.2,35,25,25
2021312N07090,2021,UNNAMED,2021-11-11 06:00:00,12.8,80.8,40,25,25
2021312N07090,2021,UNNAMED,2021-11-11 09:00:00,12.9,80.4,35, ,25
2021312N07090,2021,UNNAMED,2021-11-11 12:00:00,13.0,80.1,30,25,25
2021312N07090,2021,UNNAMED,2021-11-11 15:00:00,12.9,79.4,28, ,23
2021312N07090,2021,UNNAMED,2021-11-11 18:00:00,12.9,78.5,25,20,20
2021322N11082,2021,UNNAMED,2021-11-18 03:00:00,11.0,82.3, ,25,25
2021322N11082,2021,UNNAMED,2021-11-18 06:00:00,11.2,81.7, ,25,25
2021322N11082,2021,UNNAMED,2021-11-18 09:00:00,11.5,81.2, , ,25
2021322N11082,2021,UNNAMED,2021-11-18 12:00:00,11.8,80.9, ,25,25
2021322N11082,2021,UNNAMED,2021-11-18 15:00:00,12.0,80.7, , ,25
2021322N11082,2021,UNNAMED,2021-11-18 18:00:00,12.2,80.5, ,25,25
2021322N11082,2021,UNNAMED,2021-11-18 21:00:00,12.3,80.3, , ,25
2021322N11082,2021,UNNAMED,2021-11-19 00:00:00,12.5,80.0, ,25,25
2021322N11082,2021,UNNAMED,2021-11-19 03:00:00,12.7,79.7, ,20,20
2021335N08096,2021,JAWAD,2021-11-30 18:00:00,8.4,96.3,20, , 
2021335N08096,2021,JAWAD,2021-11-30 21:00:00,8.0,96.1,20, , 
2021335N08096,2021,JAWAD,2021-12-01 00:00:00,7.8,95.7,20, , 
2021335N08096,2021,JAWAD,2021-12-01 03:00:00,7.8,94.9,20, , 
2021335N08096,2021,JAWAD,2021-12-01 06:00:00,8.0,94.0,20, , 
2021335N08096,2021,JAWAD,2021-12-01 09:00:00,8.1,93.4,20, , 
2021335N08096,2021,JAWAD,2021-12-01 12:00:00,8.2,92.9,20, , 
2021335N08096,2021,JAWAD,2021-12-01 15:00:00,8.5,92.3,23, , 
2021335N08096,2021,JAWAD,2021-12-01 18:00:00,8.9,91.8,25, , 
2021335N08096,2021,JAWAD,2021-12-01 21:00:00,9.2,91.3,25, , 
2021335N08096,2021,JAWAD,2021-12-02 00:00:00,9.6,90.8,25, , 
2021335N08096,2021,JAWAD,2021-12-02 03:00:00,10.0,90.1,25, , 
2021335N08096,2021,JAWAD,2021-12-02 06:00:00,10.5,89.3,25, , 
2021335N08096,2021,JAWAD,2021-12-02 09:00:00,11.0,88.7,25, , 
2021335N08096,2021,JAWAD,2021-12-02 12:00:00,11.4,88.4,25,25,25
2021335N08096,2021,JAWAD,2021-12-02 15:00:00,11.8,87.9,28, ,25
2021335N08096,2021,JAWAD,2021-12-02 18:00:00,12.2,87.3,30,25,25
2021335N08096,2021,JAWAD,2021-12-02 21:00:00,12.9,86.7,33, ,28
2021335N08096,2021,JAWAD,2021-12-03 00:00:00,13.6,86.2,35,30,30
2021335N08096,2021,JAWAD,2021-12-03 03:00:00,14.0,85.9,35,30,30
2021335N08096,2021,JAWAD,2021-12-03 06:00:00,14.4,85.6,35,35,35
2021335N08096,2021,JAWAD,2021-12-03 09:00:00,14.7,85.3,35,35,35
2021335N08096,2021,JAWAD,2021-12-03 12:00:00,15.0,85.1,35,40,40
2021335N08096,2021,JAWAD,2021-12-03 15:00:00,15.2,85.0,35,40,40
2021335N08096,2021,JAWAD,2021-12-03 18:00:00,15.5,84.9,35,40,40
2021335N08096,2021,JAWAD,2021-12-03 21:00:00,15.7,84.9,35,40,40
2021335N08096,2021,JAWAD,2021-12-04 00:00:00,16.0,84.8,35,40,40
2021335N08096,2021,JAWAD,2021-12-04 03:00:00,16.2,84.8,35,40,40
2021335N08096,2021,JAWAD,2021-12-04 06:00:00,16.3,84.9,35,35,35
2021335N08096,2021,JAWAD,2021-12-04 09:00:00,16.5,84.9,35,35,35
2021335N08096,2021,JAWAD,2021-12-04 12:00:00,16.8,85.1,35,30,30
2021335N08096,2021,JAWAD,2021-12-04 15:00:00,17.1,85.1,33, ,30
2021335N08096,2021,JAWAD,2021-12-04 18:00:00,17.3,85.3,30,30,30
2021335N08096,2021,JAWAD,2021-12-04 21:00:00,17.4,85.4,30, ,30
2021335N08096,2021,JAWAD,2021-12-05 00:00:00,17.7,85.7,30,30,30
2021335N08096,2021,JAWAD,2021-12-05 03:00:00,18.3,85.8,28,30,30
2021335N08096,2021,JAWAD,2021-12-05 06:00:00,18.7,86.1,25,30,30
2021335N08096,2021,JAWAD,2021-12-05 09:00:00,19.0,86.3,23,25,25
2021335N08096,2021,JAWAD,2021-12-05 12:00:00,19.5,86.7,20,25,25
2021335N08096,2021,JAWAD,2021-12-05 15:00:00,20.0,87.0,20, ,25
2021335N08096,2021,JAWAD,2021-12-05 18:00:00,20.7,87.2,20,25,25
2021335N08096,2021,JAWAD,2021-12-05 21:00:00,21.2,87.4,18, , 
2021335N08096,2021,JAWAD,2021-12-06 00:00:00,21.5,87.7,15, , 
2021335N08096,2021,JAWAD,2021-12-06 03:00:00,21.9,88.1,13, , 
2021335N08096,2021,JAWAD,2021-12-06 06:00:00,22.3,88.5,10, , 
2022062N06085,2022,UNNAMED,2022-03-03 00:00:00,6.5,84.9,25,25,25
2022062N06085,2022,UNNAMED,2022-03-03 03:00:00,6.5,84.4,25,25,25
2022062N06085,2022,UNNAMED,2022-03-03 06:00:00,6.8,84.0,25,25,25
2022062N06085,2022,UNNAMED,2022-03-03 09:00:00,7.2,83.8,25, ,25
2022062N06085,2022,UNNAMED,2022-03-03 12:00:00,7.7,83.7,25,25,25
2022062N06085,2022,UNNAMED,2022-03-03 15:00:00,8.0,83.5,25, ,25
2022062N06085,2022,UNNAMED,2022-03-03 18:00:00,8.2,83.4,25,25,25
2022062N06085,2022,UNNAMED,2022-03-03 21:00:00,8.4,83.2,25, ,25
2022062N06085,2022,UNNAMED,2022-03-04 00:00:00,8.7,83.2,25,25,25
2022062N06085,2022,UNNAMED,2022-03-04 03:00:00,9.1,83.1,25,25,25
2022062N06085,2022,UNNAMED,2022-03-04 06:00:00,9.5,83.1,25,25,25
2022062N06085,2022,UNNAMED,2022-03-04 09:00:00,9.9,83.1,28, ,28
2022062N06085,2022,UNNAMED,2022-03-04 12:00:00,10.3,83.2,30,30,30
2022062N06085,2022,UNNAMED,2022-03-04 15:00:00,10.6,83.3,33, ,30
2022062N06085,2022,UNNAMED,2022-03-04 18:00:00,10.9,83.4,35,30,30
2022062N06085,2022,UNNAMED,2022-03-04 21:00:00,11.1,83.3,35, ,30
2022062N06085,2022,UNNAMED,2022-03-05 00:00:00,11.3,83.3,35,30,30
2022062N06085,2022,UNNAMED,2022-03-05 03:00:00,11.5,83.2,35,30,30
2022062N06085,2022,UNNAMED,2022-03-05 06:00:00,11.6,83.1,35,30,30
2022062N06085,2022,UNNAMED,2022-03-05 09:00:00,11.6,83.1,38, ,30
2022062N06085,2022,UNNAMED,2022-03-05 12:00:00,11.5,83.0,40,30,30
2022062N06085,2022,UNNAMED,2022-03-05 15:00:00,11.4,82.8,35, ,28
2022062N06085,2022,UNNAMED,2022-03-05 18:00:00,11.3,82.7,30,25,25
2022062N06085,2022,UNNAMED,2022-03-05 21:00:00,11.1,82.6,28, ,25
2022062N06085,2022,UNNAMED,2022-03-06 00:00:00,11.0,82.4,25,25,25
2022062N06085,2022,UNNAMED,2022-03-06 03:00:00,10.9,82.1,25, , 
2022062N06085,2022,UNNAMED,2022-03-06 06:00:00,10.9,81.8,25, , 
2022062N06085,2022,UNNAMED,2022-03-06 09:00:00,10.9,81.4,23, , 
2022062N06085,2022,UNNAMED,2022-03-06 12:00:00,10.8,81.0,20, , 
2022062N06085,2022,UNNAMED,2022-03-06 15:00:00,10.8,80.6,20, , 
2022062N06085,2022,UNNAMED,2022-03-06 18:00:00,10.7,80.3,20, , 
2022079N10093,2022,UNNAMED,2022-03-20 00:00:00,9.8,92.5, ,25,25
2022079N10093,2022,UNNAMED,2022-03-20 03:00:00,10.1,92.6, ,25,25
2022079N10093,2022,UNNAMED,2022-03-20 06:00:00,10.4,92.9, ,25,25
2022079N10093,2022,UNNAMED,2022-03-20 09:00:00,10.7,93.1, , ,25
2022079N10093,2022,UNNAMED,2022-03-20 12:00:00,10.9,93.2, ,25,25
2022079N10093,2022,UNNAMED,2022-03-20 15:00:00,11.1,93.3, , ,25
2022079N10093,2022,UNNAMED,2022-03-20 18:00:00,11.3,93.4, ,25,25
2022079N10093,2022,UNNAMED,2022-03-20 21:00:00,11.6,93.6, , ,28
2022079N10093,2022,UNNAMED,2022-03-21 00:00:00,11.9,93.7, ,30,30
2022079N10093,2022,UNNAMED,2022-03-21 03:00:00,12.3,93.8, ,30,30
2022079N10093,2022,UNNAMED,2022-03-21 06:00:00,12.6,93.9, ,30,30
2022079N10093,2022,UNNAMED,2022-03-21 09:00:00,12.9,94.0, , ,30
2022079N10093,2022,UNNAMED,2022-03-21 12:00:00,13.3,94.0, ,30,30
2022079N10093,2022,UNNAMED,2022-03-21 15:00:00,13.6,94.0, , ,30
2022079N10093,2022,UNNAMED,2022-03-21 18:00:00,14.0,94.0, ,30,30
2022079N10093,2022,UNNAMED,2022-03-21 21:00:00,14.5,94.1, , ,30
2022079N10093,2022,UNNAMED,2022-03-22 00:00:00,14.9,94.2, ,30,30
2022079N10093,2022,UNNAMED,2022-03-22 03:00:00,15.2,94.2, ,30,30
2022079N10093,2022,UNNAMED,2022-03-22 06:00:00,15.8,94.2, ,30,30
2022079N10093,2022,UNNAMED,2022-03-22 09:00:00,16.3,94.3, ,30,30
2022079N10093,2022,UNNAMED,2022-03-22 12:00:00,16.6,94.4, ,25,25
2022079N10093,2022,UNNAMED,2022-03-22 15:00:00,17.0,94.5, , ,25
2022079N10093,2022,UNNAMED,2022-03-22 18:00:00,17.6,94.5, ,25,25
2022079N10093,2022,UNNAMED,2022-03-22 21:00:00,18.3,94.5, , ,23
2022079N10093,2022,UNNAMED,2022-03-23 00:00:00,19.0,94.6, ,20,20
2022126N07095,2022,ASANI,2022-05-05 12:00:00,7.1,94.5,15, , 
2022126N07095,2022,ASANI,2022-05-05 15:00:00,7.2,94.2,15, , 
2022126N07095,2022,ASANI,2022-05-05 18:00:00,7.4,94.0,15, , 
2022126N07095,2022,ASANI,2022-05-05 21:00:00,7.6,93.8,18, , 
2022126N07095,2022,ASANI,2022-05-06 00:00:00,7.7,93.6,20, , 
2022126N07095,2022,ASANI,2022-05-06 03:00:00,7.8,93.4,20, , 
2022126N07095,2022,ASANI,2022-05-06 06:00:00,7.9,93.3,20, , 
2022126N07095,2022,ASANI,2022-05-06 09:00:00,8.0,93.1,23, , 
2022126N07095,2022,ASANI,2022-05-06 12:00:00,8.2,92.9,25, , 
2022126N07095,2022,ASANI,2022-05-06 15:00:00,8.3,92.7,28, , 
2022126N07095,2022,ASANI,2022-05-06 18:00:00,8.5,92.4,30, , 
2022126N07095,2022,ASANI,2022-05-06 21:00:00,8.9,91.9,33, , 
2022126N07095,2022,ASANI,2022-05-07 00:00:00,9.2,91.5,35, , 
2022126N07095,2022,ASANI,2022-05-07 03:00:00,9.3,91.3,38, , 
2022126N07095,2022,ASANI,2022-05-07 06:00:00,9.4,91.2,40,25,25
2022126N07095,2022,ASANI,2022-05-07 09:00:00,9.7,90.8,45, ,28
2022126N07095,2022,ASANI,2022-05-07 12:00:00,10.1,90.5,50,30,30
2022126N07095,2022,ASANI,2022-05-07 15:00:00,10.4,90.2,50, ,30
2022126N07095,2022,ASANI,2022-05-07 18:00:00,10.7,90.0,50,30,30
2022126N07095,2022,ASANI,2022-05-07 21:00:00,10.9,89.6,55, ,33
2022126N07095,2022,ASANI,2022-05-08 00:00:00,11.2,89.3,60,35,35
2022126N07095,2022,ASANI,2022-05-08 03:00:00,11.5,88.9,63,40,40
2022126N07095,2022,ASANI,2022-05-08 06:00:00,11.9,88.6,65,45,45
2022126N07095,2022,ASANI,2022-05-08 09:00:00,12.1,88.2,63,45,45
2022126N07095,2022,ASANI,2022-05-08 12:00:00,12.5,88.0,60,50,50
2022126N07095,2022,ASANI,2022-05-08 15:00:00,12.8,87.6,60,50,50
2022126N07095,2022,ASANI,2022-05-08 18:00:00,13.1,87.4,60,55,55
2022126N07095,2022,ASANI,2022-05-08 21:00:00,13.5,86.9,60,55,55
2022126N07095,2022,ASANI,2022-05-09 00:00:00,13.8,86.5,60,55,55
2022126N07095,2022,ASANI,2022-05-09 03:00:00,14.0,86.2,58,55,55
2022126N07095,2022,ASANI,2022-05-09 06:00:00,14.3,85.9,55,55,55
2022126N07095,2022,ASANI,2022-05-09 09:00:00,14.4,85.6,55,55,55
2022126N07095,2022,ASANI,2022-05-09 12:00:00,14.6,85.3,55,55,55
2022126N07095,2022,ASANI,2022-05-09 15:00:00,14.7,85.0,58,55,55
2022126N07095,2022,ASANI,2022-05-09 18:00:00,14.8,84.7,60,55,55
2022126N07095,2022,ASANI,2022-05-09 21:00:00,14.9,84.4,63,55,55
2022126N07095,2022,ASANI,2022-05-10 00:00:00,15.0,84.1,65,55,55
2022126N07095,2022,ASANI,2022-05-10 03:00:00,15.1,83.6,65,55,55
2022126N07095,2022,ASANI,2022-05-10 06:00:00,15.2,83.3,65,55,55
2022126N07095,2022,ASANI,2022-05-10 09:00:00,15.2,82.9,60,55,55
2022126N07095,2022,ASANI,2022-05-10 12:00:00,15.4,82.6,55,50,50
2022126N07095,2022,ASANI,2022-05-10 15:00:00,15.4,82.2,50,50,50
2022126N07095,2022,ASANI,2022-05-10 18:00:00,15.6,82.0,45,50,50
2022126N07095,2022,ASANI,2022-05-10 21:00:00,15.7,81.8,43,45,45
2022126N07095,2022,ASANI,2022-05-11 00:00:00,15.8,81.7,40,45,45
2022126N07095,2022,ASANI,2022-05-11 03:00:00,15.9,81.6,40,45,45
2022126N07095,2022,ASANI,2022-05-11 06:00:00,16.0,81.5,40,40,40
2022126N07095,2022,ASANI,2022-05-11 09:00:00,16.0,81.4,38,40,40
2022126N07095,2022,ASANI,2022-05-11 12:00:00,16.1,81.3,35,30,30
2022126N07095,2022,ASANI,2022-05-11 15:00:00,16.0,81.1,30,30,30
2022126N07095,2022,ASANI,2022-05-11 18:00:00,15.9,80.9,25,30,30
2022126N07095,2022,ASANI,2022-05-11 21:00:00,15.8,80.6,25, ,28
2022126N07095,2022,ASANI,2022-05-12 00:00:00,15.6,80.4,25,25,25
2022126N07095,2022,ASANI,2022-05-12 03:00:00,15.2,80.2,23, , 
2022126N07095,2022,ASANI,2022-05-12 06:00:00,15.1,80.1,20, , 
2022126N07095,2022,ASANI,2022-05-12 09:00:00,15.0,80.1,20, , 
2022126N07095,2022,ASANI,2022-05-12 12:00:00,15.0,80.2,20, , 
2022126N07095,2022,ASANI,2022-05-12 15:00:00,14.8,80.2,20, , 
2022126N07095,2022,ASANI,2022-05-12 18:00:00,14.7,80.3,20, , 
2022126N07095,2022,ASANI,2022-05-12 21:00:00,14.7,80.6,20, , 
2022126N07095,2022,ASANI,2022-05-13 00:00:00,14.7,81.0,20, , 
2022126N07095,2022,ASANI,2022-05-13 03:00:00,14.7,81.3,20, , 
2022126N07095,2022,ASANI,2022-05-13 06:00:00,14.8,81.5,20, , 
2022140N16097,2022,UNNAMED,2022-05-20 03:00:00,16.3,97.3, ,25,25
2022140N16097,2022,UNNAMED,2022-05-20 06:00:00,16.4,97.4, ,25,25
2022140N16097,2022,UNNAMED,2022-05-20 09:00:00,16.8,97.6, ,25,25
2022140N16097,2022,UNNAMED,2022-05-20 12:00:00,17.1,97.8, ,25,25
2022140N16097,2022,UNNAMED,2022-05-20 15:00:00,17.3,97.9, , ,25
2022140N16097,2022,UNNAMED,2022-05-20 18:00:00,17.4,98.0, ,25,25
2022197N22069,2022,UNNAMED,2022-07-16 03:00:00,21.6,69.0, ,25,25
2022197N22069,2022,UNNAMED,2022-07-16 06:00:00,21.9,68.9, ,25,25
2022197N22069,2022,UNNAMED,2022-07-16 09:00:00,22.0,68.8, , ,25
2022197N22069,2022,UNNAMED,2022-07-16 12:00:00,22.1,68.8, ,25,25
2022197N22069,2022,UNNAMED,2022-07-16 15:00:00,22.3,68.8, , ,25
2022197N22069,2022,UNNAMED,2022-07-16 18:00:00,22.6,68.7, ,25,25
2022197N22069,2022,UNNAMED,2022-07-16 21:00:00,22.7,68.6, , ,25
2022197N22069,2022,UNNAMED,2022-07-17 00:00:00,22.8,68.5, ,25,25
2022197N22069,2022,UNNAMED,2022-07-17 03:00:00,23.0,68.2, ,25,25
2022197N22069,2022,UNNAMED,2022-07-17 06:00:00,23.2,67.8, ,25,25
2022197N22069,2022,UNNAMED,2022-07-17 09:00:00,23.3,67.6, , ,25
2022197N22069,2022,UNNAMED,2022-07-17 12:00:00,23.4,67.4, ,25,25
2022197N22069,2022,UNNAMED,2022-07-17 15:00:00,23.4,66.9, , ,23
2022197N22069,2022,UNNAMED,2022-07-17 18:00:00,23.4,66.3, ,20,20
2022221N21086,2022,UNNAMED,2022-08-09 03:00:00,20.8,85.6, ,25,25
2022221N21086,2022,UNNAMED,2022-08-09 06:00:00,20.8,85.3, ,25,25
2022221N21086,2022,UNNAMED,2022-08-09 09:00:00,21.0,84.8, , ,25
2022221N21086,2022,UNNAMED,2022-08-09 12:00:00,21.2,84.2, ,25,25
2022221N21086,2022,UNNAMED,2022-08-09 15:00:00,21.4,83.7, , ,23
2022221N21086,2022,UNNAMED,2022-08-09 18:00:00,21.5,83.3, ,20,20
2022224N22067,2022,UNNAMED,2022-08-11 18:00:00,22.1,67.2,20, , 
2022224N22067,2022,UNNAMED,2022-08-11 21:00:00,22.0,66.9,25, , 
2022224N22067,2022,UNNAMED,2022-08-12 00:00:00,21.8,66.6,30, , 
2022224N22067,2022,UNNAMED,2022-08-12 03:00:00,21.8,66.4,33,25,25
2022224N22067,2022,UNNAMED,2022-08-12 06:00:00,21.9,66.1,35,25,25
2022224N22067,2022,UNNAMED,2022-08-12 09:00:00,22.0,65.6,38, ,25
2022224N22067,2022,UNNAMED,2022-08-12 12:00:00,22.1,65.2,40,25,25
2022224N22067,2022,UNNAMED,2022-08-12 15:00:00,22.2,64.9,40, ,25
2022224N22067,2022,UNNAMED,2022-08-12 18:00:00,22.3,64.6,40,25,25
2022224N22067,2022,UNNAMED,2022-08-12 21:00:00,22.2,64.2,38, ,25
2022224N22067,2022,UNNAMED,2022-08-13 00:00:00,22.0,63.9,35,25,25
2022224N22067,2022,UNNAMED,2022-08-13 03:00:00,21.8,63.6,33,25,25
2022224N22067,2022,UNNAMED,2022-08-13 06:00:00,21.6,63.6,30,20,20
2022224N22067,2022,UNNAMED,2022-08-13 09:00:00,21.5,64.0,30, , 
2022224N22067,2022,UNNAMED,2022-08-13 12:00:00,21.6,64.7,30, , 
2022224N22067,2022,UNNAMED,2022-08-13 15:00:00,21.8,65.4,28, , 
2022224N22067,2022,UNNAMED,2022-08-13 18:00:00,22.2,66.1,25, , 
2022224N22067,2022,UNNAMED,2022-08-13 21:00:00,22.6,66.4,23, , 
2022224N22067,2022,UNNAMED,2022-08-14 00:00:00,23.1,66.6,20, , 
2022224N22067,2022,UNNAMED,2022-08-14 03:00:00,23.5,66.8,20, , 
2022226N22088,2022,UNNAMED,2022-08-14 03:00:00,21.7,87.8, ,25,25
2022226N22088,2022,UNNAMED,2022-08-14 06:00:00,21.8,87.5, ,25,25
2022226N22088,2022,UNNAMED,2022-08-14 09:00:00,22.0,86.9, , ,25
2022226N22088,2022,UNNAMED,2022-08-14 12:00:00,22.1,86.0, ,25,25
2022226N22088,2022,UNNAMED,2022-08-14 15:00:00,22.2,85.0, , ,25
2022226N22088,2022,UNNAMED,2022-08-14 18:00:00,22.2,84.0, ,25,25
2022226N22088,2022,UNNAMED,2022-08-14 21:00:00,22.3,83.4, , ,25
2022226N22088,2022,UNNAMED,2022-08-15 00:00:00,22.4,82.8, ,25,25
2022226N22088,2022,UNNAMED,2022-08-15 03:00:00,22.6,82.0, ,25,25
2022226N22088,2022,UNNAMED,2022-08-15 06:00:00,22.8,81.1, ,25,25
2022226N22088,2022,UNNAMED,2022-08-15 09:00:00,23.1,80.4, , ,25
2022226N22088,2022,UNNAMED,2022-08-15 12:00:00,23.3,79.8, ,25,25
2022226N22088,2022,UNNAMED,2022-08-15 15:00:00,23.4,79.4, , ,25
2022226N22088,2022,UNNAMED,2022-08-15 18:00:00,23.6,79.0, ,25,25
2022226N22088,2022,UNNAMED,2022-08-15 21:00:00,23.9,78.4, , ,25
2022226N22088,2022,UNNAMED,2022-08-16 00:00:00,24.3,77.6, ,25,25
2022226N22088,2022,UNNAMED,2022-08-16 03:00:00,24.7,76.5, ,25,25
2022226N22088,2022,UNNAMED,2022-08-16 06:00:00,24.9,76.1, ,20,20
2022230N18095,2022,UNNAMED,2022-08-17 12:00:00,18.0,95.0,30, , 
2022230N18095,2022,UNNAMED,2022-08-17 15:00:00,18.3,94.5,30, , 
2022230N18095,2022,UNNAMED,2022-08-17 18:00:00,18.5,94.1,30, , 
2022230N18095,2022,UNNAMED,2022-08-17 21:00:00,18.7,93.7,30, , 
2022230N18095,2022,UNNAMED,2022-08-18 00:00:00,18.9,93.2,30, , 
2022230N18095,2022,UNNAMED,2022-08-18 03:00:00,19.2,92.7,33, , 
2022230N18095,2022,UNNAMED,2022-08-18 06:00:00,19.5,92.2,35, , 
2022230N18095,2022,UNNAMED,2022-08-18 09:00:00,19.9,91.4,35, , 
2022230N18095,2022,UNNAMED,2022-08-18 12:00:00,20.2,90.7,35, , 
2022230N18095,2022,UNNAMED,2022-08-18 15:00:00,20.3,90.5,35, , 
2022230N18095,2022,UNNAMED,2022-08-18 18:00:00,20.4,90.3,35, , 
2022230N18095,2022,UNNAMED,2022-08-18 21:00:00,20.7,89.8,38, , 
2022230N18095,2022,UNNAMED,2022-08-19 00:00:00,20.9,89.4,40,25,25
2022230N18095,2022,UNNAMED,2022-08-19 03:00:00,21.0,89.2,43,25,25
2022230N18095,2022,UNNAMED,2022-08-19 06:00:00,21.2,88.9,45,30,30
2022230N18095,2022,UNNAMED,2022-08-19 09:00:00,21.4,88.6,43, ,30
2022230N18095,2022,UNNAMED,2022-08-19 12:00:00,21.6,88.1,40,30,30
2022230N18095,2022,UNNAMED,2022-08-19 15:00:00,21.9,87.6,38,30,30
2022230N18095,2022,UNNAMED,2022-08-19 18:00:00,22.2,87.0,35,30,30
2022230N18095,2022,UNNAMED,2022-08-19 21:00:00,22.4,86.4,33, ,30
2022230N18095,2022,UNNAMED,2022-08-20 00:00:00,22.6,85.9,30,30,30
2022230N18095,2022,UNNAMED,2022-08-20 03:00:00,22.7,85.4,28,30,30
2022230N18095,2022,UNNAMED,2022-08-20 06:00:00,22.9,84.7,25,30,30
2022230N18095,2022,UNNAMED,2022-08-20 09:00:00,23.1,84.1, , ,30
2022230N18095,2022,UNNAMED,2022-08-20 12:00:00,23.3,83.6, ,30,30
2022230N18095,2022,UNNAMED,2022-08-20 15:00:00,23.4,83.2, , ,30
2022230N18095,2022,UNNAMED,2022-08-20 18:00:00,23.5,82.9, ,30,30
2022230N18095,2022,UNNAMED,2022-08-20 21:00:00,23.6,82.6, , ,28
2022230N18095,2022,UNNAMED,2022-08-21 00:00:00,23.7,82.2, ,25,25
2022230N18095,2022,UNNAMED,2022-08-21 03:00:00,23.8,81.7, ,25,25
2022230N18095,2022,UNNAMED,2022-08-21 06:00:00,24.0,81.2, ,25,25
2022230N18095,2022,UNNAMED,2022-08-21 09:00:00,24.1,80.8, , ,25
2022230N18095,2022,UNNAMED,2022-08-21 12:00:00,24.2,80.5, ,25,25
2022230N18095,2022,UNNAMED,2022-08-21 15:00:00,24.3,80.1, , ,25
2022230N18095,2022,UNNAMED,2022-08-21 18:00:00,24.3,79.8, ,25,25
2022230N18095,2022,UNNAMED,2022-08-21 21:00:00,24.3,79.5, , ,25
2022230N18095,2022,UNNAMED,2022-08-22 00:00:00,24.3,79.1, ,25,25
2022230N18095,2022,UNNAMED,2022-08-22 03:00:00,24.3,78.4, ,25,25
2022230N18095,2022,UNNAMED,2022-08-22 06:00:00,24.4,77.8, ,25,25
2022230N18095,2022,UNNAMED,2022-08-22 09:00:00,24.4,77.5, , ,25
2022230N18095,2022,UNNAMED,2022-08-22 12:00:00,24.4,77.4, ,25,25
2022230N18095,2022,UNNAMED,2022-08-22 15:00:00,24.5,77.0, , ,23
2022230N18095,2022,UNNAMED,2022-08-22 18:00:00,24.6,76.6, ,20,20
2022230N18095,2022,UNNAMED,2022-08-22 21:00:00,24.7,76.3, , ,20
2022230N18095,2022,UNNAMED,2022-08-23 00:00:00,24.8,76.2, ,20,20
2022254N20085,2022,UNNAMED,2022-09-11 00:00:00,19.5,84.7, ,25,25
2022254N20085,2022,UNNAMED,2022-09-11 03:00:00,19.7,84.0, ,25,25
2022254N20085,2022,UNNAMED,2022-09-11 06:00:00,19.8,83.3, ,25,25
2022254N20085,2022,UNNAMED,2022-09-11 09:00:00,19.9,82.4, , ,25
2022254N20085,2022,UNNAMED,2022-09-11 12:00:00,19.9,81.7, ,25,25
2022254N20085,2022,UNNAMED,2022-09-11 15:00:00,20.0,81.4, , ,25
2022254N20085,2022,UNNAMED,2022-09-11 18:00:00,20.1,81.2, ,25,25
2022254N20085,2022,UNNAMED,2022-09-11 21:00:00,20.4,81.0, , ,23
2022254N20085,2022,UNNAMED,2022-09-12 00:00:00,20.8,80.8, ,20,20
2022295N13093,2022,SITRANG,2022-10-21 18:00:00,12.6,93.3,15, , 
2022295N13093,2022,SITRANG,2022-10-21 21:00:00,12.9,92.9,20, , 
2022295N13093,2022,SITRANG,2022-10-22 00:00:00,13.2,92.5,25, , 
2022295N13093,2022,SITRANG,2022-10-22 03:00:00,13.4,92.1,25,25,25
2022295N13093,2022,SITRANG,2022-10-22 06:00:00,13.9,91.4,25,25,25
2022295N13093,2022,SITRANG,2022-10-22 09:00:00,14.2,90.9,28, ,25
2022295N13093,2022,SITRANG,2022-10-22 12:00:00,14.4,90.5,30,25,25
2022295N13093,2022,SITRANG,2022-10-22 15:00:00,14.7,90.0,30, ,25
2022295N13093,2022,SITRANG,2022-10-22 18:00:00,15.0,89.5,30,25,25
2022295N13093,2022,SITRANG,2022-10-22 21:00:00,15.2,89.1,30, ,28
2022295N13093,2022,SITRANG,2022-10-23 00:00:00,15.4,88.7,30,30,30
2022295N13093,2022,SITRANG,2022-10-23 03:00:00,15.5,88.3,30,30,30
2022295N13093,2022,SITRANG,2022-10-23 06:00:00,15.6,88.1,30,30,30
2022295N13093,2022,SITRANG,2022-10-23 09:00:00,15.8,88.1,33, ,33
2022295N13093,2022,SITRANG,2022-10-23 12:00:00,16.2,88.1,35,35,35
2022295N13093,2022,SITRANG,2022-10-23 15:00:00,16.6,88.4,35,35,35
2022295N13093,2022,SITRANG,2022-10-23 18:00:00,17.1,88.6,35,35,35
2022295N13093,2022,SITRANG,2022-10-23 21:00:00,17.5,88.8,38,40,40
2022295N13093,2022,SITRANG,2022-10-24 00:00:00,18.0,89.0,40,40,40
2022295N13093,2022,SITRANG,2022-10-24 03:00:00,18.7,89.3,43,45,45
2022295N13093,2022,SITRANG,2022-10-24 06:00:00,19.4,89.6,45,45,45
2022295N13093,2022,SITRANG,2022-10-24 09:00:00,20.0,89.9,45,45,45
2022295N13093,2022,SITRANG,2022-10-24 12:00:00,20.8,90.1,45,45,45
2022295N13093,2022,SITRANG,2022-10-24 15:00:00,21.8,90.4,40,45,45
2022295N13093,2022,SITRANG,2022-10-24 18:00:00,23.8,90.9,35,40,40
2022295N13093,2022,SITRANG,2022-10-24 21:00:00,24.3,91.0, ,30,30
2022295N13093,2022,SITRANG,2022-10-25 00:00:00,24.5,91.1, ,25,25
2022324N10086,2022,UNNAMED,2022-11-20 00:00:00,10.0,85.5, ,25,25
2022324N10086,2022,UNNAMED,2022-11-20 03:00:00,10.0,85.5, ,25,25
2022324N10086,2022,UNNAMED,2022-11-20 06:00:00,10.3,85.3, ,25,25
2022324N10086,2022,UNNAMED,2022-11-20 09:00:00,10.6,85.1, , ,25
2022324N10086,2022,UNNAMED,2022-11-20 12:00:00,10.9,85.0, ,25,25
2022324N10086,2022,UNNAMED,2022-11-20 15:00:00,11.2,84.8, , ,25
2022324N10086,2022,UNNAMED,2022-11-20 18:00:00,11.4,84.6, ,25,25
2022324N10086,2022,UNNAMED,2022-11-20 21:00:00,11.7,84.4, , ,25
2022324N10086,2022,UNNAMED,2022-11-21 00:00:00,11.9,84.2, ,25,25
2022324N10086,2022,UNNAMED,2022-11-21 03:00:00,12.1,84.0, ,25,25
2022324N10086,2022,UNNAMED,2022-11-21 06:00:00,12.6,83.4, ,25,25
2022324N10086,2022,UNNAMED,2022-11-21 09:00:00,12.8,82.6, , ,25
2022324N10086,2022,UNNAMED,2022-11-21 12:00:00,12.9,82.0, ,25,25
2022324N10086,2022,UNNAMED,2022-11-21 15:00:00,13.0,81.8, , ,25
2022324N10086,2022,UNNAMED,2022-11-21 18:00:00,13.0,81.7, ,25,25
2022324N10086,2022,UNNAMED,2022-11-21 21:00:00,13.0,81.6, , ,25
2022324N10086,2022,UNNAMED,2022-11-22 00:00:00,13.1,81.4, ,25,25
2022338N05100,2022,MANDOUS,2022-12-04 00:00:00,5.3,99.7,15, , 
2022338N05100,2022,MANDOUS,2022-12-04 03:00:00,5.5,99.4,15, , 
2022338N05100,2022,MANDOUS,2022-12-04 06:00:00,5.7,99.0,15, , 
2022338N05100,2022,MANDOUS,2022-12-04 09:00:00,5.9,98.5,18, , 
2022338N05100,2022,MANDOUS,2022-12-04 12:00:00,6.1,98.1,20, , 
2022338N05100,2022,MANDOUS,2022-12-04 15:00:00,6.3,97.9,20, , 
2022338N05100,2022,MANDOUS,2022-12-04 18:00:00,6.6,97.7,20, , 
2022338N05100,2022,MANDOUS,2022-12-04 21:00:00,6.9,97.5,20, , 
2022338N05100,2022,MANDOUS,2022-12-05 00:00:00,7.2,97.2,20, , 
2022338N05100,2022,MANDOUS,2022-12-05 03:00:00,7.3,96.5,20, , 
2022338N05100,2022,MANDOUS,2022-12-05 06:00:00,7.3,95.7,20, , 
2022338N05100,2022,MANDOUS,2022-12-05 09:00:00,7.4,95.0,18, , 
2022338N05100,2022,MANDOUS,2022-12-05 12:00:00,7.5,94.1,15, , 
2022338N05100,2022,MANDOUS,2022-12-05 15:00:00,7.8,92.8,18, , 
2022338N05100,2022,MANDOUS,2022-12-05 18:00:00,8.0,91.6,20, , 
2022338N05100,2022,MANDOUS,2022-12-05 21:00:00,8.0,90.8,23, , 
2022338N05100,2022,MANDOUS,2022-12-06 00:00:00,8.0,90.2,25, , 
2022338N05100,2022,MANDOUS,2022-12-06 03:00:00,8.0,89.5,28, , 
2022338N05100,2022,MANDOUS,2022-12-06 06:00:00,8.1,88.7,30, , 
2022338N05100,2022,MANDOUS,2022-12-06 09:00:00,8.3,87.8,33, , 
2022338N05100,2022,MANDOUS,2022-12-06 12:00:00,8.4,87.2,35,25,25
2022338N05100,2022,MANDOUS,2022-12-06 15:00:00,8.4,86.9,38, ,25
2022338N05100,2022,MANDOUS,2022-12-06 18:00:00,8.5,86.7,40,25,25
2022338N05100,2022,MANDOUS,2022-12-06 21:00:00,8.5,86.5,43, ,28
2022338N05100,2022,MANDOUS,2022-12-07 00:00:00,8.6,86.3,45,30,30
2022338N05100,2022,MANDOUS,2022-12-07 03:00:00,8.7,85.9,45,30,30
2022338N05100,2022,MANDOUS,2022-12-07 06:00:00,8.8,85.7,45,30,30
2022338N05100,2022,MANDOUS,2022-12-07 09:00:00,8.8,85.4,45, ,30
2022338N05100,2022,MANDOUS,2022-12-07 12:00:00,9.0,85.1,45,30,30
2022338N05100,2022,MANDOUS,2022-12-07 15:00:00,9.1,84.9,45, ,33
2022338N05100,2022,MANDOUS,2022-12-07 18:00:00,9.2,84.7,45,35,35
2022338N05100,2022,MANDOUS,2022-12-07 21:00:00,9.3,84.5,50,35,35
2022338N05100,2022,MANDOUS,2022-12-08 00:00:00,9.4,84.3,55,40,40
2022338N05100,2022,MANDOUS,2022-12-08 03:00:00,9.5,84.0,55,40,40
2022338N05100,2022,MANDOUS,2022-12-08 06:00:00,9.8,83.6,55,45,45
2022338N05100,2022,MANDOUS,2022-12-08 09:00:00,9.9,83.2,55,45,45
2022338N05100,2022,MANDOUS,2022-12-08 12:00:00,10.2,82.9,55,50,50
2022338N05100,2022,MANDOUS,2022-12-08 15:00:00,10.4,82.5,55,50,50
2022338N05100,2022,MANDOUS,2022-12-08 18:00:00,10.6,82.2,55,50,50
2022338N05100,2022,MANDOUS,2022-12-08 21:00:00,10.7,82.0,55,50,50
2022338N05100,2022,MANDOUS,2022-12-09 00:00:00,11.0,81.8,55,50,50
2022338N05100,2022,MANDOUS,2022-12-09 03:00:00,11.1,81.6,53,45,45
2022338N05100,2022,MANDOUS,2022-12-09 06:00:00,11.4,81.4,50,45,45
2022338N05100,2022,MANDOUS,2022-12-09 09:00:00,11.7,81.2,48,45,45
2022338N05100,2022,MANDOUS,2022-12-09 12:00:00,12.0,81.0,45,40,40
2022338N05100,2022,MANDOUS,2022-12-09 15:00:00,12.3,80.7,40,40,40
2022338N05100,2022,MANDOUS,2022-12-09 18:00:00,12.6,80.4,35,35,35
2022338N05100,2022,MANDOUS,2022-12-09 21:00:00,12.8,80.1,33,35,35
2022338N05100,2022,MANDOUS,2022-12-10 00:00:00,12.8,79.8,30,30,30
2022338N05100,2022,MANDOUS,2022-12-10 03:00:00,12.8,79.6,28,30,30
2022338N05100,2022,MANDOUS,2022-12-10 06:00:00,12.9,79.4,25,25,25
2022338N05100,2022,MANDOUS,2022-12-10 09:00:00,12.9,79.1,20, , 
2022338N05100,2022,MANDOUS,2022-12-10 12:00:00,12.9,78.8,15, , 
2022347N12074,2022,UNNAMED,2022-12-12 12:00:00,12.0,74.2,15, , 
2022347N12074,2022,UNNAMED,2022-12-12 15:00:00,12.1,73.9,18, , 
2022347N12074,2022,UNNAMED,2022-12-12 18:00:00,12.3,73.6,20, , 
2022347N12074,2022,UNNAMED,2022-12-12 21:00:00,12.5,73.3,23, , 
2022347N12074,2022,UNNAMED,2022-12-13 00:00:00,12.6,73.1,25, , 
2022347N12074,2022,UNNAMED,2022-12-13 03:00:00,12.7,72.8,28, , 
2022347N12074,2022,UNNAMED,2022-12-13 06:00:00,12.8,72.6,30, , 
2022347N12074,2022,UNNAMED,2022-12-13 09:00:00,12.9,72.4,33, , 
2022347N12074,2022,UNNAMED,2022-12-13 12:00:00,13.0,72.1,35, , 
2022347N12074,2022,UNNAMED,2022-12-13 15:00:00,13.1,71.8,35, , 
2022347N12074,2022,UNNAMED,2022-12-13 18:00:00,13.2,71.5,35, , 
2022347N12074,2022,UNNAMED,2022-12-13 21:00:00,13.2,71.2,43, , 
2022347N12074,2022,UNNAMED,2022-12-14 00:00:00,13.3,70.8,50, , 
2022347N12074,2022,UNNAMED,2022-12-14 03:00:00,13.4,70.4,50, , 
2022347N12074,2022,UNNAMED,2022-12-14 06:00:00,13.5,70.0,50, , 
2022347N12074,2022,UNNAMED,2022-12-14 09:00:00,13.6,69.6,48,25,25
2022347N12074,2022,UNNAMED,2022-12-14 12:00:00,13.7,69.3,45,25,25
2022347N12074,2022,UNNAMED,2022-12-14 15:00:00,13.7,68.9,45, ,25
2022347N12074,2022,UNNAMED,2022-12-14 18:00:00,13.8,68.6,45,25,25
2022347N12074,2022,UNNAMED,2022-12-14 21:00:00,13.8,68.4,45, ,28
2022347N12074,2022,UNNAMED,2022-12-15 00:00:00,13.9,68.1,45,30,30
2022347N12074,2022,UNNAMED,2022-12-15 03:00:00,13.9,67.7,43,30,30
2022347N12074,2022,UNNAMED,2022-12-15 06:00:00,13.9,67.4,40,30,30
2022347N12074,2022,UNNAMED,2022-12-15 09:00:00,14.0,67.0,43, ,30
2022347N12074,2022,UNNAMED,2022-12-15 12:00:00,14.1,66.7,45,30,30
2022347N12074,2022,UNNAMED,2022-12-15 15:00:00,14.0,66.2,40, ,30
2022347N12074,2022,UNNAMED,2022-12-15 18:00:00,13.9,65.7,35,30,30
2022347N12074,2022,UNNAMED,2022-12-15 21:00:00,13.9,65.4,35, ,30
2022347N12074,2022,UNNAMED,2022-12-16 00:00:00,13.9,65.1,35,30,30
2022347N12074,2022,UNNAMED,2022-12-16 03:00:00,13.9,64.7,33,30,30
2022347N12074,2022,UNNAMED,2022-12-16 06:00:00,13.9,64.3,30,30,30
2022347N12074,2022,UNNAMED,2022-12-16 09:00:00,14.0,63.9,30, ,28
2022347N12074,2022,UNNAMED,2022-12-16 12:00:00,14.1,63.6,30,25,25
2022347N12074,2022,UNNAMED,2022-12-16 15:00:00,14.1,63.2,28, ,25
2022347N12074,2022,UNNAMED,2022-12-16 18:00:00,14.1,62.9,25,25,25
2022347N12074,2022,UNNAMED,2022-12-16 21:00:00,14.1,62.6,25, ,25
2022347N12074,2022,UNNAMED,2022-12-17 00:00:00,14.0,62.3,25,25,25
2022347N12074,2022,UNNAMED,2022-12-17 03:00:00,14.0,62.0,25,25,25
2022347N12074,2022,UNNAMED,2022-12-17 06:00:00,13.9,61.6,25,25,25
2022347N12074,2022,UNNAMED,2022-12-17 09:00:00,13.8,61.3,25, , 
2022347N12074,2022,UNNAMED,2022-12-17 12:00:00,13.7,60.9,25, , 
2022347N12074,2022,UNNAMED,2022-12-17 15:00:00,13.6,60.3,25, , 
2022347N12074,2022,UNNAMED,2022-12-17 18:00:00,13.6,59.7,25, , 
2022347N12074,2022,UNNAMED,2022-12-17 21:00:00,13.5,59.1,25, , 
2022347N12074,2022,UNNAMED,2022-12-18 00:00:00,13.5,58.6,25, , 
2022347N12074,2022,UNNAMED,2022-12-18 03:00:00,13.5,58.1,25, , 
2022347N12074,2022,UNNAMED,2022-12-18 06:00:00,13.4,57.5,25, , 
2022347N12074,2022,UNNAMED,2022-12-18 09:00:00,13.3,56.9,25, , 
2022347N12074,2022,UNNAMED,2022-12-18 12:00:00,13.1,56.4,25, , 
2022347N12074,2022,UNNAMED,2022-12-18 15:00:00,12.6,56.0,25, , 
2022347N12074,2022,UNNAMED,2022-12-18 18:00:00,12.0,55.8,25, , 
2022347N12074,2022,UNNAMED,2022-12-18 21:00:00,11.7,55.6,23, , 
2022347N12074,2022,UNNAMED,2022-12-19 00:00:00,11.6,55.4,20, , 
2022356N09085,2022,UNNAMED,2022-12-22 03:00:00,9.0,85.0, ,25,25
2022356N09085,2022,UNNAMED,2022-12-22 06:00:00,9.5,84.8, ,25,25
2022356N09085,2022,UNNAMED,2022-12-22 09:00:00,9.7,84.6, , ,25
2022356N09085,2022,UNNAMED,2022-12-22 12:00:00,9.8,84.5, ,25,25
2022356N09085,2022,UNNAMED,2022-12-22 15:00:00,10.0,84.3, , ,25
2022356N09085,2022,UNNAMED,2022-12-22 18:00:00,10.1,84.2, ,25,25
2022356N09085,2022,UNNAMED,2022-12-22 21:00:00,10.1,84.2, , ,25
2022356N09085,2022,UNNAMED,2022-12-23 00:00:00,10.1,84.2, ,25,25
2022356N09085,2022,UNNAMED,2022-12-23 03:00:00,10.1,84.2, ,25,25
2022356N09085,2022,UNNAMED,2022-12-23 06:00:00,10.4,84.8, ,25,25
2022356N09085,2022,UNNAMED,2022-12-23 09:00:00,10.6,85.2, , ,25
2022356N09085,2022,UNNAMED,2022-12-23 12:00:00,10.6,85.4, ,25,25
2022356N09085,2022,UNNAMED,2022-12-23 15:00:00,10.5,85.5, , ,25
2022356N09085,2022,UNNAMED,2022-12-23 18:00:00,10.4,85.3, ,25,25
2022356N09085,2022,UNNAMED,2022-12-23 21:00:00,10.6,84.9, , ,25
2022356N09085,2022,UNNAMED,2022-12-24 00:00:00,10.8,84.5, ,25,25
2022356N09085,2022,UNNAMED,2022-12-24 03:00:00,10.7,84.2, ,25,25
2022356N09085,2022,UNNAMED,2022-12-24 06:00:00,10.4,83.7, ,25,25
2022356N09085,2022,UNNAMED,2022-12-24 09:00:00,10.0,83.3, , ,25
2022356N09085,2022,UNNAMED,2022-12-24 12:00:00,9.7,83.0, ,25,25
2022356N09085,2022,UNNAMED,2022-12-24 15:00:00,9.5,82.7, , ,25
2022356N09085,2022,UNNAMED,2022-12-24 18:00:00,9.3,82.5, ,25,25
2022356N09085,2022,UNNAMED,2022-12-24 21:00:00,9.2,82.3, , ,25
2022356N09085,2022,UNNAMED,2022-12-25 00:00:00,9.0,82.2, ,25,25
2022356N09085,2022,UNNAMED,2022-12-25 03:00:00,8.8,82.0, ,25,25
2022356N09085,2022,UNNAMED,2022-12-25 06:00:00,8.5,81.6, ,25,25
2023030N08087,2023,UNNAMED,2023-01-30 03:00:00,7.7,87.2, ,25,25
2023030N08087,2023,UNNAMED,2023-01-30 06:00:00,7.9,86.6, ,25,25
2023030N08087,2023,UNNAMED,2023-01-30 09:00:00,8.0,86.2, , ,25
2023030N08087,2023,UNNAMED,2023-01-30 12:00:00,8.0,86.0, ,25,25
2023030N08087,2023,UNNAMED,2023-01-30 15:00:00,8.1,85.6, , ,25
2023030N08087,2023,UNNAMED,2023-01-30 18:00:00,8.1,85.3, ,25,25
2023030N08087,2023,UNNAMED,2023-01-30 21:00:00,8.1,85.1, , ,25
2023030N08087,2023,UNNAMED,2023-01-31 00:00:00,8.2,84.8, ,25,25
2023030N08087,2023,UNNAMED,2023-01-31 03:00:00,8.4,84.3, ,25,25
2023030N08087,2023,UNNAMED,2023-01-31 06:00:00,8.6,83.9, ,25,25
2023030N08087,2023,UNNAMED,2023-01-31 09:00:00,8.7,83.7, , ,25
2023030N08087,2023,UNNAMED,2023-01-31 12:00:00,8.6,83.5, ,25,25
2023030N08087,2023,UNNAMED,2023-01-31 15:00:00,8.5,83.2, , ,25
2023030N08087,2023,UNNAMED,2023-01-31 18:00:00,8.3,82.9, ,25,25
2023030N08087,2023,UNNAMED,2023-01-31 21:00:00,8.2,82.8, , ,25
2023030N08087,2023,UNNAMED,2023-02-01 00:00:00,8.2,82.7, ,25,25
2023030N08087,2023,UNNAMED,2023-02-01 03:00:00,8.2,82.5, ,25,25
2023030N08087,2023,UNNAMED,2023-02-01 06:00:00,8.2,82.5, ,25,25
2023030N08087,2023,UNNAMED,2023-02-01 09:00:00,8.2,82.4, , ,25
2023030N08087,2023,UNNAMED,2023-02-01 12:00:00,8.2,82.3, ,25,25
2023030N08087,2023,UNNAMED,2023-02-01 15:00:00,8.2,82.2, , ,25
2023030N08087,2023,UNNAMED,2023-02-01 18:00:00,8.1,82.1, ,25,25
2023030N08087,2023,UNNAMED,2023-02-01 21:00:00,7.9,81.8, , ,25
2023030N08087,2023,UNNAMED,2023-02-02 00:00:00,7.6,81.4, ,25,25
2023030N08087,2023,UNNAMED,2023-02-02 03:00:00,7.2,81.1, ,20,20
2023030N08087,2023,UNNAMED,2023-02-02 06:00:00,6.8,80.8, ,20,20
2023030N08087,2023,UNNAMED,2023-02-02 09:00:00,6.5,80.5, , ,20
2023030N08087,2023,UNNAMED,2023-02-02 12:00:00,6.3,80.3, ,20,20
2023129N08091,2023,MOCHA,2023-05-08 18:00:00,7.7,91.4,25, , 
2023129N08091,2023,MOCHA,2023-05-08 21:00:00,7.6,91.1,25, , 
2023129N08091,2023,MOCHA,2023-05-09 00:00:00,7.6,90.7,25, , 
2023129N08091,2023,MOCHA,2023-05-09 03:00:00,7.6,90.1,25, , 
2023129N08091,2023,MOCHA,2023-05-09 06:00:00,7.6,89.6,25, , 
2023129N08091,2023,MOCHA,2023-05-09 09:00:00,7.7,89.3,25, , 
2023129N08091,2023,MOCHA,2023-05-09 12:00:00,7.9,89.3,25,25,25
2023129N08091,2023,MOCHA,2023-05-09 15:00:00,8.1,89.2,25, ,25
2023129N08091,2023,MOCHA,2023-05-09 18:00:00,8.3,89.1,25,25,25
2023129N08091,2023,MOCHA,2023-05-09 21:00:00,8.3,89.1,28, ,28
2023129N08091,2023,MOCHA,2023-05-10 00:00:00,8.5,89.0,30,30,30
2023129N08091,2023,MOCHA,2023-05-10 03:00:00,8.8,88.7,30,30,30
2023129N08091,2023,MOCHA,2023-05-10 06:00:00,9.3,88.5,30,30,30
2023129N08091,2023,MOCHA,2023-05-10 09:00:00,9.7,88.4,30, ,30
2023129N08091,2023,MOCHA,2023-05-10 12:00:00,10.1,88.4,30,30,30
2023129N08091,2023,MOCHA,2023-05-10 15:00:00,10.4,88.3,30, ,30
2023129N08091,2023,MOCHA,2023-05-10 18:00:00,10.8,88.3,30,30,30
2023129N08091,2023,MOCHA,2023-05-10 21:00:00,11.0,88.2,33, ,33
2023129N08091,2023,MOCHA,2023-05-11 00:00:00,11.2,88.1,35,35,35
2023129N08091,2023,MOCHA,2023-05-11 03:00:00,11.3,88.1,40,35,35
2023129N08091,2023,MOCHA,2023-05-11 06:00:00,11.6,88.1,45,45,45
2023129N08091,2023,MOCHA,2023-05-11 09:00:00,11.8,88.0,50,45,45
2023129N08091,2023,MOCHA,2023-05-11 12:00:00,12.1,88.1,55,50,50
2023129N08091,2023,MOCHA,2023-05-11 15:00:00,12.4,88.1,58,50,50
2023129N08091,2023,MOCHA,2023-05-11 18:00:00,12.8,88.1,60,50,50
2023129N08091,2023,MOCHA,2023-05-11 21:00:00,13.0,88.1,63,60,60
2023129N08091,2023,MOCHA,2023-05-12 00:00:00,13.3,88.1,65,65,65
2023129N08091,2023,MOCHA,2023-05-12 03:00:00,13.7,88.2,73,65,65
2023129N08091,2023,MOCHA,2023-05-12 06:00:00,14.0,88.3,80,75,75
2023129N08091,2023,MOCHA,2023-05-12 09:00:00,14.3,88.4,88,85,85
2023129N08091,2023,MOCHA,2023-05-12 12:00:00,14.6,88.6,95,85,85
2023129N08091,2023,MOCHA,2023-05-12 15:00:00,14.8,88.7,100,90,90
2023129N08091,2023,MOCHA,2023-05-12 18:00:00,15.0,88.9,105,100,100
2023129N08091,2023,MOCHA,2023-05-12 21:00:00,15.1,89.0,108,100,100
2023129N08091,2023,MOCHA,2023-05-13 00:00:00,15.4,89.1,110,100,100
2023129N08091,2023,MOCHA,2023-05-13 03:00:00,15.7,89.5,113,100,100
2023129N08091,2023,MOCHA,2023-05-13 06:00:00,16.0,90.0,115,105,105
2023129N08091,2023,MOCHA,2023-05-13 09:00:00,16.4,90.3,125,105,105
2023129N08091,2023,MOCHA,2023-05-13 12:00:00,16.9,90.8,135,110,110
2023129N08091,2023,MOCHA,2023-05-13 15:00:00,17.4,91.0,138,110,110
2023129N08091,2023,MOCHA,2023-05-13 18:00:00,17.9,91.2,140,115,115
2023129N08091,2023,MOCHA,2023-05-13 21:00:00,18.3,91.4,143,115,115
2023129N08091,2023,MOCHA,2023-05-14 00:00:00,18.7,91.7,145,115,115
2023129N08091,2023,MOCHA,2023-05-14 03:00:00,19.3,92.1,138,110,110
2023129N08091,2023,MOCHA,2023-05-14 06:00:00,19.9,92.6,130,100,100
2023129N08091,2023,MOCHA,2023-05-14 09:00:00,20.4,92.9,115,90,90
2023129N08091,2023,MOCHA,2023-05-14 12:00:00,21.1,93.3,100,75,75
2023129N08091,2023,MOCHA,2023-05-14 15:00:00,22.1,94.1,73,60,60
2023129N08091,2023,MOCHA,2023-05-14 18:00:00,23.3,95.2,45,50,50
2023129N08091,2023,MOCHA,2023-05-14 21:00:00,24.3,96.1,33,35,35
2023129N08091,2023,MOCHA,2023-05-15 00:00:00,25.1,97.8,20,25,25
2023156N10067,2023,BIPARJOY,2023-06-05 00:00:00,10.3,66.7,25, , 
2023156N10067,2023,BIPARJOY,2023-06-05 03:00:00,10.5,66.6,25, , 
2023156N10067,2023,BIPARJOY,2023-06-05 06:00:00,10.7,66.5,25, , 
2023156N10067,2023,BIPARJOY,2023-06-05 09:00:00,10.8,66.4,25, , 
2023156N10067,2023,BIPARJOY,2023-06-05 12:00:00,11.0,66.3,25, , 
2023156N10067,2023,BIPARJOY,2023-06-05 15:00:00,11.2,66.2,28, , 
2023156N10067,2023,BIPARJOY,2023-06-05 18:00:00,11.4,66.1,30, , 
2023156N10067,2023,BIPARJOY,2023-06-05 21:00:00,11.5,66.0,35, , 
2023156N10067,2023,BIPARJOY,2023-06-06 00:00:00,11.5,66.0,40,25,25
2023156N10067,2023,BIPARJOY,2023-06-06 03:00:00,11.7,66.0,48,25,25
2023156N10067,2023,BIPARJOY,2023-06-06 06:00:00,11.9,65.9,55,30,30
2023156N10067,2023,BIPARJOY,2023-06-06 09:00:00,12.0,66.0,65, ,33
2023156N10067,2023,BIPARJOY,2023-06-06 12:00:00,12.2,66.0,75,35,35
2023156N10067,2023,BIPARJOY,2023-06-06 15:00:00,12.3,66.0,78,35,35
2023156N10067,2023,BIPARJOY,2023-06-06 18:00:00,12.5,66.1,80,40,40
2023156N10067,2023,BIPARJOY,2023-06-06 21:00:00,12.5,66.2,83,45,45
2023156N10067,2023,BIPARJOY,2023-06-07 00:00:00,12.6,66.3,85,55,55
2023156N10067,2023,BIPARJOY,2023-06-07 03:00:00,12.8,66.3,83,60,60
2023156N10067,2023,BIPARJOY,2023-06-07 06:00:00,13.0,66.4,80,65,65
2023156N10067,2023,BIPARJOY,2023-06-07 09:00:00,13.2,66.3,83,65,65
2023156N10067,2023,BIPARJOY,2023-06-07 12:00:00,13.3,66.2,85,65,65
2023156N10067,2023,BIPARJOY,2023-06-07 15:00:00,13.4,66.2,83,65,65
2023156N10067,2023,BIPARJOY,2023-06-07 18:00:00,13.6,66.1,80,70,70
2023156N10067,2023,BIPARJOY,2023-06-07 21:00:00,13.6,66.0,78,70,70
2023156N10067,2023,BIPARJOY,2023-06-08 00:00:00,13.8,66.1,75,75,75
2023156N10067,2023,BIPARJOY,2023-06-08 03:00:00,13.9,66.0,75,75,75
2023156N10067,2023,BIPARJOY,2023-06-08 06:00:00,14.0,66.0,75,75,75
2023156N10067,2023,BIPARJOY,2023-06-08 09:00:00,14.2,66.0,75,75,75
2023156N10067,2023,BIPARJOY,2023-06-08 12:00:00,14.3,66.0,75,75,75
2023156N10067,2023,BIPARJOY,2023-06-08 15:00:00,14.4,66.0,73,75,75
2023156N10067,2023,BIPARJOY,2023-06-08 18:00:00,14.6,66.1,70,75,75
2023156N10067,2023,BIPARJOY,2023-06-08 21:00:00,14.6,66.1,68,75,75
2023156N10067,2023,BIPARJOY,2023-06-09 00:00:00,14.8,66.3,65,75,75
2023156N10067,2023,BIPARJOY,2023-06-09 03:00:00,14.8,66.5,63,70,70
2023156N10067,2023,BIPARJOY,2023-06-09 06:00:00,15.0,66.8,60,70,70
2023156N10067,2023,BIPARJOY,2023-06-09 09:00:00,15.3,67.0,63,70,70
2023156N10067,2023,BIPARJOY,2023-06-09 12:00:00,15.6,67.2,65,65,65
2023156N10067,2023,BIPARJOY,2023-06-09 15:00:00,15.9,67.3,68,65,65
2023156N10067,2023,BIPARJOY,2023-06-09 18:00:00,16.2,67.4,70,70,70
2023156N10067,2023,BIPARJOY,2023-06-09 21:00:00,16.3,67.4,83,70,70
2023156N10067,2023,BIPARJOY,2023-06-10 00:00:00,16.5,67.4,95,75,75
2023156N10067,2023,BIPARJOY,2023-06-10 03:00:00,16.6,67.3,98,75,75
2023156N10067,2023,BIPARJOY,2023-06-10 06:00:00,16.7,67.3,100,75,75
2023156N10067,2023,BIPARJOY,2023-06-10 09:00:00,16.9,67.4,110,80,80
2023156N10067,2023,BIPARJOY,2023-06-10 12:00:00,17.2,67.3,105,80,80
2023156N10067,2023,BIPARJOY,2023-06-10 15:00:00,17.4,67.3,103,80,80
2023156N10067,2023,BIPARJOY,2023-06-10 18:00:00,17.5,67.4,100,85,85
2023156N10067,2023,BIPARJOY,2023-06-10 21:00:00,17.6,67.4,98,85,85
2023156N10067,2023,BIPARJOY,2023-06-11 00:00:00,17.8,67.6,95,90,90
2023156N10067,2023,BIPARJOY,2023-06-11 03:00:00,18.0,67.7,93,90,90
2023156N10067,2023,BIPARJOY,2023-06-11 06:00:00,18.3,67.8,90,90,90
2023156N10067,2023,BIPARJOY,2023-06-11 09:00:00,18.5,67.8,90,90,90
2023156N10067,2023,BIPARJOY,2023-06-11 12:00:00,18.7,67.8,90,90,90
2023156N10067,2023,BIPARJOY,2023-06-11 15:00:00,18.8,67.8,88,90,90
2023156N10067,2023,BIPARJOY,2023-06-11 18:00:00,18.9,67.8,85,90,90
2023156N10067,2023,BIPARJOY,2023-06-11 21:00:00,19.0,67.7,83,90,90
2023156N10067,2023,BIPARJOY,2023-06-12 00:00:00,19.2,67.7,80,90,90
2023156N10067,2023,BIPARJOY,2023-06-12 03:00:00,19.4,67.6,85,90,90
2023156N10067,2023,BIPARJOY,2023-06-12 06:00:00,19.7,67.5,90,90,90
2023156N10067,2023,BIPARJOY,2023-06-12 09:00:00,19.8,67.4,90,90,90
2023156N10067,2023,BIPARJOY,2023-06-12 12:00:00,19.9,67.3,90,90,90
2023156N10067,2023,BIPARJOY,2023-06-12 15:00:00,20.0,67.2,88,90,90
2023156N10067,2023,BIPARJOY,2023-06-12 18:00:00,20.2,67.2,85,85,85
2023156N10067,2023,BIPARJOY,2023-06-12 21:00:00,20.4,67.2,85,85,85
2023156N10067,2023,BIPARJOY,2023-06-13 00:00:00,20.7,67.0,85,85,85
2023156N10067,2023,BIPARJOY,2023-06-13 03:00:00,20.9,66.9,88,85,85
2023156N10067,2023,BIPARJOY,2023-06-13 06:00:00,21.0,66.8,90,85,85
2023156N10067,2023,BIPARJOY,2023-06-13 09:00:00,21.1,66.5,93,85,85
2023156N10067,2023,BIPARJOY,2023-06-13 12:00:00,21.2,66.5,95,85,85
2023156N10067,2023,BIPARJOY,2023-06-13 15:00:00,21.3,66.4,90,85,85
2023156N10067,2023,BIPARJOY,2023-06-13 18:00:00,21.5,66.4,85,85,85
2023156N10067,2023,BIPARJOY,2023-06-13 21:00:00,21.5,66.3,85,85,85
2023156N10067,2023,BIPARJOY,2023-06-14 00:00:00,21.6,66.3,85,80,80
2023156N10067,2023,BIPARJOY,2023-06-14 03:00:00,21.6,66.3,83,80,80
2023156N10067,2023,BIPARJOY,2023-06-14 06:00:00,21.6,66.4,80,80,80
2023156N10067,2023,BIPARJOY,2023-06-14 09:00:00,21.7,66.6,75,80,80
2023156N10067,2023,BIPARJOY,2023-06-14 12:00:00,21.9,66.7,70,75,75
2023156N10067,2023,BIPARJOY,2023-06-14 15:00:00,22.1,66.8,65,70,70
2023156N10067,2023,BIPARJOY,2023-06-14 18:00:00,22.2,66.8,60,70,70
2023156N10067,2023,BIPARJOY,2023-06-14 21:00:00,22.3,66.8,58,70,70
2023156N10067,2023,BIPARJOY,2023-06-15 00:00:00,22.3,67.0,55,70,70
2023156N10067,2023,BIPARJOY,2023-06-15 03:00:00,22.5,67.1,55,70,70
2023156N10067,2023,BIPARJOY,2023-06-15 06:00:00,22.6,67.3,55,65,65
2023156N10067,2023,BIPARJOY,2023-06-15 09:00:00,22.7,67.7,55,65,65
2023156N10067,2023,BIPARJOY,2023-06-15 12:00:00,22.8,68.1,55,65,65
2023156N10067,2023,BIPARJOY,2023-06-15 15:00:00,23.1,68.4,53,65,65
2023156N10067,2023,BIPARJOY,2023-06-15 18:00:00,23.3,68.6,50,60,60
2023156N10067,2023,BIPARJOY,2023-06-15 21:00:00,23.4,68.8,48,50,50
2023156N10067,2023,BIPARJOY,2023-06-16 00:00:00,23.5,69.1,45,50,50
2023156N10067,2023,BIPARJOY,2023-06-16 03:00:00,23.5,69.4,45,45,45
2023156N10067,2023,BIPARJOY,2023-06-16 06:00:00,23.7,69.7,45,40,40
2023156N10067,2023,BIPARJOY,2023-06-16 09:00:00,23.9,70.0,43,40,40
2023156N10067,2023,BIPARJOY,2023-06-16 12:00:00,24.2,70.4,40,35,35
2023156N10067,2023,BIPARJOY,2023-06-16 15:00:00,24.5,70.7,38,35,35
2023156N10067,2023,BIPARJOY,2023-06-16 18:00:00,24.6,70.9,35,30,30
2023156N10067,2023,BIPARJOY,2023-06-16 21:00:00,24.7,71.0,33, ,30
2023156N10067,2023,BIPARJOY,2023-06-17 00:00:00,24.8,71.2,30,30,30
2023156N10067,2023,BIPARJOY,2023-06-17 03:00:00,25.0,71.5, ,30,30
2023156N10067,2023,BIPARJOY,2023-06-17 06:00:00,25.3,71.9, ,30,30
2023156N10067,2023,BIPARJOY,2023-06-17 09:00:00,25.5,72.2, , ,28
2023156N10067,2023,BIPARJOY,2023-06-17 12:00:00,25.6,72.5, ,25,25
2023156N10067,2023,BIPARJOY,2023-06-17 15:00:00,25.7,72.7, , ,25
2023156N10067,2023,BIPARJOY,2023-06-17 18:00:00,25.8,72.8, ,25,25
2023156N10067,2023,BIPARJOY,2023-06-17 21:00:00,25.9,73.0, , ,25
2023156N10067,2023,BIPARJOY,2023-06-18 00:00:00,26.0,73.3, ,25,25
2023156N10067,2023,BIPARJOY,2023-06-18 03:00:00,26.2,73.8, ,25,25
2023156N10067,2023,BIPARJOY,2023-06-18 06:00:00,26.3,74.0, ,25,25
2023156N10067,2023,BIPARJOY,2023-06-18 09:00:00,26.3,74.3, , ,23
2023156N10067,2023,BIPARJOY,2023-06-18 12:00:00,26.3,74.7, ,20,20
2023156N10067,2023,BIPARJOY,2023-06-18 15:00:00,26.3,74.9, , ,20
2023156N10067,2023,BIPARJOY,2023-06-18 18:00:00,26.3,75.2, ,20,20
2023156N10067,2023,BIPARJOY,2023-06-18 21:00:00,26.3,75.6, , ,20
2023156N10067,2023,BIPARJOY,2023-06-19 00:00:00,26.3,76.0, ,20,20
2023160N20092,2023,UNNAMED,2023-06-08 12:00:00,19.5,92.1,30, , 
2023160N20092,2023,UNNAMED,2023-06-08 15:00:00,19.5,91.9,33, , 
2023160N20092,2023,UNNAMED,2023-06-08 18:00:00,19.6,91.7,35, , 
2023160N20092,2023,UNNAMED,2023-06-08 21:00:00,19.7,91.6,38, , 
2023160N20092,2023,UNNAMED,2023-06-09 00:00:00,19.8,91.5,40, , 
2023160N20092,2023,UNNAMED,2023-06-09 03:00:00,19.9,91.5,40, , 
2023160N20092,2023,UNNAMED,2023-06-09 06:00:00,19.9,91.5,40, , 
2023160N20092,2023,UNNAMED,2023-06-09 09:00:00,19.9,91.5,43, , 
2023160N20092,2023,UNNAMED,2023-06-09 12:00:00,20.0,91.5,45, , 
2023160N20092,2023,UNNAMED,2023-06-09 15:00:00,20.0,91.5,40, , 
2023160N20092,2023,UNNAMED,2023-06-09 18:00:00,20.2,91.6,35, , 
2023160N20092,2023,UNNAMED,2023-06-09 21:00:00,20.6,91.7,33, , 
2023160N20092,2023,UNNAMED,2023-06-10 00:00:00,21.0,91.8,30, , 
2023160N20092,2023,UNNAMED,2023-06-10 03:00:00,21.4,91.7,28, , 
2023160N20092,2023,UNNAMED,2023-06-10 06:00:00,21.8,91.4,25, , 
2023212N19090,2023,UNNAMED,2023-07-30 12:00:00,19.0,90.0,25, , 
2023212N19090,2023,UNNAMED,2023-07-30 15:00:00,18.8,90.2,28, , 
2023212N19090,2023,UNNAMED,2023-07-30 18:00:00,18.7,90.5,30, , 
2023212N19090,2023,UNNAMED,2023-07-30 21:00:00,18.6,90.8,30, , 
2023212N19090,2023,UNNAMED,2023-07-31 00:00:00,18.6,91.0,30, , 
2023212N19090,2023,UNNAMED,2023-07-31 03:00:00,18.6,91.2,30, , 
2023212N19090,2023,UNNAMED,2023-07-31 06:00:00,18.6,91.3,30, , 
2023212N19090,2023,UNNAMED,2023-07-31 09:00:00,18.7,91.6,33, , 
2023212N19090,2023,UNNAMED,2023-07-31 12:00:00,19.0,91.8,35, , 
2023212N19090,2023,UNNAMED,2023-07-31 15:00:00,19.5,91.9,38, , 
2023212N19090,2023,UNNAMED,2023-07-31 18:00:00,19.9,92.0,40, , 
2023212N19090,2023,UNNAMED,2023-07-31 21:00:00,19.8,92.1,40, , 
2023212N19090,2023,UNNAMED,2023-08-01 00:00:00,20.0,91.9,40,25,25
2023212N19090,2023,UNNAMED,2023-08-01 03:00:00,20.9,91.3,38,30,30
2023212N19090,2023,UNNAMED,2023-08-01 06:00:00,21.6,90.7,35,30,30
2023212N19090,2023,UNNAMED,2023-08-01 09:00:00,22.0,90.2,33, ,30
2023212N19090,2023,UNNAMED,2023-08-01 12:00:00,22.3,89.7,30,30,30
2023212N19090,2023,UNNAMED,2023-08-01 15:00:00,22.6,89.3,28, ,30
2023212N19090,2023,UNNAMED,2023-08-01 18:00:00,22.8,88.8,25,30,30
2023212N19090,2023,UNNAMED,2023-08-01 21:00:00,22.9,88.1,25, ,30
2023212N19090,2023,UNNAMED,2023-08-02 00:00:00,23.1,87.4,25,30,30
2023212N19090,2023,UNNAMED,2023-08-02 03:00:00,23.2,86.9,23,30,30
2023212N19090,2023,UNNAMED,2023-08-02 06:00:00,23.3,86.2,20,30,30
2023212N19090,2023,UNNAMED,2023-08-02 09:00:00,23.3,85.6, , ,28
2023212N19090,2023,UNNAMED,2023-08-02 12:00:00,23.3,85.1, ,25,25
2023212N19090,2023,UNNAMED,2023-08-02 15:00:00,23.3,84.6, , ,25
2023212N19090,2023,UNNAMED,2023-08-02 18:00:00,23.3,84.1, ,25,25
2023212N19090,2023,UNNAMED,2023-08-02 21:00:00,23.3,83.7, , ,25
2023212N19090,2023,UNNAMED,2023-08-03 00:00:00,23.4,83.4, ,25,25
2023212N19090,2023,UNNAMED,2023-08-03 03:00:00,23.5,83.1, ,25,25
2023212N19090,2023,UNNAMED,2023-08-03 06:00:00,23.5,83.1, ,20,20
2023273N16073,2023,UNNAMED,2023-09-30 03:00:00,15.9,72.8, ,25,25
2023273N16073,2023,UNNAMED,2023-09-30 06:00:00,16.4,73.1, ,25,25
2023273N16073,2023,UNNAMED,2023-09-30 09:00:00,16.6,73.2, , ,25
2023273N16073,2023,UNNAMED,2023-09-30 12:00:00,16.6,73.2, ,25,25
2023273N16073,2023,UNNAMED,2023-09-30 15:00:00,16.7,73.3, , ,25
2023273N16073,2023,UNNAMED,2023-09-30 18:00:00,16.8,73.5, ,25,25
2023273N16073,2023,UNNAMED,2023-09-30 21:00:00,16.9,73.7, , ,25
2023273N16073,2023,UNNAMED,2023-10-01 00:00:00,17.0,74.0, ,25,25
2023292N11063,2023,TEJ,2023-10-19 06:00:00,10.7,62.6,15, , 
2023292N11063,2023,TEJ,2023-10-19 09:00:00,10.4,62.5,18, , 
2023292N11063,2023,TEJ,2023-10-19 12:00:00,10.2,62.4,20, , 
2023292N11063,2023,TEJ,2023-10-19 15:00:00,10.0,62.4,23, , 
2023292N11063,2023,TEJ,2023-10-19 18:00:00,9.9,62.3,25, , 
2023292N11063,2023,TEJ,2023-10-19 21:00:00,9.7,62.2,28, , 
2023292N11063,2023,TEJ,2023-10-20 00:00:00,9.5,62.1,30, , 
2023292N11063,2023,TEJ,2023-10-20 03:00:00,9.3,61.8,30,25,25
2023292N11063,2023,TEJ,2023-10-20 06:00:00,9.3,61.6,30,25,25
2023292N11063,2023,TEJ,2023-10-20 09:00:00,9.3,61.3,33, ,28
2023292N11063,2023,TEJ,2023-10-20 12:00:00,9.4,61.1,35,30,30
2023292N11063,2023,TEJ,2023-10-20 15:00:00,9.5,60.7,38, ,30
2023292N11063,2023,TEJ,2023-10-20 18:00:00,9.6,60.3,40,30,30
2023292N11063,2023,TEJ,2023-10-20 21:00:00,9.7,59.7,45, ,33
2023292N11063,2023,TEJ,2023-10-21 00:00:00,9.9,59.2,50,35,35
2023292N11063,2023,TEJ,2023-10-21 03:00:00,10.1,58.7,53,45,45
2023292N11063,2023,TEJ,2023-10-21 06:00:00,10.3,58.3,55,50,50
2023292N11063,2023,TEJ,2023-10-21 09:00:00,10.3,57.8,63,50,50
2023292N11063,2023,TEJ,2023-10-21 12:00:00,10.7,57.4,70,55,55
2023292N11063,2023,TEJ,2023-10-21 15:00:00,11.1,57.0,88,65,65
2023292N11063,2023,TEJ,2023-10-21 18:00:00,11.4,56.6,105,75,75
2023292N11063,2023,TEJ,2023-10-21 21:00:00,11.7,56.1,105,80,80
2023292N11063,2023,TEJ,2023-10-22 00:00:00,12.1,55.9,105,85,85
2023292N11063,2023,TEJ,2023-10-22 03:00:00,12.4,55.4,103,95,95
2023292N11063,2023,TEJ,2023-10-22 06:00:00,12.7,55.1,100,95,95
2023292N11063,2023,TEJ,2023-10-22 09:00:00,13.0,54.7,100,95,95
2023292N11063,2023,TEJ,2023-10-22 12:00:00,13.4,54.4,100,95,95
2023292N11063,2023,TEJ,2023-10-22 15:00:00,13.6,54.1,103,95,95
2023292N11063,2023,TEJ,2023-10-22 18:00:00,13.9,53.9,105,95,95
2023292N11063,2023,TEJ,2023-10-22 21:00:00,14.1,53.5,95,95,95
2023292N11063,2023,TEJ,2023-10-23 00:00:00,14.3,53.4,85,90,90
2023292N11063,2023,TEJ,2023-10-23 03:00:00,14.6,53.1,83,85,85
2023292N11063,2023,TEJ,2023-10-23 06:00:00,14.9,52.9,80,80,80
2023292N11063,2023,TEJ,2023-10-23 09:00:00,15.1,52.7,75,80,80
2023292N11063,2023,TEJ,2023-10-23 12:00:00,15.4,52.7,70,75,75
2023292N11063,2023,TEJ,2023-10-23 15:00:00,15.6,52.5,68,70,70
2023292N11063,2023,TEJ,2023-10-23 18:00:00,15.8,52.3,65,70,70
2023292N11063,2023,TEJ,2023-10-23 21:00:00,15.8,52.3,55,65,65
2023292N11063,2023,TEJ,2023-10-24 00:00:00,15.9,52.3,45,60,60
2023292N11063,2023,TEJ,2023-10-24 03:00:00,15.8,51.9,38,50,50
2023292N11063,2023,TEJ,2023-10-24 06:00:00,15.9,51.6,30,40,40
2023292N11063,2023,TEJ,2023-10-24 09:00:00,16.1,51.4,25,30,30
2023292N11063,2023,TEJ,2023-10-24 12:00:00,16.4,51.3,20,25,25
2023293N12089,2023,HAMOON,2023-10-20 06:00:00,12.4,88.6,15, , 
2023293N12089,2023,HAMOON,2023-10-20 09:00:00,12.6,88.5,15, , 
2023293N12089,2023,HAMOON,2023-10-20 12:00:00,12.7,88.4,15, , 
2023293N12089,2023,HAMOON,2023-10-20 15:00:00,12.7,88.2,15, , 
2023293N12089,2023,HAMOON,2023-10-20 18:00:00,12.8,88.0,15, , 
2023293N12089,2023,HAMOON,2023-10-20 21:00:00,13.0,87.8,15, , 
2023293N12089,2023,HAMOON,2023-10-21 00:00:00,13.2,87.5,15, , 
2023293N12089,2023,HAMOON,2023-10-21 03:00:00,13.4,87.3,18, , 
2023293N12089,2023,HAMOON,2023-10-21 06:00:00,13.6,87.1,20, , 
2023293N12089,2023,HAMOON,2023-10-21 09:00:00,14.1,86.5,23, , 
2023293N12089,2023,HAMOON,2023-10-21 12:00:00,14.6,86.0,25, , 
2023293N12089,2023,HAMOON,2023-10-21 15:00:00,15.0,85.8,25, , 
2023293N12089,2023,HAMOON,2023-10-21 18:00:00,15.1,86.0,25,25,25
2023293N12089,2023,HAMOON,2023-10-21 21:00:00,15.2,86.1,28,25,25
2023293N12089,2023,HAMOON,2023-10-22 00:00:00,15.2,86.2,30,25,25
2023293N12089,2023,HAMOON,2023-10-22 03:00:00,15.3,86.2,30,25,25
2023293N12089,2023,HAMOON,2023-10-22 06:00:00,15.5,86.3,30,25,25
2023293N12089,2023,HAMOON,2023-10-22 09:00:00,15.7,86.4,30,25,25
2023293N12089,2023,HAMOON,2023-10-22 12:00:00,15.9,86.6,30,30,30
2023293N12089,2023,HAMOON,2023-10-22 15:00:00,16.2,86.7,30,30,30
2023293N12089,2023,HAMOON,2023-10-22 18:00:00,16.2,86.8,30,30,30
2023293N12089,2023,HAMOON,2023-10-22 21:00:00,16.4,86.8,30,30,30
2023293N12089,2023,HAMOON,2023-10-23 00:00:00,16.8,86.9,30,30,30
2023293N12089,2023,HAMOON,2023-10-23 03:00:00,17.1,86.9,38,30,30
2023293N12089,2023,HAMOON,2023-10-23 06:00:00,17.5,87.0,45,30,30
2023293N12089,2023,HAMOON,2023-10-23 09:00:00,17.9,87.2,45,30,30
2023293N12089,2023,HAMOON,2023-10-23 12:00:00,18.4,87.4,45,35,35
2023293N12089,2023,HAMOON,2023-10-23 15:00:00,18.8,87.8,50,40,40
2023293N12089,2023,HAMOON,2023-10-23 18:00:00,19.2,88.2,55,40,40
2023293N12089,2023,HAMOON,2023-10-23 21:00:00,19.4,88.6,65,50,50
2023293N12089,2023,HAMOON,2023-10-24 00:00:00,19.7,89.0,75,55,55
2023293N12089,2023,HAMOON,2023-10-24 03:00:00,20.0,89.6,75,65,65
2023293N12089,2023,HAMOON,2023-10-24 06:00:00,20.3,90.2,75,65,65
2023293N12089,2023,HAMOON,2023-10-24 09:00:00,20.7,90.8,83,65,65
2023293N12089,2023,HAMOON,2023-10-24 12:00:00,21.0,91.2,90,55,55
2023293N12089,2023,HAMOON,2023-10-24 15:00:00,20.9,91.0,75,55,55
2023293N12089,2023,HAMOON,2023-10-24 18:00:00,20.9,90.8,60,50,50
2023293N12089,2023,HAMOON,2023-10-24 21:00:00,21.5,91.5,48,45,45
2023293N12089,2023,HAMOON,2023-10-25 00:00:00,22.2,92.2,35,35,35
2023293N12089,2023,HAMOON,2023-10-25 03:00:00,22.5,92.4,30,30,30
2023293N12089,2023,HAMOON,2023-10-25 06:00:00,22.7,92.5,25,25,25
2023317N10094,2023,MIDHILI,2023-11-13 06:00:00,9.9,94.1,15, , 
2023317N10094,2023,MIDHILI,2023-11-13 09:00:00,10.4,93.9,18, , 
2023317N10094,2023,MIDHILI,2023-11-13 12:00:00,10.9,93.4,20, , 
2023317N10094,2023,MIDHILI,2023-11-13 15:00:00,11.4,92.6,20, , 
2023317N10094,2023,MIDHILI,2023-11-13 18:00:00,11.8,91.7,20, , 
2023317N10094,2023,MIDHILI,2023-11-13 21:00:00,12.1,91.1,20, , 
2023317N10094,2023,MIDHILI,2023-11-14 00:00:00,12.4,90.6,20, , 
2023317N10094,2023,MIDHILI,2023-11-14 03:00:00,12.7,90.0,20, , 
2023317N10094,2023,MIDHILI,2023-11-14 06:00:00,12.9,89.4,20, , 
2023317N10094,2023,MIDHILI,2023-11-14 09:00:00,13.2,88.6,20, , 
2023317N10094,2023,MIDHILI,2023-11-14 12:00:00,13.4,87.9,20, , 
2023317N10094,2023,MIDHILI,2023-11-14 15:00:00,13.5,87.4,20, , 
2023317N10094,2023,MIDHILI,2023-11-14 18:00:00,13.6,87.1,20, , 
2023317N10094,2023,MIDHILI,2023-11-14 21:00:00,13.6,86.7,20, , 
2023317N10094,2023,MIDHILI,2023-11-15 00:00:00,13.8,86.5,20, , 
2023317N10094,2023,MIDHILI,2023-11-15 03:00:00,14.3,86.6,20,25,25
2023317N10094,2023,MIDHILI,2023-11-15 06:00:00,14.8,86.7,20,25,25
2023317N10094,2023,MIDHILI,2023-11-15 09:00:00,15.1,86.7,20, ,25
2023317N10094,2023,MIDHILI,2023-11-15 12:00:00,15.4,86.7,20,25,25
2023317N10094,2023,MIDHILI,2023-11-15 15:00:00,15.7,86.6,23, ,25
2023317N10094,2023,MIDHILI,2023-11-15 18:00:00,16.1,86.7,25,25,25
2023317N10094,2023,MIDHILI,2023-11-15 21:00:00,16.6,86.8,28, ,28
2023317N10094,2023,MIDHILI,2023-11-16 00:00:00,17.2,87.0,30,30,30
2023317N10094,2023,MIDHILI,2023-11-16 03:00:00,17.5,87.1,28,30,30
2023317N10094,2023,MIDHILI,2023-11-16 06:00:00,17.9,87.3,25,30,30
2023317N10094,2023,MIDHILI,2023-11-16 09:00:00,18.3,87.5,28, ,30
2023317N10094,2023,MIDHILI,2023-11-16 12:00:00,18.6,87.6,30,30,30
2023317N10094,2023,MIDHILI,2023-11-16 15:00:00,18.8,87.9,30, ,30
2023317N10094,2023,MIDHILI,2023-11-16 18:00:00,19.2,88.1,30,30,30
2023317N10094,2023,MIDHILI,2023-11-16 21:00:00,19.6,88.3,33, ,33
2023317N10094,2023,MIDHILI,2023-11-17 00:00:00,20.2,88.7,35,35,35
2023317N10094,2023,MIDHILI,2023-11-17 03:00:00,20.8,89.2,38,40,40
2023317N10094,2023,MIDHILI,2023-11-17 06:00:00,21.4,89.7,40,45,45
2023317N10094,2023,MIDHILI,2023-11-17 09:00:00,22.1,90.3,35,50,50
2023317N10094,2023,MIDHILI,2023-11-17 12:00:00,23.0,91.0,30,40,40
2023317N10094,2023,MIDHILI,2023-11-17 15:00:00,23.3,91.2,30,35,35
2023317N10094,2023,MIDHILI,2023-11-17 18:00:00,23.4,91.4,30,30,30
2023317N10094,2023,MIDHILI,2023-11-17 21:00:00,23.5,91.5, , ,25
2023317N10094,2023,MIDHILI,2023-11-18 00:00:00,23.7,91.7, ,20,20
2023334N08088,2023,MICHAUNG,2023-11-30 06:00:00,7.5,88.0,15, , 
2023334N08088,2023,MICHAUNG,2023-11-30 09:00:00,7.9,87.6,15, , 
2023334N08088,2023,MICHAUNG,2023-11-30 12:00:00,8.2,87.2,15, , 
2023334N08088,2023,MICHAUNG,2023-11-30 15:00:00,8.3,86.8,15, , 
2023334N08088,2023,MICHAUNG,2023-11-30 18:00:00,8.4,86.4,15, , 
2023334N08088,2023,MICHAUNG,2023-11-30 21:00:00,8.5,86.0,15, , 
2023334N08088,2023,MICHAUNG,2023-12-01 00:00:00,8.8,85.8,15,20,20
2023334N08088,2023,MICHAUNG,2023-12-01 03:00:00,9.0,85.6,15,20,20
2023334N08088,2023,MICHAUNG,2023-12-01 06:00:00,9.2,85.4,15,25,25
2023334N08088,2023,MICHAUNG,2023-12-01 09:00:00,9.5,85.3,18, ,25
2023334N08088,2023,MICHAUNG,2023-12-01 12:00:00,9.7,85.1,20,25,25
2023334N08088,2023,MICHAUNG,2023-12-01 15:00:00,9.8,85.0,23, ,25
2023334N08088,2023,MICHAUNG,2023-12-01 18:00:00,9.9,84.8,25,25,25
2023334N08088,2023,MICHAUNG,2023-12-01 21:00:00,9.9,84.5,25, ,28
2023334N08088,2023,MICHAUNG,2023-12-02 00:00:00,10.1,84.1,25,30,30
2023334N08088,2023,MICHAUNG,2023-12-02 03:00:00,10.2,83.8,25,30,30
2023334N08088,2023,MICHAUNG,2023-12-02 06:00:00,10.3,83.6,25,30,30
2023334N08088,2023,MICHAUNG,2023-12-02 09:00:00,10.4,83.5,28, ,30
2023334N08088,2023,MICHAUNG,2023-12-02 12:00:00,10.5,83.5,30,30,30
2023334N08088,2023,MICHAUNG,2023-12-02 15:00:00,10.7,83.3,30, ,30
2023334N08088,2023,MICHAUNG,2023-12-02 18:00:00,10.8,83.1,30,30,30
2023334N08088,2023,MICHAUNG,2023-12-02 21:00:00,11.0,83.0,33, ,33
2023334N08088,2023,MICHAUNG,2023-12-03 00:00:00,11.3,82.9,35,35,35
2023334N08088,2023,MICHAUNG,2023-12-03 03:00:00,11.5,82.7,35,35,35
2023334N08088,2023,MICHAUNG,2023-12-03 06:00:00,11.9,82.5,35,35,35
2023334N08088,2023,MICHAUNG,2023-12-03 09:00:00,12.1,82.4,38,35,35
2023334N08088,2023,MICHAUNG,2023-12-03 12:00:00,12.3,82.3,40,35,35
2023334N08088,2023,MICHAUNG,2023-12-03 15:00:00,12.5,82.1,45,40,40
2023334N08088,2023,MICHAUNG,2023-12-03 18:00:00,12.8,81.8,50,45,45
2023334N08088,2023,MICHAUNG,2023-12-03 21:00:00,12.9,81.6,53,45,45
2023334N08088,2023,MICHAUNG,2023-12-04 00:00:00,13.1,81.4,55,45,45
2023334N08088,2023,MICHAUNG,2023-12-04 03:00:00,13.3,81.1,55,50,50
2023334N08088,2023,MICHAUNG,2023-12-04 06:00:00,13.5,80.9,55,50,50
2023334N08088,2023,MICHAUNG,2023-12-04 09:00:00,13.7,80.7,58,50,50
2023334N08088,2023,MICHAUNG,2023-12-04 12:00:00,14.0,80.6,60,55,55
2023334N08088,2023,MICHAUNG,2023-12-04 15:00:00,14.2,80.4,63,55,55
2023334N08088,2023,MICHAUNG,2023-12-04 18:00:00,14.4,80.3,65,55,55
2023334N08088,2023,MICHAUNG,2023-12-04 21:00:00,14.6,80.2,63,55,55
2023334N08088,2023,MICHAUNG,2023-12-05 00:00:00,14.9,80.1,60,50,50
2023334N08088,2023,MICHAUNG,2023-12-05 03:00:00,15.2,80.1,58,50,50
2023334N08088,2023,MICHAUNG,2023-12-05 06:00:00,15.6,80.2,55,50,50
2023334N08088,2023,MICHAUNG,2023-12-05 09:00:00,15.8,80.2,50,50,50
2023334N08088,2023,MICHAUNG,2023-12-05 12:00:00,16.0,80.2,45,40,40
2023334N08088,2023,MICHAUNG,2023-12-05 15:00:00,16.4,80.3,40,35,35
2023334N08088,2023,MICHAUNG,2023-12-05 18:00:00,16.9,80.4,35,30,30
2023334N08088,2023,MICHAUNG,2023-12-05 21:00:00,17.1,80.5,33, ,25
2023334N08088,2023,MICHAUNG,2023-12-06 00:00:00,17.3,80.6,30,20,20
2023334N08088,2023,MICHAUNG,2023-12-06 03:00:00,17.7,80.8,28, , 
2023334N08088,2023,MICHAUNG,2023-12-06 06:00:00,18.3,81.1,25, , 
